session_id,cycle_no,time_seconds,percent,angle
91,2,0.0,0.0,7.79
91,2,0.010998,1.0,7.760667
91,2,0.021996,2.0,7.731333
91,2,0.032994,3.0,7.702
91,2,0.043992,4.0,7.672667
91,2,0.05499,5.0,7.643333
91,2,0.065987,6.0,7.614
91,2,0.076985,7.0,7.584667
91,2,0.087983,8.0,7.706415
91,2,0.098981,9.0,7.979245
91,2,0.109979,10.0,8.252075
91,2,0.120977,11.0,8.524906
91,2,0.131975,12.0,8.797736
91,2,0.142973,13.0,9.070566
91,2,0.153971,14.0,9.343396
91,2,0.164969,15.0,9.616226
91,2,0.175967,16.0,9.889057
91,2,0.186964,17.0,10.340769
91,2,0.197962,18.0,10.881923
91,2,0.20896,19.0,11.423077
91,2,0.219958,20.0,11.964231
91,2,0.230956,21.0,12.505385
91,2,0.241954,22.0,13.046538
91,2,0.252952,23.0,13.587692
91,2,0.26395,24.0,14.128846
91,2,0.274948,25.0,14.67
91,2,0.285946,26.0,16.203333
91,2,0.296944,27.0,17.736667
91,2,0.307941,28.0,19.27
91,2,0.318939,29.0,20.803333
91,2,0.329937,30.0,22.336667
91,2,0.340935,31.0,23.87
91,2,0.351933,32.0,25.403333
91,2,0.362931,33.0,27.2405
91,2,0.373929,34.0,29.3815
91,2,0.384927,35.0,31.5225
91,2,0.395925,36.0,33.6635
91,2,0.406923,37.0,35.8045
91,2,0.417921,38.0,37.9455
91,2,0.428918,39.0,40.0865
91,2,0.439916,40.0,42.2275
91,2,0.450914,41.0,44.3685
91,2,0.461912,42.0,46.5095
91,2,0.47291,43.0,48.545333
91,2,0.483908,44.0,50.476
91,2,0.494906,45.0,52.406667
91,2,0.505904,46.0,54.337333
91,2,0.516902,47.0,56.268
91,2,0.5279,48.0,58.198667
91,2,0.538898,49.0,60.129333
91,2,0.549895,50.0,62.06
91,2,0.560893,51.0,60.224
91,2,0.571891,52.0,58.388
91,2,0.582889,53.0,56.552
91,2,0.593887,54.0,54.716
91,2,0.604885,55.0,52.88
91,2,0.615883,56.0,51.044
91,2,0.626881,57.0,49.208
91,2,0.637879,58.0,47.288857
91,2,0.648877,59.0,45.286571
91,2,0.659875,60.0,43.284286
91,2,0.670873,61.0,41.282
91,2,0.68187,62.0,39.279714
91,2,0.692868,63.0,37.277429
91,2,0.703866,64.0,35.275143
91,2,0.714864,65.0,33.272857
91,2,0.725862,66.0,31.270571
91,2,0.73686,67.0,29.336857
91,2,0.747858,68.0,27.426
91,2,0.758856,69.0,25.515143
91,2,0.769854,70.0,23.604286
91,2,0.780852,71.0,21.693429
91,2,0.79185,72.0,19.782571
91,2,0.802847,73.0,17.871714
91,2,0.813845,74.0,15.960857
91,2,0.824843,75.0,14.05
91,2,0.835841,76.0,13.444286
91,2,0.846839,77.0,12.838571
91,2,0.857837,78.0,12.232857
91,2,0.868835,79.0,11.627143
91,2,0.879833,80.0,11.021429
91,2,0.890831,81.0,10.415714
91,2,0.901829,82.0,9.81
91,2,0.912827,83.0,9.204286
91,2,0.923824,84.0,8.719717
91,2,0.934822,85.0,8.598585
91,2,0.94582,86.0,8.477453
91,2,0.956818,87.0,8.356321
91,2,0.967816,88.0,8.235189
91,2,0.978814,89.0,8.114057
91,2,0.989812,90.0,7.992925
91,2,1.00081,91.0,7.871792
91,2,1.011808,92.0,7.75066
91,2,1.022806,93.0,7.564831
91,2,1.033804,94.0,7.288427
91,2,1.044801,95.0,7.012022
91,2,1.055799,96.0,6.735618
91,2,1.066797,97.0,6.459213
91,2,1.077795,98.0,6.182809
91,2,1.088793,99.0,5.906404
91,2,1.099791,100.0,5.63
91,3,0.0,0.0,5.63
91,3,0.010998,1.0,5.653669
91,3,0.021996,2.0,5.677338
91,3,0.032994,3.0,5.701007
91,3,0.043992,4.0,5.724676
91,3,0.05499,5.0,5.748346
91,3,0.065987,6.0,5.772015
91,3,0.076985,7.0,5.795684
91,3,0.087983,8.0,5.819353
91,3,0.098981,9.0,5.843022
91,3,0.109979,10.0,5.866691
91,3,0.120977,11.0,5.890361
91,3,0.131975,12.0,5.914029
91,3,0.142973,13.0,6.626626
91,3,0.153971,14.0,7.571613
91,3,0.164969,15.0,8.516622
91,3,0.175967,16.0,9.46163
91,3,0.186964,17.0,10.406617
91,3,0.197962,18.0,11.351626
91,3,0.20896,19.0,12.297292
91,3,0.219958,20.0,13.250667
91,3,0.230956,21.0,14.204042
91,3,0.241954,22.0,15.157396
91,3,0.252952,23.0,16.110771
91,3,0.26395,24.0,17.064125
91,3,0.274948,25.0,18.0175
91,3,0.285946,26.0,18.970875
91,3,0.296944,27.0,19.924229
91,3,0.307941,28.0,21.575102
91,3,0.318939,29.0,23.245315
91,3,0.329937,30.0,24.915566
91,3,0.340935,31.0,26.585817
91,3,0.351933,32.0,28.25603
91,3,0.362931,33.0,29.926281
91,3,0.373929,34.0,31.596495
91,3,0.384927,35.0,33.266745
91,3,0.395925,36.0,34.936996
91,3,0.406923,37.0,36.98596
91,3,0.417921,38.0,39.550723
91,3,0.428918,39.0,42.115429
91,3,0.439916,40.0,44.680192
91,3,0.450914,41.0,47.244955
91,3,0.461912,42.0,49.809662
91,3,0.47291,43.0,52.374425
91,3,0.483908,44.0,54.939131
91,3,0.494906,45.0,57.503894
91,3,0.505904,46.0,59.951737
91,3,0.516902,47.0,60.353798
91,3,0.5279,48.0,60.755868
91,3,0.538898,49.0,61.15793
91,3,0.549895,50.0,61.56
91,3,0.560893,51.0,61.96207
91,3,0.571891,52.0,62.364132
91,3,0.582889,53.0,62.766202
91,3,0.593887,54.0,63.168263
91,3,0.604885,55.0,61.429
91,3,0.615883,56.0,59.567355
91,3,0.626881,57.0,57.705751
91,3,0.637879,58.0,55.844106
91,3,0.648877,59.0,53.982502
91,3,0.659875,60.0,52.120857
91,3,0.670873,61.0,50.259212
91,3,0.68187,62.0,48.397608
91,3,0.692868,63.0,46.535963
91,3,0.703866,64.0,44.306137
91,3,0.714864,65.0,41.687571
91,3,0.725862,66.0,39.069006
91,3,0.73686,67.0,36.450497
91,3,0.747858,68.0,33.831931
91,3,0.758856,69.0,31.213423
91,3,0.769854,70.0,28.594857
91,3,0.780852,71.0,25.976291
91,3,0.79185,72.0,23.357783
91,3,0.802847,73.0,20.772908
91,3,0.813845,74.0,19.400755
91,3,0.824843,75.0,18.028571
91,3,0.835841,76.0,16.656388
91,3,0.846839,77.0,15.284235
91,3,0.857837,78.0,13.912051
91,3,0.868835,79.0,12.539898
91,3,0.879833,80.0,11.167714
91,3,0.890831,81.0,9.795531
91,3,0.901829,82.0,8.423377
91,3,0.912827,83.0,7.8111
91,3,0.923824,84.0,7.7778
91,3,0.934822,85.0,7.7445
91,3,0.94582,86.0,7.7112
91,3,0.956818,87.0,7.6779
91,3,0.967816,88.0,7.6446
91,3,0.978814,89.0,7.6113
91,3,0.989812,90.0,7.578
91,3,1.00081,91.0,7.504628
91,3,1.011808,92.0,7.384115
91,3,1.022806,93.0,7.263599
91,3,1.033804,94.0,7.143087
91,3,1.044801,95.0,7.022571
91,3,1.055799,96.0,6.902056
91,3,1.066797,97.0,6.781543
91,3,1.077795,98.0,6.661028
91,3,1.088793,99.0,6.540515
91,3,1.099791,100.0,6.42
91,4,0.0,0.0,6.42
91,4,0.010998,1.0,6.550156
91,4,0.021996,2.0,6.680314
91,4,0.032994,3.0,6.81047
91,4,0.043992,4.0,6.940625
91,4,0.05499,5.0,7.070783
91,4,0.065987,6.0,7.200939
91,4,0.076985,7.0,7.331097
91,4,0.087983,8.0,7.55174
91,4,0.098981,9.0,8.058732
91,4,0.109979,10.0,8.565734
91,4,0.120977,11.0,9.072727
91,4,0.131975,12.0,9.57972
91,4,0.142973,13.0,10.086722
91,4,0.153971,14.0,10.593715
91,4,0.164969,15.0,11.100708
91,4,0.175967,16.0,11.875888
91,4,0.186964,17.0,12.810834
91,4,0.197962,18.0,13.745779
91,4,0.20896,19.0,14.68074
91,4,0.219958,20.0,15.615686
91,4,0.230956,21.0,16.550647
91,4,0.241954,22.0,17.517088
91,4,0.252952,23.0,19.279367
91,4,0.26395,24.0,21.041677
91,4,0.274948,25.0,22.803956
91,4,0.285946,26.0,24.566235
91,4,0.296944,27.0,26.328545
91,4,0.307941,28.0,28.090824
91,4,0.318939,29.0,30.291617
91,4,0.329937,30.0,33.219357
91,4,0.340935,31.0,36.147044
91,4,0.351933,32.0,39.074783
91,4,0.362931,33.0,42.00247
91,4,0.373929,34.0,44.930157
91,4,0.384927,35.0,47.857896
91,4,0.395925,36.0,50.785583
91,4,0.406923,37.0,52.620237
91,4,0.417921,38.0,54.115049
91,4,0.428918,39.0,55.609833
91,4,0.439916,40.0,57.104618
91,4,0.450914,41.0,58.599429
91,4,0.461912,42.0,60.094214
91,4,0.47291,43.0,61.588999
91,4,0.483908,44.0,62.873821
91,4,0.494906,45.0,61.610605
91,4,0.505904,46.0,60.347365
91,4,0.516902,47.0,59.084149
91,4,0.5279,48.0,57.820932
91,4,0.538898,49.0,56.557693
91,4,0.549895,50.0,55.294476
91,4,0.560893,51.0,54.03126
91,4,0.571891,52.0,51.982677
91,4,0.582889,53.0,48.702997
91,4,0.593887,54.0,45.423317
91,4,0.604885,55.0,42.143579
91,4,0.615883,56.0,38.863899
91,4,0.626881,57.0,35.58416
91,4,0.637879,58.0,32.304481
91,4,0.648877,59.0,29.024801
91,4,0.659875,60.0,26.791016
91,4,0.670873,61.0,24.999616
91,4,0.68187,62.0,23.208216
91,4,0.692868,63.0,21.416784
91,4,0.703866,64.0,19.625384
91,4,0.714864,65.0,17.833984
91,4,0.725862,66.0,16.042552
91,4,0.73686,67.0,14.265726
91,4,0.747858,68.0,13.37935
91,4,0.758856,69.0,12.492957
91,4,0.769854,70.0,11.606581
91,4,0.780852,71.0,10.720189
91,4,0.79185,72.0,9.833812
91,4,0.802847,73.0,8.947436
91,4,0.813845,74.0,8.061043
91,4,0.824843,75.0,7.174667
91,4,0.835841,76.0,6.28829
91,4,0.846839,77.0,5.588859
91,4,0.857837,78.0,6.105659
91,4,0.868835,79.0,6.622459
91,4,0.879833,80.0,7.139269
91,4,0.890831,81.0,7.656069
91,4,0.901829,82.0,7.613689
91,4,0.912827,83.0,7.375707
91,4,0.923824,84.0,7.137726
91,4,0.934822,85.0,6.89974
91,4,0.94582,86.0,6.661759
91,4,0.956818,87.0,6.423778
91,4,0.967816,88.0,6.185792
91,4,0.978814,89.0,5.947811
91,4,0.989812,90.0,5.70983
91,4,1.00081,91.0,5.471844
91,4,1.011808,92.0,5.233863
91,4,1.022806,93.0,4.995882
91,4,1.033804,94.0,4.757896
91,4,1.044801,95.0,4.519915
91,4,1.055799,96.0,4.281929
91,4,1.066797,97.0,4.043948
91,4,1.077795,98.0,3.805967
91,4,1.088793,99.0,3.567981
91,4,1.099791,100.0,3.33
91,6,0.0,0.0,3.36
91,6,0.010998,1.0,3.530844
91,6,0.021996,2.0,3.701684
91,6,0.032994,3.0,3.872529
91,6,0.043992,4.0,4.043369
91,6,0.05499,5.0,4.214213
91,6,0.065987,6.0,4.385053
91,6,0.076985,7.0,4.555897
91,6,0.087983,8.0,4.726738
91,6,0.098981,9.0,4.897582
91,6,0.109979,10.0,5.104262
91,6,0.120977,11.0,5.353165
91,6,0.131975,12.0,5.602075
91,6,0.142973,13.0,5.850978
91,6,0.153971,14.0,6.099887
91,6,0.164969,15.0,6.348791
91,6,0.175967,16.0,6.5977
91,6,0.186964,17.0,6.846609
91,6,0.197962,18.0,7.095513
91,6,0.20896,19.0,7.38589
91,6,0.219958,20.0,8.057419
91,6,0.230956,21.0,8.728964
91,6,0.241954,22.0,9.400493
91,6,0.252952,23.0,10.072037
91,6,0.26395,24.0,10.743567
91,6,0.274948,25.0,11.415111
91,6,0.285946,26.0,12.086655
91,6,0.296944,27.0,12.758185
91,6,0.307941,28.0,14.122013
91,6,0.318939,29.0,15.487688
91,6,0.329937,30.0,16.853393
91,6,0.340935,31.0,18.219067
91,6,0.351933,32.0,19.584772
91,6,0.362931,33.0,20.950447
91,6,0.373929,34.0,22.316152
91,6,0.384927,35.0,23.681856
91,6,0.395925,36.0,25.047531
91,6,0.406923,37.0,27.006329
91,6,0.417921,38.0,29.671628
91,6,0.428918,39.0,32.336985
91,6,0.439916,40.0,35.002284
91,6,0.450914,41.0,37.667642
91,6,0.461912,42.0,40.332999
91,6,0.47291,43.0,42.998298
91,6,0.483908,44.0,45.663656
91,6,0.494906,45.0,48.328955
91,6,0.505904,46.0,50.901533
91,6,0.516902,47.0,52.594464
91,6,0.5279,48.0,54.287433
91,6,0.538898,49.0,55.980365
91,6,0.549895,50.0,57.673333
91,6,0.560893,51.0,59.366302
91,6,0.571891,52.0,61.059234
91,6,0.582889,53.0,62.752202
91,6,0.593887,54.0,64.445134
91,6,0.604885,55.0,66.138103
91,6,0.615883,56.0,66.072642
91,6,0.626881,57.0,65.037096
91,6,0.637879,58.0,64.001573
91,6,0.648877,59.0,62.966027
91,6,0.659875,60.0,61.930481
91,6,0.670873,61.0,60.894958
91,6,0.68187,62.0,59.859412
91,6,0.692868,63.0,58.823889
91,6,0.703866,64.0,57.788344
91,6,0.714864,65.0,56.49267
91,6,0.725862,66.0,52.943608
91,6,0.73686,67.0,49.394546
91,6,0.747858,68.0,45.845562
91,6,0.758856,69.0,42.2965
91,6,0.769854,70.0,38.747516
91,6,0.780852,71.0,35.198454
91,6,0.79185,72.0,31.649469
91,6,0.802847,73.0,28.104494
91,6,0.813845,74.0,26.067269
91,6,0.824843,75.0,24.03
91,6,0.835841,76.0,21.992731
91,6,0.846839,77.0,19.955506
91,6,0.857837,78.0,17.918237
91,6,0.868835,79.0,15.881013
91,6,0.879833,80.0,13.843744
91,6,0.890831,81.0,11.806519
91,6,0.901829,82.0,11.640967
91,6,0.912827,83.0,11.49072
91,6,0.923824,84.0,11.340469
91,6,0.934822,85.0,11.190218
91,6,0.94582,86.0,11.03997
91,6,0.956818,87.0,10.889719
91,6,0.967816,88.0,10.739471
91,6,0.978814,89.0,10.58922
91,6,0.989812,90.0,10.438973
91,6,1.00081,91.0,10.378505
91,6,1.011808,92.0,10.394227
91,6,1.022806,93.0,10.409948
91,6,1.033804,94.0,10.42567
91,6,1.044801,95.0,10.441391
91,6,1.055799,96.0,10.457113
91,6,1.066797,97.0,10.472835
91,6,1.077795,98.0,10.488557
91,6,1.088793,99.0,10.504278
91,6,1.099791,100.0,10.52
91,7,0.0,0.0,10.52
91,7,0.010998,1.0,10.349952
91,7,0.021996,2.0,10.179908
91,7,0.032994,3.0,10.00986
91,7,0.043992,4.0,9.839812
91,7,0.05499,5.0,9.669767
91,7,0.065987,6.0,9.499719
91,7,0.076985,7.0,9.329675
91,7,0.087983,8.0,9.159627
91,7,0.098981,9.0,8.989579
91,7,0.109979,10.0,8.91899
91,7,0.120977,11.0,8.93589
91,7,0.131975,12.0,8.952789
91,7,0.142973,13.0,8.969688
91,7,0.153971,14.0,8.986587
91,7,0.164969,15.0,9.003486
91,7,0.175967,16.0,9.020385
91,7,0.186964,17.0,9.037284
91,7,0.197962,18.0,9.054183
91,7,0.20896,19.0,9.131648
91,7,0.219958,20.0,10.094638
91,7,0.230956,21.0,11.057606
91,7,0.241954,22.0,12.020595
91,7,0.252952,23.0,12.983584
91,7,0.26395,24.0,13.946552
91,7,0.274948,25.0,14.591101
91,7,0.285946,26.0,15.066981
91,7,0.296944,27.0,15.542852
91,7,0.307941,28.0,16.018732
91,7,0.318939,29.0,16.494613
91,7,0.329937,30.0,16.970483
91,7,0.340935,31.0,17.446364
91,7,0.351933,32.0,17.922234
91,7,0.362931,33.0,18.398114
91,7,0.373929,34.0,18.873995
91,7,0.384927,35.0,19.349865
91,7,0.395925,36.0,19.825746
91,7,0.406923,37.0,21.334599
91,7,0.417921,38.0,23.620163
91,7,0.428918,39.0,25.905777
91,7,0.439916,40.0,28.191392
91,7,0.450914,41.0,30.476956
91,7,0.461912,42.0,32.76257
91,7,0.47291,43.0,35.048184
91,7,0.483908,44.0,37.333748
91,7,0.494906,45.0,39.619362
91,7,0.505904,46.0,41.933303
91,7,0.516902,47.0,44.494991
91,7,0.5279,48.0,47.05668
91,7,0.538898,49.0,49.618312
91,7,0.549895,50.0,52.18
91,7,0.560893,51.0,54.741688
91,7,0.571891,52.0,57.30332
91,7,0.582889,53.0,59.865009
91,7,0.593887,54.0,62.426697
91,7,0.604885,55.0,62.120748
91,7,0.615883,56.0,61.486267
91,7,0.626881,57.0,60.8518
91,7,0.637879,58.0,60.217319
91,7,0.648877,59.0,59.582838
91,7,0.659875,60.0,58.948371
91,7,0.670873,61.0,58.31389
91,7,0.68187,62.0,57.679409
91,7,0.692868,63.0,57.044942
91,7,0.703866,64.0,55.280798
91,7,0.714864,65.0,52.471309
91,7,0.725862,66.0,49.661882
91,7,0.73686,67.0,46.852393
91,7,0.747858,68.0,44.042904
91,7,0.758856,69.0,41.233477
91,7,0.769854,70.0,38.423988
91,7,0.780852,71.0,35.614561
91,7,0.79185,72.0,32.805072
91,7,0.802847,73.0,30.050349
91,7,0.813845,74.0,28.306314
91,7,0.824843,75.0,26.562241
91,7,0.835841,76.0,24.818167
91,7,0.846839,77.0,23.074132
91,7,0.857837,78.0,21.330059
91,7,0.868835,79.0,19.585986
91,7,0.879833,80.0,17.841951
91,7,0.890831,81.0,16.097878
91,7,0.901829,82.0,14.353843
91,7,0.912827,83.0,13.402798
91,7,0.923824,84.0,13.266548
91,7,0.934822,85.0,13.130301
91,7,0.94582,86.0,12.994052
91,7,0.956818,87.0,12.857802
91,7,0.967816,88.0,12.721555
91,7,0.978814,89.0,12.585306
91,7,0.989812,90.0,12.449056
91,7,1.00081,91.0,12.312809
91,7,1.011808,92.0,12.182234
91,7,1.022806,93.0,12.270705
91,7,1.033804,94.0,12.359175
91,7,1.044801,95.0,12.447646
91,7,1.055799,96.0,12.536116
91,7,1.066797,97.0,12.624587
91,7,1.077795,98.0,12.713059
91,7,1.088793,99.0,12.801529
91,7,1.099791,100.0,12.89
91,8,0.0,0.0,12.89
91,8,0.010998,1.0,12.365356
91,8,0.021996,2.0,11.840724
91,8,0.032994,3.0,11.31608
91,8,0.043992,4.0,10.791447
91,8,0.05499,5.0,10.266803
91,8,0.065987,6.0,9.742171
91,8,0.076985,7.0,9.217527
91,8,0.087983,8.0,8.692894
91,8,0.098981,9.0,8.855487
91,8,0.109979,10.0,9.095134
91,8,0.120977,11.0,9.334777
91,8,0.131975,12.0,9.574425
91,8,0.142973,13.0,9.814067
91,8,0.153971,14.0,10.053715
91,8,0.164969,15.0,10.293357
91,8,0.175967,16.0,10.533005
91,8,0.186964,17.0,10.772653
91,8,0.197962,18.0,11.012295
91,8,0.20896,19.0,11.256006
91,8,0.219958,20.0,11.996663
91,8,0.230956,21.0,12.737337
91,8,0.241954,22.0,13.477995
91,8,0.252952,23.0,14.218669
91,8,0.26395,24.0,14.959326
91,8,0.274948,25.0,15.7
91,8,0.285946,26.0,16.440674
91,8,0.296944,27.0,17.181331
91,8,0.307941,28.0,18.252034
91,8,0.318939,29.0,19.356437
91,8,0.329937,30.0,20.460864
91,8,0.340935,31.0,21.565267
91,8,0.351933,32.0,22.669694
91,8,0.362931,33.0,23.774096
91,8,0.373929,34.0,24.878523
91,8,0.384927,35.0,25.98295
91,8,0.395925,36.0,27.087353
91,8,0.406923,37.0,28.19178
91,8,0.417921,38.0,29.296183
91,8,0.428918,39.0,30.40061
91,8,0.439916,40.0,33.533807
91,8,0.450914,41.0,37.321613
91,8,0.461912,42.0,41.109419
91,8,0.47291,43.0,44.897141
91,8,0.483908,44.0,48.684947
91,8,0.494906,45.0,52.47267
91,8,0.505904,46.0,56.242863
91,8,0.516902,47.0,56.772433
91,8,0.5279,48.0,57.302015
91,8,0.538898,49.0,57.831585
91,8,0.549895,50.0,58.361167
91,8,0.560893,51.0,58.890748
91,8,0.571891,52.0,58.764001
91,8,0.582889,53.0,58.208496
91,8,0.593887,54.0,57.653003
91,8,0.604885,55.0,57.097498
91,8,0.615883,56.0,56.542004
91,8,0.626881,57.0,55.986499
91,8,0.637879,58.0,55.431006
91,8,0.648877,59.0,54.8755
91,8,0.659875,60.0,54.319995
91,8,0.670873,61.0,53.764502
91,8,0.68187,62.0,53.208997
91,8,0.692868,63.0,52.653503
91,8,0.703866,64.0,52.097998
91,8,0.714864,65.0,51.272661
91,8,0.725862,66.0,48.109984
91,8,0.73686,67.0,44.947307
91,8,0.747858,68.0,41.784699
91,8,0.758856,69.0,38.622022
91,8,0.769854,70.0,35.459414
91,8,0.780852,71.0,32.296737
91,8,0.79185,72.0,29.134129
91,8,0.802847,73.0,25.975813
91,8,0.813845,74.0,24.426604
91,8,0.824843,75.0,22.877361
91,8,0.835841,76.0,21.328118
91,8,0.846839,77.0,19.77891
91,8,0.857837,78.0,18.229667
91,8,0.868835,79.0,16.680458
91,8,0.879833,80.0,15.131215
91,8,0.890831,81.0,13.582007
91,8,0.901829,82.0,13.68384
91,8,0.912827,83.0,13.96529
91,8,0.923824,84.0,14.246746
91,8,0.934822,85.0,14.528202
91,8,0.94582,86.0,14.809652
91,8,0.956818,87.0,15.091108
91,8,0.967816,88.0,15.372558
91,8,0.978814,89.0,15.654014
91,8,0.989812,90.0,15.935464
91,8,1.00081,91.0,16.004114
91,8,1.011808,92.0,15.813655
91,8,1.022806,93.0,15.6232
91,8,1.033804,94.0,15.432741
91,8,1.044801,95.0,15.242287
91,8,1.055799,96.0,15.051828
91,8,1.066797,97.0,14.861373
91,8,1.077795,98.0,14.670914
91,8,1.088793,99.0,14.480459
91,8,1.099791,100.0,14.29
91,9,0.0,0.0,14.29
91,9,0.010998,1.0,13.932308
91,9,0.021996,2.0,13.574615
91,9,0.032994,3.0,13.216923
91,9,0.043992,4.0,12.859231
91,9,0.05499,5.0,12.501538
91,9,0.065987,6.0,12.143846
91,9,0.076985,7.0,11.786154
91,9,0.087983,8.0,11.428462
91,9,0.098981,9.0,11.186226
91,9,0.109979,10.0,11.174906
91,9,0.120977,11.0,11.163585
91,9,0.131975,12.0,11.152264
91,9,0.142973,13.0,11.140943
91,9,0.153971,14.0,11.129623
91,9,0.164969,15.0,11.118302
91,9,0.175967,16.0,11.106981
91,9,0.186964,17.0,11.09566
91,9,0.197962,18.0,11.262667
91,9,0.20896,19.0,11.608
91,9,0.219958,20.0,11.953333
91,9,0.230956,21.0,12.298667
91,9,0.241954,22.0,12.644
91,9,0.252952,23.0,12.989333
91,9,0.26395,24.0,13.334667
91,9,0.274948,25.0,13.68
91,9,0.285946,26.0,14.804
91,9,0.296944,27.0,15.928
91,9,0.307941,28.0,17.052
91,9,0.318939,29.0,18.176
91,9,0.329937,30.0,19.3
91,9,0.340935,31.0,20.424
91,9,0.351933,32.0,21.548
91,9,0.362931,33.0,23.276857
91,9,0.373929,34.0,25.610571
91,9,0.384927,35.0,27.944286
91,9,0.395925,36.0,30.278
91,9,0.406923,37.0,32.611714
91,9,0.417921,38.0,34.945429
91,9,0.428918,39.0,37.279143
91,9,0.439916,40.0,39.612857
91,9,0.450914,41.0,41.946571
91,9,0.461912,42.0,44.108857
91,9,0.47291,43.0,46.214
91,9,0.483908,44.0,48.319143
91,9,0.494906,45.0,50.424286
91,9,0.505904,46.0,52.529429
91,9,0.516902,47.0,54.634571
91,9,0.5279,48.0,56.739714
91,9,0.538898,49.0,58.844857
91,9,0.549895,50.0,60.95
91,9,0.560893,51.0,60.543143
91,9,0.571891,52.0,60.136286
91,9,0.582889,53.0,59.729429
91,9,0.593887,54.0,59.322571
91,9,0.604885,55.0,58.915714
91,9,0.615883,56.0,58.508857
91,9,0.626881,57.0,58.102
91,9,0.637879,58.0,57.695143
91,9,0.648877,59.0,56.738654
91,9,0.659875,60.0,54.133269
91,9,0.670873,61.0,51.527885
91,9,0.68187,62.0,48.9225
91,9,0.692868,63.0,46.317115
91,9,0.703866,64.0,43.711731
91,9,0.714864,65.0,41.106346
91,9,0.725862,66.0,38.500962
91,9,0.73686,67.0,35.895577
91,9,0.747858,68.0,33.428667
91,9,0.758856,69.0,31.060667
91,9,0.769854,70.0,28.692667
91,9,0.780852,71.0,26.324667
91,9,0.79185,72.0,23.956667
91,9,0.802847,73.0,21.588667
91,9,0.813845,74.0,19.220667
91,9,0.824843,75.0,17.015377
91,9,0.835841,76.0,16.599906
91,9,0.846839,77.0,16.184434
91,9,0.857837,78.0,15.768962
91,9,0.868835,79.0,15.353491
91,9,0.879833,80.0,14.938019
91,9,0.890831,81.0,14.522547
91,9,0.901829,82.0,14.107075
91,9,0.912827,83.0,13.691604
91,9,0.923824,84.0,13.349429
91,9,0.934822,85.0,13.227143
91,9,0.94582,86.0,13.104857
91,9,0.956818,87.0,12.982571
91,9,0.967816,88.0,12.860286
91,9,0.978814,89.0,12.738
91,9,0.989812,90.0,12.615714
91,9,1.00081,91.0,12.493429
91,9,1.011808,92.0,12.371143
91,9,1.022806,93.0,12.04
91,9,1.033804,94.0,11.5
91,9,1.044801,95.0,10.96
91,9,1.055799,96.0,10.42
91,9,1.066797,97.0,9.88
91,9,1.077795,98.0,9.34
91,9,1.088793,99.0,8.8
91,9,1.099791,100.0,8.26
92,2,0.0,0.0,9.61
92,2,0.010998,1.0,9.019302
92,2,0.021996,2.0,8.428604
92,2,0.032994,3.0,7.837896
92,2,0.043992,4.0,7.247198
92,2,0.05499,5.0,6.6565
92,2,0.065987,6.0,6.065802
92,2,0.076985,7.0,5.475104
92,2,0.087983,8.0,4.884396
92,2,0.098981,9.0,4.293698
92,2,0.109979,10.0,4.538286
92,2,0.120977,11.0,4.866399
92,2,0.131975,12.0,5.194512
92,2,0.142973,13.0,5.522631
92,2,0.153971,14.0,5.850744
92,2,0.164969,15.0,6.178857
92,2,0.175967,16.0,6.50697
92,2,0.186964,17.0,6.835083
92,2,0.197962,18.0,7.133922
92,2,0.20896,19.0,7.431361
92,2,0.219958,20.0,7.7288
92,2,0.230956,21.0,8.026239
92,2,0.241954,22.0,8.323678
92,2,0.252952,23.0,8.621122
92,2,0.26395,24.0,8.918561
92,2,0.274948,25.0,9.216
92,2,0.285946,26.0,9.513439
92,2,0.296944,27.0,9.810878
92,2,0.307941,28.0,10.108322
92,2,0.318939,29.0,11.977211
92,2,0.329937,30.0,14.934
92,2,0.340935,31.0,17.309669
92,2,0.351933,32.0,18.440064
92,2,0.362931,33.0,19.570481
92,2,0.373929,34.0,20.700877
92,2,0.384927,35.0,21.831273
92,2,0.395925,36.0,22.961669
92,2,0.406923,37.0,24.092064
92,2,0.417921,38.0,25.222481
92,2,0.428918,39.0,26.352877
92,2,0.439916,40.0,27.483273
92,2,0.450914,41.0,28.613669
92,2,0.461912,42.0,29.744064
92,2,0.47291,43.0,30.874481
92,2,0.483908,44.0,36.304824
92,2,0.494906,45.0,42.690667
92,2,0.505904,46.0,49.07651
92,2,0.516902,47.0,53.617815
92,2,0.5279,48.0,55.494757
92,2,0.538898,49.0,57.371664
92,2,0.549895,50.0,59.248571
92,2,0.560893,51.0,61.125479
92,2,0.571891,52.0,63.002386
92,2,0.582889,53.0,64.879328
92,2,0.593887,54.0,66.756236
92,2,0.604885,55.0,66.902857
92,2,0.615883,56.0,64.97315
92,2,0.626881,57.0,63.043443
92,2,0.637879,58.0,61.1137
92,2,0.648877,59.0,59.183993
92,2,0.659875,60.0,57.254286
92,2,0.670873,61.0,55.324579
92,2,0.68187,62.0,53.394871
92,2,0.692868,63.0,51.444385
92,2,0.703866,64.0,49.473193
92,2,0.714864,65.0,47.502
92,2,0.725862,66.0,45.530807
92,2,0.73686,67.0,43.559615
92,2,0.747858,68.0,41.588385
92,2,0.758856,69.0,39.617193
92,2,0.769854,70.0,37.646
92,2,0.780852,71.0,35.674807
92,2,0.79185,72.0,33.703615
92,2,0.802847,73.0,31.732385
92,2,0.813845,74.0,29.761193
92,2,0.824843,75.0,27.79
92,2,0.835841,76.0,22.348687
92,2,0.846839,77.0,16.907374
92,2,0.857837,78.0,11.46596
92,2,0.868835,79.0,8.95342
92,2,0.879833,80.0,8.468444
92,2,0.890831,81.0,7.983468
92,2,0.901829,82.0,7.498492
92,2,0.912827,83.0,7.013508
92,2,0.923824,84.0,6.528532
92,2,0.934822,85.0,6.043556
92,2,0.94582,86.0,5.55858
92,2,0.956818,87.0,5.073604
92,2,0.967816,88.0,4.588619
92,2,0.978814,89.0,4.696004
92,2,0.989812,90.0,5.84
92,2,1.00081,91.0,6.983996
92,2,1.011808,92.0,8.127992
92,2,1.022806,93.0,7.768397
92,2,1.033804,94.0,7.337198
92,2,1.044801,95.0,6.906
92,2,1.055799,96.0,6.474802
92,2,1.066797,97.0,6.043603
92,2,1.077795,98.0,5.612397
92,2,1.088793,99.0,5.181198
92,2,1.099791,100.0,4.75
92,3,0.0,0.0,4.75
92,3,0.010998,1.0,5.058549
92,3,0.021996,2.0,5.367097
92,3,0.032994,3.0,5.675653
92,3,0.043992,4.0,5.984201
92,3,0.05499,5.0,6.29275
92,3,0.065987,6.0,6.601299
92,3,0.076985,7.0,6.909847
92,3,0.087983,8.0,7.218403
92,3,0.098981,9.0,7.526951
92,3,0.109979,10.0,7.8355
92,3,0.120977,11.0,8.144049
92,3,0.131975,12.0,8.362401
92,3,0.142973,13.0,8.287599
92,3,0.153971,14.0,8.2128
92,3,0.164969,15.0,8.138
92,3,0.175967,16.0,8.0632
92,3,0.186964,17.0,7.988401
92,3,0.197962,18.0,7.913599
92,3,0.20896,19.0,7.8388
92,3,0.219958,20.0,7.764
92,3,0.230956,21.0,7.6892
92,3,0.241954,22.0,7.614401
92,3,0.252952,23.0,7.539599
92,3,0.26395,24.0,7.4648
92,3,0.274948,25.0,7.39
92,3,0.285946,26.0,9.095092
92,3,0.296944,27.0,10.800184
92,3,0.307941,28.0,12.505316
92,3,0.318939,29.0,14.210408
92,3,0.329937,30.0,15.9155
92,3,0.340935,31.0,17.638277
92,3,0.351933,32.0,19.493697
92,3,0.362931,33.0,21.349161
92,3,0.373929,34.0,23.20458
92,3,0.384927,35.0,25.06
92,3,0.395925,36.0,26.91542
92,3,0.406923,37.0,28.770839
92,3,0.417921,38.0,30.626303
92,3,0.428918,39.0,32.481723
92,3,0.439916,40.0,34.337143
92,3,0.450914,41.0,36.192563
92,3,0.461912,42.0,38.681575
92,3,0.47291,43.0,41.306425
92,3,0.483908,44.0,43.931213
92,3,0.494906,45.0,46.556
92,3,0.505904,46.0,49.180787
92,3,0.516902,47.0,51.805575
92,3,0.5279,48.0,52.748193
92,3,0.538898,49.0,53.585635
92,3,0.549895,50.0,54.423077
92,3,0.560893,51.0,55.260519
92,3,0.571891,52.0,56.097961
92,3,0.582889,53.0,56.935423
92,3,0.593887,54.0,57.772866
92,3,0.604885,55.0,58.610308
92,3,0.615883,56.0,59.44775
92,3,0.626881,57.0,60.285192
92,3,0.637879,58.0,61.122654
92,3,0.648877,59.0,61.960096
92,3,0.659875,60.0,62.797538
92,3,0.670873,61.0,63.634981
92,3,0.68187,62.0,64.472423
92,3,0.692868,63.0,65.309885
92,3,0.703866,64.0,66.147327
92,3,0.714864,65.0,66.984769
92,3,0.725862,66.0,67.822211
92,3,0.73686,67.0,60.572486
92,3,0.747858,68.0,51.589514
92,3,0.758856,69.0,42.606757
92,3,0.769854,70.0,39.7745
92,3,0.780852,71.0,37.762276
92,3,0.79185,72.0,35.750053
92,3,0.802847,73.0,33.737781
92,3,0.813845,74.0,31.725557
92,3,0.824843,75.0,29.713333
92,3,0.835841,76.0,27.70111
92,3,0.846839,77.0,25.688886
92,3,0.857837,78.0,23.676614
92,3,0.868835,79.0,21.66439
92,3,0.879833,80.0,19.652167
92,3,0.890831,81.0,17.639943
92,3,0.901829,82.0,15.627719
92,3,0.912827,83.0,13.615447
92,3,0.923824,84.0,11.603224
92,3,0.934822,85.0,9.591
92,3,0.94582,86.0,7.578776
92,3,0.956818,87.0,6.0408
92,3,0.967816,88.0,6.0442
92,3,0.978814,89.0,6.0476
92,3,0.989812,90.0,6.223714
92,3,1.00081,91.0,6.81434
92,3,1.011808,92.0,7.404966
92,3,1.022806,93.0,7.995606
92,3,1.033804,94.0,8.586231
92,3,1.044801,95.0,9.176857
92,3,1.055799,96.0,9.767483
92,3,1.066797,97.0,10.358109
92,3,1.077795,98.0,10.948749
92,3,1.088793,99.0,11.539374
92,3,1.099791,100.0,12.13
92,4,0.0,0.0,12.13
92,4,0.010998,1.0,11.168793
92,4,0.021996,2.0,10.207604
92,4,0.032994,3.0,9.246396
92,4,0.043992,4.0,8.285207
92,4,0.05499,5.0,7.324
92,4,0.065987,6.0,6.362793
92,4,0.076985,7.0,5.401604
92,4,0.087983,8.0,4.440396
92,4,0.098981,9.0,4.14744
92,4,0.109979,10.0,4.1886
92,4,0.120977,11.0,4.22976
92,4,0.131975,12.0,4.27092
92,4,0.142973,13.0,4.31208
92,4,0.153971,14.0,4.35324
92,4,0.164969,15.0,4.3944
92,4,0.175967,16.0,4.43556
92,4,0.186964,17.0,4.47672
92,4,0.197962,18.0,4.51788
92,4,0.20896,19.0,4.55904
92,4,0.219958,20.0,4.6002
92,4,0.230956,21.0,6.328417
92,4,0.241954,22.0,8.583791
92,4,0.252952,23.0,10.151929
92,4,0.26395,24.0,10.603233
92,4,0.274948,25.0,11.054545
92,4,0.285946,26.0,11.505858
92,4,0.296944,27.0,11.957162
92,4,0.307941,28.0,12.408474
92,4,0.318939,29.0,12.859778
92,4,0.329937,30.0,13.311091
92,4,0.340935,31.0,13.762403
92,4,0.351933,32.0,14.213707
92,4,0.362931,33.0,14.66502
92,4,0.373929,34.0,15.116324
92,4,0.384927,35.0,15.567636
92,4,0.395925,36.0,17.524444
92,4,0.406923,37.0,23.244778
92,4,0.417921,38.0,28.965222
92,4,0.428918,39.0,34.685556
92,4,0.439916,40.0,38.698571
92,4,0.450914,41.0,42.028597
92,4,0.461912,42.0,45.358559
92,4,0.47291,43.0,48.688584
92,4,0.483908,44.0,52.018546
92,4,0.494906,45.0,55.348571
92,4,0.505904,46.0,58.678597
92,4,0.516902,47.0,62.008559
92,4,0.5279,48.0,64.128058
92,4,0.538898,49.0,64.280456
92,4,0.549895,50.0,64.432857
92,4,0.560893,51.0,64.585258
92,4,0.571891,52.0,64.737657
92,4,0.582889,53.0,64.890058
92,4,0.593887,54.0,65.042456
92,4,0.604885,55.0,65.194857
92,4,0.615883,56.0,65.259507
92,4,0.626881,57.0,63.569447
92,4,0.637879,58.0,61.879353
92,4,0.648877,59.0,60.189293
92,4,0.659875,60.0,58.4992
92,4,0.670873,61.0,56.809107
92,4,0.68187,62.0,55.119047
92,4,0.692868,63.0,53.428953
92,4,0.703866,64.0,51.738893
92,4,0.714864,65.0,50.0488
92,4,0.725862,66.0,48.358707
92,4,0.73686,67.0,46.668647
92,4,0.747858,68.0,43.460752
92,4,0.758856,69.0,31.146495
92,4,0.769854,70.0,18.832
92,4,0.780852,71.0,15.344261
92,4,0.79185,72.0,14.614869
92,4,0.802847,73.0,13.885464
92,4,0.813845,74.0,13.156072
92,4,0.824843,75.0,12.426667
92,4,0.835841,76.0,11.697261
92,4,0.846839,77.0,10.967869
92,4,0.857837,78.0,10.238464
92,4,0.868835,79.0,9.509072
92,4,0.879833,80.0,8.779667
92,4,0.890831,81.0,8.050261
92,4,0.901829,82.0,7.320869
92,4,0.912827,83.0,6.591464
92,4,0.923824,84.0,5.862072
92,4,0.934822,85.0,5.378
92,4,0.94582,86.0,5.163798
92,4,0.956818,87.0,4.949601
92,4,0.967816,88.0,4.735399
92,4,0.978814,89.0,4.521202
92,4,0.989812,90.0,4.32
92,4,1.00081,91.0,4.123998
92,4,1.011808,92.0,3.928001
92,4,1.022806,93.0,3.731999
92,4,1.033804,94.0,3.536002
92,4,1.044801,95.0,3.34
92,4,1.055799,96.0,3.143998
92,4,1.066797,97.0,2.948001
92,4,1.077795,98.0,2.751999
92,4,1.088793,99.0,2.556002
92,4,1.099791,100.0,2.36
92,5,0.0,0.0,2.36
92,5,0.010998,1.0,3.802407
92,5,0.021996,2.0,5.244813
92,5,0.032994,3.0,6.687187
92,5,0.043992,4.0,8.129593
92,5,0.05499,5.0,8.4864
92,5,0.065987,6.0,8.626081
92,5,0.076985,7.0,8.765761
92,5,0.087983,8.0,8.905439
92,5,0.098981,9.0,9.045119
92,5,0.109979,10.0,9.1848
92,5,0.120977,11.0,9.324481
92,5,0.131975,12.0,9.464161
92,5,0.142973,13.0,9.603839
92,5,0.153971,14.0,9.743519
92,5,0.164969,15.0,9.8832
92,5,0.175967,16.0,10.022881
92,5,0.186964,17.0,10.162561
92,5,0.197962,18.0,10.302239
92,5,0.20896,19.0,11.969192
92,5,0.219958,20.0,13.726
92,5,0.230956,21.0,15.482808
92,5,0.241954,22.0,17.239616
92,5,0.252952,23.0,18.996384
92,5,0.26395,24.0,20.969101
92,5,0.274948,25.0,23.281111
92,5,0.285946,26.0,25.593122
92,5,0.296944,27.0,27.905132
92,5,0.307941,28.0,30.21709
92,5,0.318939,29.0,32.529101
92,5,0.329937,30.0,34.841111
92,5,0.340935,31.0,37.153122
92,5,0.351933,32.0,39.465132
92,5,0.362931,33.0,41.77709
92,5,0.373929,34.0,44.089101
92,5,0.384927,35.0,46.401111
92,5,0.395925,36.0,48.713122
92,5,0.406923,37.0,52.197766
92,5,0.417921,38.0,55.8289
92,5,0.428918,39.0,59.460117
92,5,0.439916,40.0,63.091333
92,5,0.450914,41.0,63.980399
92,5,0.461912,42.0,63.814799
92,5,0.47291,43.0,63.649201
92,5,0.483908,44.0,63.483601
92,5,0.494906,45.0,63.318
92,5,0.505904,46.0,63.152399
92,5,0.516902,47.0,62.986799
92,5,0.5279,48.0,62.821201
92,5,0.538898,49.0,62.655601
92,5,0.549895,50.0,62.49
92,5,0.560893,51.0,59.446786
92,5,0.571891,52.0,56.403572
92,5,0.582889,53.0,53.360428
92,5,0.593887,54.0,50.317214
92,5,0.604885,55.0,47.274
92,5,0.615883,56.0,44.230786
92,5,0.626881,57.0,41.187572
92,5,0.637879,58.0,38.144428
92,5,0.648877,59.0,35.879008
92,5,0.659875,60.0,34.0025
92,5,0.670873,61.0,32.125992
92,5,0.68187,62.0,30.249483
92,5,0.692868,63.0,28.373017
92,5,0.703866,64.0,26.496508
92,5,0.714864,65.0,24.62
92,5,0.725862,66.0,22.743492
92,5,0.73686,67.0,20.866983
92,5,0.747858,68.0,18.990517
92,5,0.758856,69.0,17.114008
92,5,0.769854,70.0,15.9595
92,5,0.780852,71.0,15.382597
92,5,0.79185,72.0,14.805695
92,5,0.802847,73.0,14.228805
92,5,0.813845,74.0,13.651903
92,5,0.824843,75.0,13.075
92,5,0.835841,76.0,12.498097
92,5,0.846839,77.0,11.921195
92,5,0.857837,78.0,11.344305
92,5,0.868835,79.0,10.767403
92,5,0.879833,80.0,10.1905
92,5,0.890831,81.0,9.722799
92,5,0.901829,82.0,9.391597
92,5,0.912827,83.0,9.060403
92,5,0.923824,84.0,8.729201
92,5,0.934822,85.0,8.398
92,5,0.94582,86.0,8.066799
92,5,0.956818,87.0,7.735597
92,5,0.967816,88.0,7.404403
92,5,0.978814,89.0,7.073201
92,5,0.989812,90.0,6.742
92,5,1.00081,91.0,6.410799
92,5,1.011808,92.0,6.079597
92,5,1.022806,93.0,5.748403
92,5,1.033804,94.0,5.156083
92,5,1.044801,95.0,4.5484
92,5,1.055799,96.0,3.940717
92,5,1.066797,97.0,3.333035
92,5,1.077795,98.0,2.725365
92,5,1.088793,99.0,2.117683
92,5,1.099791,100.0,1.51
92,6,0.0,0.0,1.51
92,6,0.010998,1.0,1.673201
92,6,0.021996,2.0,1.836401
92,6,0.032994,3.0,1.999599
92,6,0.043992,4.0,2.162799
92,6,0.05499,5.0,2.326
92,6,0.065987,6.0,2.489201
92,6,0.076985,7.0,2.652401
92,6,0.087983,8.0,2.815599
92,6,0.098981,9.0,2.978799
92,6,0.109979,10.0,3.142
92,6,0.120977,11.0,3.305201
92,6,0.131975,12.0,3.468401
92,6,0.142973,13.0,4.061191
92,6,0.153971,14.0,5.083595
92,6,0.164969,15.0,6.106
92,6,0.175967,16.0,6.67222
92,6,0.186964,17.0,7.062985
92,6,0.197962,18.0,7.453742
92,6,0.20896,19.0,7.844507
92,6,0.219958,20.0,8.235273
92,6,0.230956,21.0,8.626038
92,6,0.241954,22.0,9.016804
92,6,0.252952,23.0,9.40756
92,6,0.26395,24.0,9.798326
92,6,0.274948,25.0,10.189091
92,6,0.285946,26.0,10.579856
92,6,0.296944,27.0,10.970622
92,6,0.307941,28.0,11.361378
92,6,0.318939,29.0,11.752144
92,6,0.329937,30.0,12.142909
92,6,0.340935,31.0,14.209619
92,6,0.351933,32.0,18.371238
92,6,0.362931,33.0,22.532762
92,6,0.373929,34.0,26.694381
92,6,0.384927,35.0,30.478889
92,6,0.395925,36.0,33.282902
92,6,0.406923,37.0,36.086914
92,6,0.417921,38.0,38.890864
92,6,0.428918,39.0,41.694876
92,6,0.439916,40.0,44.498889
92,6,0.450914,41.0,47.302902
92,6,0.461912,42.0,50.106914
92,6,0.47291,43.0,52.910864
92,6,0.483908,44.0,55.714876
92,6,0.494906,45.0,58.518889
92,6,0.505904,46.0,61.322902
92,6,0.516902,47.0,64.126914
92,6,0.5279,48.0,65.706469
92,6,0.538898,49.0,66.936234
92,6,0.549895,50.0,68.166
92,6,0.560893,51.0,69.395766
92,6,0.571891,52.0,70.625531
92,6,0.582889,53.0,71.855269
92,6,0.593887,54.0,73.085034
92,6,0.604885,55.0,72.77
92,6,0.615883,56.0,72.145997
92,6,0.626881,57.0,71.521994
92,6,0.637879,58.0,70.898006
92,6,0.648877,59.0,70.274003
92,6,0.659875,60.0,69.65
92,6,0.670873,61.0,69.025997
92,6,0.68187,62.0,68.401994
92,6,0.692868,63.0,67.778006
92,6,0.703866,64.0,67.154003
92,6,0.714864,65.0,66.53
92,6,0.725862,66.0,65.905997
92,6,0.73686,67.0,63.738552
92,6,0.747858,68.0,58.484448
92,6,0.758856,69.0,53.230224
92,6,0.769854,70.0,47.976
92,6,0.780852,71.0,42.721776
92,6,0.79185,72.0,37.467552
92,6,0.802847,73.0,34.757778
92,6,0.813845,74.0,32.774889
92,6,0.824843,75.0,30.792
92,6,0.835841,76.0,28.809111
92,6,0.846839,77.0,26.826222
92,6,0.857837,78.0,24.843378
92,6,0.868835,79.0,22.860489
92,6,0.879833,80.0,20.8776
92,6,0.890831,81.0,18.894711
92,6,0.901829,82.0,16.911822
92,6,0.912827,83.0,14.928978
92,6,0.923824,84.0,12.946089
92,6,0.934822,85.0,10.9632
92,6,0.94582,86.0,8.980311
92,6,0.956818,87.0,8.443197
92,6,0.967816,88.0,8.086803
92,6,0.978814,89.0,7.730402
92,6,0.989812,90.0,7.374
92,6,1.00081,91.0,7.017598
92,6,1.011808,92.0,6.7744
92,6,1.022806,93.0,6.7576
92,6,1.033804,94.0,6.7408
92,6,1.044801,95.0,6.724
92,6,1.055799,96.0,6.7072
92,6,1.066797,97.0,6.6904
92,6,1.077795,98.0,6.6736
92,6,1.088793,99.0,6.6568
92,6,1.099791,100.0,6.64
92,7,0.0,0.0,6.64
92,7,0.010998,1.0,6.724001
92,7,0.021996,2.0,6.808
92,7,0.032994,3.0,6.892
92,7,0.043992,4.0,6.975999
92,7,0.05499,5.0,7.06
92,7,0.065987,6.0,7.144001
92,7,0.076985,7.0,7.228
92,7,0.087983,8.0,7.312
92,7,0.098981,9.0,7.3008
92,7,0.109979,10.0,7.242
92,7,0.120977,11.0,7.1832
92,7,0.131975,12.0,7.1244
92,7,0.142973,13.0,7.0656
92,7,0.153971,14.0,7.0068
92,7,0.164969,15.0,6.948
92,7,0.175967,16.0,6.8892
92,7,0.186964,17.0,6.8304
92,7,0.197962,18.0,6.7716
92,7,0.20896,19.0,6.7128
92,7,0.219958,20.0,7.140857
92,7,0.230956,21.0,7.593261
92,7,0.241954,22.0,8.045655
92,7,0.252952,23.0,8.498059
92,7,0.26395,24.0,8.950454
92,7,0.274948,25.0,9.402857
92,7,0.285946,26.0,9.855261
92,7,0.296944,27.0,10.307655
92,7,0.307941,28.0,11.32092
92,7,0.318939,29.0,12.679304
92,7,0.329937,30.0,14.037714
92,7,0.340935,31.0,15.396125
92,7,0.351933,32.0,16.754509
92,7,0.362931,33.0,18.11292
92,7,0.373929,34.0,19.471304
92,7,0.384927,35.0,20.829714
92,7,0.395925,36.0,23.428844
92,7,0.406923,37.0,29.129578
92,7,0.417921,38.0,34.830422
92,7,0.428918,39.0,40.531156
92,7,0.439916,40.0,44.422857
92,7,0.450914,41.0,47.590882
92,7,0.461912,42.0,50.758845
92,7,0.47291,43.0,53.926869
92,7,0.483908,44.0,57.094833
92,7,0.494906,45.0,60.262857
92,7,0.505904,46.0,63.430882
92,7,0.516902,47.0,66.598845
92,7,0.5279,48.0,68.022928
92,7,0.538898,49.0,66.613144
92,7,0.549895,50.0,65.203333
92,7,0.560893,51.0,63.793522
92,7,0.571891,52.0,62.383739
92,7,0.582889,53.0,60.973928
92,7,0.593887,54.0,59.564144
92,7,0.604885,55.0,58.13
92,7,0.615883,56.0,56.617988
92,7,0.626881,57.0,55.106006
92,7,0.637879,58.0,53.593994
92,7,0.648877,59.0,52.082012
92,7,0.659875,60.0,50.57
92,7,0.670873,61.0,49.057988
92,7,0.68187,62.0,47.546006
92,7,0.692868,63.0,46.033994
92,7,0.703866,64.0,44.522012
92,7,0.714864,65.0,43.01
92,7,0.725862,66.0,41.497988
92,7,0.73686,67.0,39.018897
92,7,0.747858,68.0,34.605503
92,7,0.758856,69.0,30.192194
92,7,0.769854,70.0,25.7788
92,7,0.780852,71.0,21.365406
92,7,0.79185,72.0,16.952097
92,7,0.802847,73.0,13.903908
92,7,0.813845,74.0,13.074184
92,7,0.824843,75.0,12.244444
92,7,0.835841,76.0,11.414705
92,7,0.846839,77.0,10.584981
92,7,0.857837,78.0,9.755241
92,7,0.868835,79.0,8.925518
92,7,0.879833,80.0,8.095778
92,7,0.890831,81.0,7.266038
92,7,0.901829,82.0,6.436314
92,7,0.912827,83.0,5.606575
92,7,0.923824,84.0,5.553997
92,7,0.934822,85.0,5.89
92,7,0.94582,86.0,6.226003
92,7,0.956818,87.0,6.502437
92,7,0.967816,88.0,6.213017
92,7,0.978814,89.0,5.923602
92,7,0.989812,90.0,5.634182
92,7,1.00081,91.0,5.344761
92,7,1.011808,92.0,5.055347
92,7,1.022806,93.0,4.765926
92,7,1.033804,94.0,4.476511
92,7,1.044801,95.0,4.187091
92,7,1.055799,96.0,3.89767
92,7,1.066797,97.0,3.608256
92,7,1.077795,98.0,3.318835
92,7,1.088793,99.0,3.02942
92,7,1.099791,100.0,2.74
92,8,0.0,0.0,2.74
92,8,0.010998,1.0,3.729258
92,8,0.021996,2.0,4.718538
92,8,0.032994,3.0,5.707795
92,8,0.043992,4.0,6.697076
92,8,0.05499,5.0,7.129786
92,8,0.065987,6.0,7.400598
92,8,0.076985,7.0,7.671416
92,8,0.087983,8.0,7.942227
92,8,0.098981,9.0,8.213045
92,8,0.109979,10.0,8.483857
92,8,0.120977,11.0,8.754669
92,8,0.131975,12.0,9.025487
92,8,0.142973,13.0,9.296299
92,8,0.153971,14.0,9.567117
92,8,0.164969,15.0,10.156429
92,8,0.175967,16.0,10.775137
92,8,0.186964,17.0,11.39386
92,8,0.197962,18.0,12.012569
92,8,0.20896,19.0,12.631291
92,8,0.219958,20.0,13.25
92,8,0.230956,21.0,13.868709
92,8,0.241954,22.0,14.487431
92,8,0.252952,23.0,15.10614
92,8,0.26395,24.0,15.763879
92,8,0.274948,25.0,17.075
92,8,0.285946,26.0,18.386121
92,8,0.296944,27.0,19.697273
92,8,0.307941,28.0,21.008394
92,8,0.318939,29.0,22.319545
92,8,0.329937,30.0,23.630667
92,8,0.340935,31.0,24.941788
92,8,0.351933,32.0,26.252939
92,8,0.362931,33.0,27.564061
92,8,0.373929,34.0,28.875212
92,8,0.384927,35.0,30.186333
92,8,0.395925,36.0,31.497455
92,8,0.406923,37.0,33.738317
92,8,0.417921,38.0,37.494183
92,8,0.428918,39.0,41.250134
92,8,0.439916,40.0,45.006
92,8,0.450914,41.0,48.761866
92,8,0.461912,42.0,52.517817
92,8,0.47291,43.0,54.347675
92,8,0.483908,44.0,55.523451
92,8,0.494906,45.0,56.6992
92,8,0.505904,46.0,57.874949
92,8,0.516902,47.0,59.050725
92,8,0.5279,48.0,60.226475
92,8,0.538898,49.0,61.402251
92,8,0.549895,50.0,62.578
92,8,0.560893,51.0,63.753749
92,8,0.571891,52.0,64.929525
92,8,0.582889,53.0,66.105275
92,8,0.593887,54.0,67.281051
92,8,0.604885,55.0,68.4568
92,8,0.615883,56.0,69.632549
92,8,0.626881,57.0,67.068979
92,8,0.637879,58.0,62.596021
92,8,0.648877,59.0,58.122959
92,8,0.659875,60.0,53.65
92,8,0.670873,61.0,49.808099
92,8,0.68187,62.0,46.780415
92,8,0.692868,63.0,43.7528
92,8,0.703866,64.0,40.725115
92,8,0.714864,65.0,37.6975
92,8,0.725862,66.0,34.669885
92,8,0.73686,67.0,31.6422
92,8,0.747858,68.0,28.614585
92,8,0.758856,69.0,25.586901
92,8,0.769854,70.0,22.559286
92,8,0.780852,71.0,20.971822
92,8,0.79185,72.0,20.438131
92,8,0.802847,73.0,19.904452
92,8,0.813845,74.0,19.370762
92,8,0.824843,75.0,18.837083
92,8,0.835841,76.0,18.303405
92,8,0.846839,77.0,17.769714
92,8,0.857837,78.0,17.236036
92,8,0.868835,79.0,16.707715
92,8,0.879833,80.0,16.2164
92,8,0.890831,81.0,15.725085
92,8,0.901829,82.0,15.233758
92,8,0.912827,83.0,14.742442
92,8,0.923824,84.0,14.251115
92,8,0.934822,85.0,13.7598
92,8,0.94582,86.0,13.268485
92,8,0.956818,87.0,12.777158
92,8,0.967816,88.0,12.285842
92,8,0.978814,89.0,11.794515
92,8,0.989812,90.0,11.3032
92,8,1.00081,91.0,10.811885
92,8,1.011808,92.0,10.320558
92,8,1.022806,93.0,9.854859
92,8,1.033804,94.0,9.969881
92,8,1.044801,95.0,10.0849
92,8,1.055799,96.0,10.199919
92,8,1.066797,97.0,10.314941
92,8,1.077795,98.0,10.429959
92,8,1.088793,99.0,10.544981
92,8,1.099791,100.0,10.66
92,9,0.0,0.0,10.66
92,9,0.010998,1.0,10.404501
92,9,0.021996,2.0,10.149002
92,9,0.032994,3.0,9.893498
92,9,0.043992,4.0,9.637999
92,9,0.05499,5.0,9.3825
92,9,0.065987,6.0,9.127001
92,9,0.076985,7.0,8.871502
92,9,0.087983,8.0,8.615998
92,9,0.098981,9.0,8.360499
92,9,0.109979,10.0,8.105
92,9,0.120977,11.0,7.849501
92,9,0.131975,12.0,7.594002
92,9,0.142973,13.0,8.400178
92,9,0.153971,14.0,9.726339
92,9,0.164969,15.0,11.0525
92,9,0.175967,16.0,12.378661
92,9,0.186964,17.0,13.41275
92,9,0.197962,18.0,14.218893
92,9,0.20896,19.0,15.025018
92,9,0.219958,20.0,15.831143
92,9,0.230956,21.0,16.637268
92,9,0.241954,22.0,17.443393
92,9,0.252952,23.0,18.249536
92,9,0.26395,24.0,19.055661
92,9,0.274948,25.0,19.861786
92,9,0.285946,26.0,20.667911
92,9,0.296944,27.0,22.13957
92,9,0.307941,28.0,23.630013
92,9,0.318939,29.0,25.120423
92,9,0.329937,30.0,26.610833
92,9,0.340935,31.0,28.101243
92,9,0.351933,32.0,29.591653
92,9,0.362931,33.0,31.082097
92,9,0.373929,34.0,32.572507
92,9,0.384927,35.0,34.629188
92,9,0.395925,36.0,36.87119
92,9,0.406923,37.0,39.113193
92,9,0.417921,38.0,41.355245
92,9,0.428918,39.0,43.597247
92,9,0.439916,40.0,45.83925
92,9,0.450914,41.0,48.081253
92,9,0.461912,42.0,50.323255
92,9,0.47291,43.0,52.565307
92,9,0.483908,44.0,54.80731
92,9,0.494906,45.0,57.049312
92,9,0.505904,46.0,57.870427
92,9,0.516902,47.0,58.324067
92,9,0.5279,48.0,58.777718
92,9,0.538898,49.0,59.231359
92,9,0.549895,50.0,59.685
92,9,0.560893,51.0,60.138641
92,9,0.571891,52.0,60.592282
92,9,0.582889,53.0,61.045933
92,9,0.593887,54.0,61.499573
92,9,0.604885,55.0,61.588
92,9,0.615883,56.0,60.264273
92,9,0.626881,57.0,58.940545
92,9,0.637879,58.0,57.616788
92,9,0.648877,59.0,56.293061
92,9,0.659875,60.0,54.969333
92,9,0.670873,61.0,53.645606
92,9,0.68187,62.0,52.321878
92,9,0.692868,63.0,50.998122
92,9,0.703866,64.0,49.674394
92,9,0.714864,65.0,48.350667
92,9,0.725862,66.0,47.026939
92,9,0.73686,67.0,45.703212
92,9,0.747858,68.0,40.837552
92,9,0.758856,69.0,35.473901
92,9,0.769854,70.0,30.11025
92,9,0.780852,71.0,24.746599
92,9,0.79185,72.0,19.382948
92,9,0.802847,73.0,15.852743
92,9,0.813845,74.0,15.104497
92,9,0.824843,75.0,14.35625
92,9,0.835841,76.0,13.608003
92,9,0.846839,77.0,12.859757
92,9,0.857837,78.0,12.111493
92,9,0.868835,79.0,11.363247
92,9,0.879833,80.0,10.615
92,9,0.890831,81.0,9.866753
92,9,0.901829,82.0,9.118507
92,9,0.912827,83.0,8.370243
92,9,0.923824,84.0,7.621997
92,9,0.934822,85.0,6.87375
92,9,0.94582,86.0,6.125503
92,9,0.956818,87.0,6.632691
92,9,0.967816,88.0,7.681476
92,9,0.978814,89.0,8.730238
92,9,0.989812,90.0,9.779
92,9,1.00081,91.0,9.948316
92,9,1.011808,92.0,9.504061
92,9,1.022806,93.0,9.059796
92,9,1.033804,94.0,8.615541
92,9,1.044801,95.0,8.171286
92,9,1.055799,96.0,7.727031
92,9,1.066797,97.0,7.282775
92,9,1.077795,98.0,6.83851
92,9,1.088793,99.0,6.394255
92,9,1.099791,100.0,5.95
93,2,0.0,0.0,8.91
93,2,0.010998,1.0,8.91814
93,2,0.021996,2.0,8.92628
93,2,0.032994,3.0,8.93442
93,2,0.043992,4.0,8.94256
93,2,0.05499,5.0,8.9507
93,2,0.065987,6.0,8.95884
93,2,0.076985,7.0,8.96698
93,2,0.087983,8.0,8.97512
93,2,0.098981,9.0,8.98326
93,2,0.109979,10.0,8.9914
93,2,0.120977,11.0,8.99954
93,2,0.131975,12.0,9.00768
93,2,0.142973,13.0,9.01582
93,2,0.153971,14.0,9.382434
93,2,0.164969,15.0,10.127458
93,2,0.175967,16.0,10.872481
93,2,0.186964,17.0,11.617488
93,2,0.197962,18.0,12.362512
93,2,0.20896,19.0,13.575711
93,2,0.219958,20.0,17.056129
93,2,0.230956,21.0,20.536547
93,2,0.241954,22.0,23.074941
93,2,0.252952,23.0,24.065877
93,2,0.26395,24.0,25.056791
93,2,0.274948,25.0,26.047727
93,2,0.285946,26.0,27.038663
93,2,0.296944,27.0,28.029577
93,2,0.307941,28.0,29.020513
93,2,0.318939,29.0,30.011428
93,2,0.329937,30.0,31.002364
93,2,0.340935,31.0,31.9933
93,2,0.351933,32.0,32.984214
93,2,0.362931,33.0,33.97515
93,2,0.373929,34.0,34.966064
93,2,0.384927,35.0,35.957
93,2,0.395925,36.0,36.947936
93,2,0.406923,37.0,39.082986
93,2,0.417921,38.0,42.302014
93,2,0.428918,39.0,45.520972
93,2,0.439916,40.0,48.74
93,2,0.450914,41.0,51.959028
93,2,0.461912,42.0,55.177986
93,2,0.47291,43.0,58.397014
93,2,0.483908,44.0,58.536007
93,2,0.494906,45.0,57.685
93,2,0.505904,46.0,56.833993
93,2,0.516902,47.0,55.983004
93,2,0.5279,48.0,55.131996
93,2,0.538898,49.0,54.281007
93,2,0.549895,50.0,53.43
93,2,0.560893,51.0,52.578993
93,2,0.571891,52.0,50.598411
93,2,0.582889,53.0,48.005922
93,2,0.593887,54.0,45.413489
93,2,0.604885,55.0,42.821
93,2,0.615883,56.0,40.228511
93,2,0.626881,57.0,37.636078
93,2,0.637879,58.0,35.043589
93,2,0.648877,59.0,32.451156
93,2,0.659875,60.0,30.196667
93,2,0.670873,61.0,28.229483
93,2,0.68187,62.0,26.262342
93,2,0.692868,63.0,24.295158
93,2,0.703866,64.0,22.328017
93,2,0.714864,65.0,20.360833
93,2,0.725862,66.0,18.393649
93,2,0.73686,67.0,16.426509
93,2,0.747858,68.0,14.923196
93,2,0.758856,69.0,14.028733
93,2,0.769854,70.0,13.13425
93,2,0.780852,71.0,12.239767
93,2,0.79185,72.0,11.345304
93,2,0.802847,73.0,10.450821
93,2,0.813845,74.0,9.556358
93,2,0.824843,75.0,8.661875
93,2,0.835841,76.0,7.767392
93,2,0.846839,77.0,6.872929
93,2,0.857837,78.0,5.978446
93,2,0.868835,79.0,5.633867
93,2,0.879833,80.0,5.624
93,2,0.890831,81.0,5.614133
93,2,0.901829,82.0,5.604267
93,2,0.912827,83.0,5.5944
93,2,0.923824,84.0,5.584533
93,2,0.934822,85.0,5.574667
93,2,0.94582,86.0,5.5648
93,2,0.956818,87.0,5.554933
93,2,0.967816,88.0,5.545067
93,2,0.978814,89.0,5.5352
93,2,0.989812,90.0,5.525333
93,2,1.00081,91.0,5.515467
93,2,1.011808,92.0,5.5056
93,2,1.022806,93.0,5.495733
93,2,1.033804,94.0,5.485867
93,2,1.044801,95.0,5.213
93,2,1.055799,96.0,4.554394
93,2,1.066797,97.0,3.895803
93,2,1.077795,98.0,3.237197
93,2,1.088793,99.0,2.578606
93,2,1.099791,100.0,1.92
93,3,0.0,0.0,1.92
93,3,0.010998,1.0,1.83186
93,3,0.021996,2.0,1.743721
93,3,0.032994,3.0,1.655579
93,3,0.043992,4.0,1.56744
93,3,0.05499,5.0,1.4793
93,3,0.065987,6.0,1.39116
93,3,0.076985,7.0,1.303021
93,3,0.087983,8.0,1.214879
93,3,0.098981,9.0,1.12674
93,3,0.109979,10.0,1.0386
93,3,0.120977,11.0,0.95046
93,3,0.131975,12.0,0.862321
93,3,0.142973,13.0,1.110615
93,3,0.153971,14.0,2.896807
93,3,0.164969,15.0,4.683
93,3,0.175967,16.0,5.905196
93,3,0.186964,17.0,6.774893
93,3,0.197962,18.0,7.644607
93,3,0.20896,19.0,8.514304
93,3,0.219958,20.0,9.384
93,3,0.230956,21.0,10.253696
93,3,0.241954,22.0,11.123393
93,3,0.252952,23.0,11.993107
93,3,0.26395,24.0,12.862804
93,3,0.274948,25.0,13.7325
93,3,0.285946,26.0,15.491186
93,3,0.296944,27.0,18.837372
93,3,0.307941,28.0,22.183628
93,3,0.318939,29.0,25.529814
93,3,0.329937,30.0,28.876
93,3,0.340935,31.0,32.033414
93,3,0.351933,32.0,34.561579
93,3,0.362931,33.0,37.089796
93,3,0.373929,34.0,39.617961
93,3,0.384927,35.0,42.146125
93,3,0.395925,36.0,44.674289
93,3,0.406923,37.0,47.202454
93,3,0.417921,38.0,49.730671
93,3,0.428918,39.0,52.258836
93,3,0.439916,40.0,54.787
93,3,0.450914,41.0,57.315164
93,3,0.461912,42.0,57.847396
93,3,0.47291,43.0,58.327104
93,3,0.483908,44.0,58.806802
93,3,0.494906,45.0,59.2865
93,3,0.505904,46.0,59.766198
93,3,0.516902,47.0,60.245896
93,3,0.5279,48.0,60.725604
93,3,0.538898,49.0,60.488091
93,3,0.549895,50.0,58.425
93,3,0.560893,51.0,56.361909
93,3,0.571891,52.0,54.298817
93,3,0.582889,53.0,52.235683
93,3,0.593887,54.0,50.172591
93,3,0.604885,55.0,48.1095
93,3,0.615883,56.0,46.046409
93,3,0.626881,57.0,43.734921
93,3,0.637879,58.0,41.250579
93,3,0.648877,59.0,38.76629
93,3,0.659875,60.0,36.282
93,3,0.670873,61.0,33.79771
93,3,0.68187,62.0,31.313421
93,3,0.692868,63.0,28.829079
93,3,0.703866,64.0,26.34479
93,3,0.714864,65.0,23.8605
93,3,0.725862,66.0,21.37621
93,3,0.73686,67.0,19.546779
93,3,0.747858,68.0,19.027096
93,3,0.758856,69.0,18.507423
93,3,0.769854,70.0,17.98775
93,3,0.780852,71.0,17.468077
93,3,0.79185,72.0,16.948404
93,3,0.802847,73.0,16.428721
93,3,0.813845,74.0,15.909048
93,3,0.824843,75.0,15.389375
93,3,0.835841,76.0,14.869702
93,3,0.846839,77.0,14.290711
93,3,0.857837,78.0,12.999789
93,3,0.868835,79.0,11.708895
93,3,0.879833,80.0,10.418
93,3,0.890831,81.0,9.127105
93,3,0.901829,82.0,7.836211
93,3,0.912827,83.0,7.400525
93,3,0.923824,84.0,7.011084
93,3,0.934822,85.0,6.621643
93,3,0.94582,86.0,6.232202
93,3,0.956818,87.0,5.84276
93,3,0.967816,88.0,5.453311
93,3,0.978814,89.0,5.06387
93,3,0.989812,90.0,4.674429
93,3,1.00081,91.0,4.284987
93,3,1.011808,92.0,3.895546
93,3,1.022806,93.0,3.506097
93,3,1.033804,94.0,3.116656
93,3,1.044801,95.0,2.727214
93,3,1.055799,96.0,2.337773
93,3,1.066797,97.0,1.948332
93,3,1.077795,98.0,1.558882
93,3,1.088793,99.0,1.169441
93,3,1.099791,100.0,0.78
93,4,0.0,0.0,0.78
93,4,0.010998,1.0,1.218896
93,4,0.021996,2.0,1.657802
93,4,0.032994,3.0,2.096698
93,4,0.043992,4.0,2.668939
93,4,0.05499,5.0,3.245333
93,4,0.065987,6.0,3.821728
93,4,0.076985,7.0,4.398136
93,4,0.087983,8.0,4.97453
93,4,0.098981,9.0,5.550939
93,4,0.109979,10.0,6.127333
93,4,0.120977,11.0,6.703728
93,4,0.131975,12.0,7.280136
93,4,0.142973,13.0,8.469394
93,4,0.153971,14.0,9.743213
93,4,0.164969,15.0,11.017
93,4,0.175967,16.0,12.290787
93,4,0.186964,17.0,13.564606
93,4,0.197962,18.0,14.838394
93,4,0.20896,19.0,15.910385
93,4,0.219958,20.0,16.9375
93,4,0.230956,21.0,17.964615
93,4,0.241954,22.0,18.991755
93,4,0.252952,23.0,20.01887
93,4,0.26395,24.0,21.04601
93,4,0.274948,25.0,22.073125
93,4,0.285946,26.0,23.10024
93,4,0.296944,27.0,24.12738
93,4,0.307941,28.0,25.154495
93,4,0.318939,29.0,26.181635
93,4,0.329937,30.0,27.20875
93,4,0.340935,31.0,29.311675
93,4,0.351933,32.0,31.882413
93,4,0.362931,33.0,34.453087
93,4,0.373929,34.0,37.023825
93,4,0.384927,35.0,39.5945
93,4,0.395925,36.0,42.165175
93,4,0.406923,37.0,43.846079
93,4,0.417921,38.0,45.018467
93,4,0.428918,39.0,46.190884
93,4,0.439916,40.0,47.363273
93,4,0.450914,41.0,48.535661
93,4,0.461912,42.0,49.708079
93,4,0.47291,43.0,50.880467
93,4,0.483908,44.0,52.052884
93,4,0.494906,45.0,53.225273
93,4,0.505904,46.0,54.397661
93,4,0.516902,47.0,55.570079
93,4,0.5279,48.0,56.742467
93,4,0.538898,49.0,57.914884
93,4,0.549895,50.0,59.087273
93,4,0.560893,51.0,60.259661
93,4,0.571891,52.0,61.432079
93,4,0.582889,53.0,62.604467
93,4,0.593887,54.0,60.6931
93,4,0.604885,55.0,58.6854
93,4,0.615883,56.0,56.6777
93,4,0.626881,57.0,54.66995
93,4,0.637879,58.0,52.66225
93,4,0.648877,59.0,50.6545
93,4,0.659875,60.0,48.6468
93,4,0.670873,61.0,46.194598
93,4,0.68187,62.0,43.058451
93,4,0.692868,63.0,39.922382
93,4,0.703866,64.0,36.786236
93,4,0.714864,65.0,33.650167
93,4,0.725862,66.0,30.514098
93,4,0.73686,67.0,27.377951
93,4,0.747858,68.0,24.241882
93,4,0.758856,69.0,21.105736
93,4,0.769854,70.0,18.59425
93,4,0.780852,71.0,17.519286
93,4,0.79185,72.0,16.444295
93,4,0.802847,73.0,15.36933
93,4,0.813845,74.0,14.294339
93,4,0.824843,75.0,13.219375
93,4,0.835841,76.0,12.144411
93,4,0.846839,77.0,11.06942
93,4,0.857837,78.0,9.994455
93,4,0.868835,79.0,8.919464
93,4,0.879833,80.0,7.8445
93,4,0.890831,81.0,6.769536
93,4,0.901829,82.0,5.8996
93,4,0.912827,83.0,5.9524
93,4,0.923824,84.0,6.005201
93,4,0.934822,85.0,6.058
93,4,0.94582,86.0,6.110799
93,4,0.956818,87.0,6.1636
93,4,0.967816,88.0,6.2164
93,4,0.978814,89.0,6.269201
93,4,0.989812,90.0,6.322
93,4,1.00081,91.0,6.374799
93,4,1.011808,92.0,6.4276
93,4,1.022806,93.0,6.4804
93,4,1.033804,94.0,6.534201
93,4,1.044801,95.0,6.6035
93,4,1.055799,96.0,6.672799
93,4,1.066797,97.0,6.7421
93,4,1.077795,98.0,6.8114
93,4,1.088793,99.0,6.880701
93,4,1.099791,100.0,6.95
93,6,0.0,0.0,7.87
93,6,0.010998,1.0,7.019333
93,6,0.021996,2.0,6.168667
93,6,0.032994,3.0,5.318
93,6,0.043992,4.0,4.467333
93,6,0.05499,5.0,3.616667
93,6,0.065987,6.0,2.766
93,6,0.076985,7.0,1.915333
93,6,0.087983,8.0,1.631714
93,6,0.098981,9.0,1.915143
93,6,0.109979,10.0,2.198571
93,6,0.120977,11.0,2.482
93,6,0.131975,12.0,2.765429
93,6,0.142973,13.0,3.048857
93,6,0.153971,14.0,3.332286
93,6,0.164969,15.0,3.615714
93,6,0.175967,16.0,3.899143
93,6,0.186964,17.0,4.445714
93,6,0.197962,18.0,5.08
93,6,0.20896,19.0,5.714286
93,6,0.219958,20.0,6.348571
93,6,0.230956,21.0,6.982857
93,6,0.241954,22.0,7.617143
93,6,0.252952,23.0,8.251429
93,6,0.26395,24.0,8.885714
93,6,0.274948,25.0,9.52
93,6,0.285946,26.0,10.215
93,6,0.296944,27.0,10.91
93,6,0.307941,28.0,11.605
93,6,0.318939,29.0,12.3
93,6,0.329937,30.0,12.995
93,6,0.340935,31.0,13.69
93,6,0.351933,32.0,14.385
93,6,0.362931,33.0,15.08
93,6,0.373929,34.0,15.775
93,6,0.384927,35.0,16.47
93,6,0.395925,36.0,17.315143
93,6,0.406923,37.0,18.160286
93,6,0.417921,38.0,19.005429
93,6,0.428918,39.0,19.850571
93,6,0.439916,40.0,20.695714
93,6,0.450914,41.0,21.540857
93,6,0.461912,42.0,22.386
93,6,0.47291,43.0,23.231143
93,6,0.483908,44.0,24.076286
93,6,0.494906,45.0,24.921429
93,6,0.505904,46.0,25.766571
93,6,0.516902,47.0,26.611714
93,6,0.5279,48.0,27.456857
93,6,0.538898,49.0,28.302
93,6,0.549895,50.0,29.147143
93,6,0.560893,51.0,29.992286
93,6,0.571891,52.0,30.837429
93,6,0.582889,53.0,35.4
93,6,0.593887,54.0,43.68
93,6,0.604885,55.0,51.96
93,6,0.615883,56.0,51.806857
93,6,0.626881,57.0,51.653714
93,6,0.637879,58.0,51.500571
93,6,0.648877,59.0,51.347429
93,6,0.659875,60.0,51.194286
93,6,0.670873,61.0,51.041143
93,6,0.68187,62.0,50.888
93,6,0.692868,63.0,50.734857
93,6,0.703866,64.0,50.581714
93,6,0.714864,65.0,50.428571
93,6,0.725862,66.0,50.275429
93,6,0.73686,67.0,50.122286
93,6,0.747858,68.0,49.969143
93,6,0.758856,69.0,49.816
93,6,0.769854,70.0,49.662857
93,6,0.780852,71.0,49.509714
93,6,0.79185,72.0,49.356571
93,6,0.802847,73.0,44.566
93,6,0.813845,74.0,35.138
93,6,0.824843,75.0,25.71
93,6,0.835841,76.0,24.328
93,6,0.846839,77.0,22.946
93,6,0.857837,78.0,21.564
93,6,0.868835,79.0,20.182
93,6,0.879833,80.0,18.8
93,6,0.890831,81.0,17.418
93,6,0.901829,82.0,16.036
93,6,0.912827,83.0,14.654
93,6,0.923824,84.0,13.272
93,6,0.934822,85.0,11.89
93,6,0.94582,86.0,11.304
93,6,0.956818,87.0,10.718
93,6,0.967816,88.0,10.132
93,6,0.978814,89.0,9.546
93,6,0.989812,90.0,8.96
93,6,1.00081,91.0,8.866
93,6,1.011808,92.0,8.772
93,6,1.022806,93.0,8.678
93,6,1.033804,94.0,8.584
93,6,1.044801,95.0,8.49
93,6,1.055799,96.0,8.396
93,6,1.066797,97.0,8.302
93,6,1.077795,98.0,8.208
93,6,1.088793,99.0,8.114
93,6,1.099791,100.0,8.02
93,7,0.0,0.0,8.02
93,7,0.010998,1.0,8.254001
93,7,0.021996,2.0,8.488002
93,7,0.032994,3.0,8.721998
93,7,0.043992,4.0,8.955999
93,7,0.05499,5.0,9.19
93,7,0.065987,6.0,9.366667
93,7,0.076985,7.0,9.471668
93,7,0.087983,8.0,9.576666
93,7,0.098981,9.0,9.681666
93,7,0.109979,10.0,9.786667
93,7,0.120977,11.0,9.891667
93,7,0.131975,12.0,9.996668
93,7,0.142973,13.0,10.101666
93,7,0.153971,14.0,10.206666
93,7,0.164969,15.0,10.311667
93,7,0.175967,16.0,10.416667
93,7,0.186964,17.0,10.521668
93,7,0.197962,18.0,10.626666
93,7,0.20896,19.0,10.731666
93,7,0.219958,20.0,10.836667
93,7,0.230956,21.0,10.941667
93,7,0.241954,22.0,11.046668
93,7,0.252952,23.0,12.251586
93,7,0.26395,24.0,13.770793
93,7,0.274948,25.0,15.29
93,7,0.285946,26.0,16.302505
93,7,0.296944,27.0,17.315009
93,7,0.307941,28.0,18.327491
93,7,0.318939,29.0,19.339995
93,7,0.329937,30.0,20.3525
93,7,0.340935,31.0,21.365005
93,7,0.351933,32.0,22.377509
93,7,0.362931,33.0,23.389991
93,7,0.373929,34.0,24.402495
93,7,0.384927,35.0,25.415
93,7,0.395925,36.0,26.427505
93,7,0.406923,37.0,28.307218
93,7,0.417921,38.0,30.295282
93,7,0.428918,39.0,32.283391
93,7,0.439916,40.0,34.2715
93,7,0.450914,41.0,36.259609
93,7,0.461912,42.0,38.247718
93,7,0.47291,43.0,40.235782
93,7,0.483908,44.0,42.223891
93,7,0.494906,45.0,44.212
93,7,0.505904,46.0,46.200109
93,7,0.516902,47.0,48.188218
93,7,0.5279,48.0,49.877385
93,7,0.538898,49.0,51.481193
93,7,0.549895,50.0,53.085
93,7,0.560893,51.0,54.688807
93,7,0.571891,52.0,56.292615
93,7,0.582889,53.0,57.896385
93,7,0.593887,54.0,59.500193
93,7,0.604885,55.0,61.104
93,7,0.615883,56.0,62.707807
93,7,0.626881,57.0,64.311615
93,7,0.637879,58.0,65.915385
93,7,0.648877,59.0,65.344807
93,7,0.659875,60.0,63.687
93,7,0.670873,61.0,62.029193
93,7,0.68187,62.0,60.371385
93,7,0.692868,63.0,58.713615
93,7,0.703866,64.0,56.916127
93,7,0.714864,65.0,54.001143
93,7,0.725862,66.0,51.086158
93,7,0.73686,67.0,48.171174
93,7,0.747858,68.0,45.256255
93,7,0.758856,69.0,42.34127
93,7,0.769854,70.0,39.426286
93,7,0.780852,71.0,36.511301
93,7,0.79185,72.0,33.596316
93,7,0.802847,73.0,30.681398
93,7,0.813845,74.0,28.604803
93,7,0.824843,75.0,27.845714
93,7,0.835841,76.0,27.086625
93,7,0.846839,77.0,26.327536
93,7,0.857837,78.0,25.568464
93,7,0.868835,79.0,24.809375
93,7,0.879833,80.0,24.050286
93,7,0.890831,81.0,23.291197
93,7,0.901829,82.0,22.532107
93,7,0.912827,83.0,21.773035
93,7,0.923824,84.0,21.053203
93,7,0.934822,85.0,20.353
93,7,0.94582,86.0,19.652797
93,7,0.956818,87.0,18.952594
93,7,0.967816,88.0,18.252406
93,7,0.978814,89.0,17.552203
93,7,0.989812,90.0,16.852
93,7,1.00081,91.0,16.151797
93,7,1.011808,92.0,15.451594
93,7,1.022806,93.0,14.751406
93,7,1.033804,94.0,14.051203
93,7,1.044801,95.0,14.019
93,7,1.055799,96.0,14.521202
93,7,1.066797,97.0,15.023405
93,7,1.077795,98.0,15.525595
93,7,1.088793,99.0,16.027798
93,7,1.099791,100.0,16.53
93,8,0.0,0.0,16.53
93,8,0.010998,1.0,16.406501
93,8,0.021996,2.0,16.282999
93,8,0.032994,3.0,16.159501
93,8,0.043992,4.0,16.035999
93,8,0.05499,5.0,15.9125
93,8,0.065987,6.0,15.789001
93,8,0.076985,7.0,15.665499
93,8,0.087983,8.0,15.542001
93,8,0.098981,9.0,15.418499
93,8,0.109979,10.0,15.295
93,8,0.120977,11.0,15.157101
93,8,0.131975,12.0,15.003199
93,8,0.142973,13.0,14.849301
93,8,0.153971,14.0,14.695399
93,8,0.164969,15.0,14.5415
93,8,0.175967,16.0,14.387601
93,8,0.186964,17.0,14.233699
93,8,0.197962,18.0,14.079801
93,8,0.20896,19.0,13.925899
93,8,0.219958,20.0,13.772
93,8,0.230956,21.0,13.618101
93,8,0.241954,22.0,14.823925
93,8,0.252952,23.0,16.105275
93,8,0.26395,24.0,17.386651
93,8,0.274948,25.0,18.668
93,8,0.285946,26.0,19.949349
93,8,0.296944,27.0,21.230725
93,8,0.307941,28.0,22.477304
93,8,0.318939,29.0,23.664301
93,8,0.329937,30.0,24.851273
93,8,0.340935,31.0,26.038244
93,8,0.351933,32.0,27.225241
93,8,0.362931,33.0,28.412213
93,8,0.373929,34.0,29.59921
93,8,0.384927,35.0,30.786182
93,8,0.395925,36.0,31.973153
93,8,0.406923,37.0,33.160151
93,8,0.417921,38.0,34.347122
93,8,0.428918,39.0,35.534119
93,8,0.439916,40.0,36.721091
93,8,0.450914,41.0,37.908063
93,8,0.461912,42.0,39.09506
93,8,0.47291,43.0,41.645888
93,8,0.483908,44.0,44.357223
93,8,0.494906,45.0,47.0685
93,8,0.505904,46.0,49.779777
93,8,0.516902,47.0,52.491112
93,8,0.5279,48.0,55.202388
93,8,0.538898,49.0,57.913723
93,8,0.549895,50.0,60.625
93,8,0.560893,51.0,63.336277
93,8,0.571891,52.0,66.047612
93,8,0.582889,53.0,67.216806
93,8,0.593887,54.0,65.742387
93,8,0.604885,55.0,64.268
93,8,0.615883,56.0,62.663414
93,8,0.626881,57.0,61.012293
93,8,0.637879,58.0,59.361207
93,8,0.648877,59.0,57.710086
93,8,0.659875,60.0,56.059
93,8,0.670873,61.0,54.407914
93,8,0.68187,62.0,52.756793
93,8,0.692868,63.0,51.105707
93,8,0.703866,64.0,49.454586
93,8,0.714864,65.0,47.8035
93,8,0.725862,66.0,45.469242
93,8,0.73686,67.0,40.572879
93,8,0.747858,68.0,35.676621
93,8,0.758856,69.0,30.780258
93,8,0.769854,70.0,25.884
93,8,0.780852,71.0,20.987742
93,8,0.79185,72.0,19.864796
93,8,0.802847,73.0,18.951537
93,8,0.813845,74.0,18.038259
93,8,0.824843,75.0,17.125
93,8,0.835841,76.0,16.211741
93,8,0.846839,77.0,15.298463
93,8,0.857837,78.0,14.385204
93,8,0.868835,79.0,13.471926
93,8,0.879833,80.0,12.558667
93,8,0.890831,81.0,11.645408
93,8,0.901829,82.0,10.732129
93,8,0.912827,83.0,9.818871
93,8,0.923824,84.0,8.905592
93,8,0.934822,85.0,7.992333
93,8,0.94582,86.0,7.079074
93,8,0.956818,87.0,6.523606
93,8,0.967816,88.0,7.876394
93,8,0.978814,89.0,9.229212
93,8,0.989812,90.0,9.758
93,8,1.00081,91.0,9.545202
93,8,1.011808,92.0,9.332399
93,8,1.022806,93.0,9.119601
93,8,1.033804,94.0,8.906798
93,8,1.044801,95.0,8.694
93,8,1.055799,96.0,8.481202
93,8,1.066797,97.0,8.268399
93,8,1.077795,98.0,8.055601
93,8,1.088793,99.0,7.842798
93,8,1.099791,100.0,7.63
93,9,0.0,0.0,7.63
93,9,0.010998,1.0,8.164602
93,9,0.021996,2.0,8.699205
93,9,0.032994,3.0,9.233795
93,9,0.043992,4.0,9.768398
93,9,0.05499,5.0,10.303
93,9,0.065987,6.0,10.734001
93,9,0.076985,7.0,11.035503
93,9,0.087983,8.0,11.336997
93,9,0.098981,9.0,11.638499
93,9,0.109979,10.0,11.94
93,9,0.120977,11.0,12.241501
93,9,0.131975,12.0,12.543003
93,9,0.142973,13.0,12.844497
93,9,0.153971,14.0,13.145999
93,9,0.164969,15.0,13.4475
93,9,0.175967,16.0,13.749001
93,9,0.186964,17.0,14.062503
93,9,0.197962,18.0,14.399997
93,9,0.20896,19.0,14.737498
93,9,0.219958,20.0,15.075
93,9,0.230956,21.0,15.412502
93,9,0.241954,22.0,15.750003
93,9,0.252952,23.0,16.087497
93,9,0.26395,24.0,16.424998
93,9,0.274948,25.0,16.7625
93,9,0.285946,26.0,17.100002
93,9,0.296944,27.0,17.437503
93,9,0.307941,28.0,17.917111
93,9,0.318939,29.0,18.894156
93,9,0.329937,30.0,19.8712
93,9,0.340935,31.0,20.848244
93,9,0.351933,32.0,21.825289
93,9,0.362931,33.0,22.802311
93,9,0.373929,34.0,23.779356
93,9,0.384927,35.0,24.7564
93,9,0.395925,36.0,25.733444
93,9,0.406923,37.0,26.710489
93,9,0.417921,38.0,27.687511
93,9,0.428918,39.0,28.664556
93,9,0.439916,40.0,29.6416
93,9,0.450914,41.0,30.618644
93,9,0.461912,42.0,47.099628
93,9,0.47291,43.0,48.01188
93,9,0.483908,44.0,48.924152
93,9,0.494906,45.0,49.836425
93,9,0.505904,46.0,50.748697
93,9,0.516902,47.0,51.660969
93,9,0.5279,48.0,52.573221
93,9,0.538898,49.0,53.485493
93,9,0.549895,50.0,54.397765
93,9,0.560893,51.0,55.310038
93,9,0.571891,52.0,56.22231
93,9,0.582889,53.0,57.134562
93,9,0.593887,54.0,58.046834
93,9,0.604885,55.0,58.959106
93,9,0.615883,56.0,59.871378
93,9,0.626881,57.0,60.783651
93,9,0.637879,58.0,61.695902
93,9,0.648877,59.0,59.913214
93,9,0.659875,60.0,56.783
93,9,0.670873,61.0,53.652786
93,9,0.68187,62.0,50.522572
93,9,0.692868,63.0,47.392428
93,9,0.703866,64.0,44.424922
93,9,0.714864,65.0,42.759143
93,9,0.725862,66.0,41.093364
93,9,0.73686,67.0,39.427585
93,9,0.747858,68.0,37.761844
93,9,0.758856,69.0,36.096065
93,9,0.769854,70.0,34.430286
93,9,0.780852,71.0,32.764507
93,9,0.79185,72.0,31.098728
93,9,0.802847,73.0,29.432986
93,9,0.813845,74.0,27.767208
93,9,0.824843,75.0,26.101429
93,9,0.835841,76.0,24.43565
93,9,0.846839,77.0,22.769871
93,9,0.857837,78.0,21.104129
93,9,0.868835,79.0,19.43835
93,9,0.879833,80.0,17.772571
93,9,0.890831,81.0,16.106792
93,9,0.901829,82.0,14.441014
93,9,0.912827,83.0,12.775272
93,9,0.923824,84.0,6.196577
93,9,0.934822,85.0,6.31255
93,9,0.94582,86.0,6.428524
93,9,0.956818,87.0,6.544498
93,9,0.967816,88.0,6.660469
93,9,0.978814,89.0,6.776442
93,9,0.989812,90.0,6.892416
93,9,1.00081,91.0,7.00839
93,9,1.011808,92.0,7.124363
93,9,1.022806,93.0,7.240335
93,9,1.033804,94.0,7.356308
93,9,1.044801,95.0,7.472282
93,9,1.055799,96.0,7.588256
93,9,1.066797,97.0,7.704229
93,9,1.077795,98.0,7.990397
93,9,1.088793,99.0,8.325198
93,9,1.099791,100.0,8.66
93,10,0.0,0.0,8.66
93,10,0.010998,1.0,8.378802
93,10,0.021996,2.0,8.097599
93,10,0.032994,3.0,7.816401
93,10,0.043992,4.0,7.535198
93,10,0.05499,5.0,7.254
93,10,0.065987,6.0,6.972802
93,10,0.076985,7.0,6.691599
93,10,0.087983,8.0,6.410401
93,10,0.098981,9.0,6.129198
93,10,0.109979,10.0,5.848
93,10,0.120977,11.0,5.566802
93,10,0.131975,12.0,5.285599
93,10,0.142973,13.0,5.004401
93,10,0.153971,14.0,4.723198
93,10,0.164969,15.0,4.442
93,10,0.175967,16.0,4.690381
93,10,0.186964,17.0,6.92481
93,10,0.197962,18.0,9.15919
93,10,0.20896,19.0,10.481156
93,10,0.219958,20.0,11.1395
93,10,0.230956,21.0,11.797844
93,10,0.241954,22.0,12.456203
93,10,0.252952,23.0,13.114547
93,10,0.26395,24.0,13.772906
93,10,0.274948,25.0,14.43125
93,10,0.285946,26.0,15.089594
93,10,0.296944,27.0,15.747953
93,10,0.307941,28.0,16.406297
93,10,0.318939,29.0,17.166422
93,10,0.329937,30.0,19.758
93,10,0.340935,31.0,22.349578
93,10,0.351933,32.0,24.941211
93,10,0.362931,33.0,27.532789
93,10,0.373929,34.0,30.124422
93,10,0.384927,35.0,32.427
93,10,0.395925,36.0,34.652514
93,10,0.406923,37.0,36.878076
93,10,0.417921,38.0,39.10359
93,10,0.428918,39.0,41.329152
93,10,0.439916,40.0,43.554667
93,10,0.450914,41.0,45.780181
93,10,0.461912,42.0,48.005743
93,10,0.47291,43.0,50.231257
93,10,0.483908,44.0,52.456819
93,10,0.494906,45.0,54.682333
93,10,0.505904,46.0,56.907848
93,10,0.516902,47.0,59.13341
93,10,0.5279,48.0,61.358924
93,10,0.538898,49.0,63.584486
93,10,0.549895,50.0,65.81
93,10,0.560893,51.0,64.787809
93,10,0.571891,52.0,63.765596
93,10,0.582889,53.0,62.462008
93,10,0.593887,54.0,60.675985
93,10,0.604885,55.0,58.89
93,10,0.615883,56.0,57.104015
93,10,0.626881,57.0,55.317992
93,10,0.637879,58.0,53.532008
93,10,0.648877,59.0,51.745985
93,10,0.659875,60.0,49.96
93,10,0.670873,61.0,48.174015
93,10,0.68187,62.0,46.387992
93,10,0.692868,63.0,44.602008
93,10,0.703866,64.0,40.966366
93,10,0.714864,65.0,36.984
93,10,0.725862,66.0,33.001634
93,10,0.73686,67.0,29.019183
93,10,0.747858,68.0,25.036817
93,10,0.758856,69.0,22.824659
93,10,0.769854,70.0,21.9
93,10,0.780852,71.0,20.975341
93,10,0.79185,72.0,20.050663
93,10,0.802847,73.0,19.126004
93,10,0.813845,74.0,18.201325
93,10,0.824843,75.0,17.276667
93,10,0.835841,76.0,16.352008
93,10,0.846839,77.0,15.427329
93,10,0.857837,78.0,14.502671
93,10,0.868835,79.0,13.577992
93,10,0.879833,80.0,12.653333
93,10,0.890831,81.0,11.728675
93,10,0.901829,82.0,10.803996
93,10,0.912827,83.0,9.879337
93,10,0.923824,84.0,8.954659
93,10,0.934822,85.0,9.8355
93,10,0.94582,86.0,11.197788
93,10,0.956818,87.0,12.560106
93,10,0.967816,88.0,13.922394
93,10,0.978814,89.0,15.284712
93,10,0.989812,90.0,15.715
93,10,1.00081,91.0,15.306503
93,10,1.011808,92.0,14.897998
93,10,1.022806,93.0,14.489502
93,10,1.033804,94.0,14.080997
93,10,1.044801,95.0,13.6725
93,10,1.055799,96.0,13.264003
93,10,1.066797,97.0,12.855498
93,10,1.077795,98.0,12.447002
93,10,1.088793,99.0,12.038497
93,10,1.099791,100.0,11.63
93,11,0.0,0.0,11.63
93,11,0.010998,1.0,11.140667
93,11,0.021996,2.0,10.651333
93,11,0.032994,3.0,10.162
93,11,0.043992,4.0,9.672667
93,11,0.05499,5.0,9.183333
93,11,0.065987,6.0,8.694
93,11,0.076985,7.0,8.204667
93,11,0.087983,8.0,8.035
93,11,0.098981,9.0,8.185
93,11,0.109979,10.0,8.335
93,11,0.120977,11.0,8.485
93,11,0.131975,12.0,8.635
93,11,0.142973,13.0,8.785
93,11,0.153971,14.0,8.935
93,11,0.164969,15.0,9.085
93,11,0.175967,16.0,9.235
93,11,0.186964,17.0,9.385
93,11,0.197962,18.0,10.027
93,11,0.20896,19.0,11.161
93,11,0.219958,20.0,12.295
93,11,0.230956,21.0,13.429
93,11,0.241954,22.0,14.563
93,11,0.252952,23.0,15.869273
93,11,0.26395,24.0,17.347818
93,11,0.274948,25.0,18.826364
93,11,0.285946,26.0,20.304909
93,11,0.296944,27.0,21.783455
93,11,0.307941,28.0,23.262
93,11,0.318939,29.0,24.740545
93,11,0.329937,30.0,26.219091
93,11,0.340935,31.0,27.697636
93,11,0.351933,32.0,29.176182
93,11,0.362931,33.0,30.654727
93,11,0.373929,34.0,32.133273
93,11,0.384927,35.0,33.611818
93,11,0.395925,36.0,35.090364
93,11,0.406923,37.0,36.568909
93,11,0.417921,38.0,38.047455
93,11,0.428918,39.0,39.526
93,11,0.439916,40.0,41.004545
93,11,0.450914,41.0,42.483091
93,11,0.461912,42.0,43.961636
93,11,0.47291,43.0,45.440182
93,11,0.483908,44.0,46.918727
93,11,0.494906,45.0,48.397273
93,11,0.505904,46.0,49.875818
93,11,0.516902,47.0,51.354364
93,11,0.5279,48.0,52.832909
93,11,0.538898,49.0,54.311455
93,11,0.549895,50.0,55.79
93,11,0.560893,51.0,71.704944
93,11,0.571891,52.0,68.710337
93,11,0.582889,53.0,65.71573
93,11,0.593887,54.0,62.721124
93,11,0.604885,55.0,59.726517
93,11,0.615883,56.0,56.73191
93,11,0.626881,57.0,53.737303
93,11,0.637879,58.0,50.8375
93,11,0.648877,59.0,48.0325
93,11,0.659875,60.0,45.2275
93,11,0.670873,61.0,42.4225
93,11,0.68187,62.0,39.6175
93,11,0.692868,63.0,36.8125
93,11,0.703866,64.0,34.0075
93,11,0.714864,65.0,31.2025
93,11,0.725862,66.0,28.3975
93,11,0.73686,67.0,25.5925
93,11,0.747858,68.0,23.357
93,11,0.758856,69.0,21.691
93,11,0.769854,70.0,20.025
93,11,0.780852,71.0,18.359
93,11,0.79185,72.0,16.693
93,11,0.802847,73.0,15.602333
93,11,0.813845,74.0,15.087
93,11,0.824843,75.0,14.571667
93,11,0.835841,76.0,14.056333
93,11,0.846839,77.0,13.541
93,11,0.857837,78.0,13.025667
93,11,0.868835,79.0,12.510333
93,11,0.879833,80.0,11.995
93,11,0.890831,81.0,11.479667
93,11,0.901829,82.0,10.964333
93,11,0.912827,83.0,10.449
93,11,0.923824,84.0,9.933667
93,11,0.934822,85.0,9.418333
93,11,0.94582,86.0,8.903
93,11,0.956818,87.0,8.387667
93,11,0.967816,88.0,8.188
93,11,0.978814,89.0,8.304
93,11,0.989812,90.0,8.42
93,11,1.00081,91.0,8.307
93,11,1.011808,92.0,8.194
93,11,1.022806,93.0,8.081
93,11,1.033804,94.0,7.968
93,11,1.044801,95.0,7.855
93,11,1.055799,96.0,7.742
93,11,1.066797,97.0,7.629
93,11,1.077795,98.0,7.516
93,11,1.088793,99.0,7.403
93,11,1.099791,100.0,7.29
93,12,0.0,0.0,7.29
93,12,0.010998,1.0,7.583532
93,12,0.021996,2.0,7.877064
93,12,0.032994,3.0,8.170603
93,12,0.043992,4.0,8.464135
93,12,0.05499,5.0,8.757667
93,12,0.065987,6.0,9.051199
93,12,0.076985,7.0,9.344731
93,12,0.087983,8.0,9.638269
93,12,0.098981,9.0,9.914951
93,12,0.109979,10.0,10.113
93,12,0.120977,11.0,10.311049
93,12,0.131975,12.0,10.509098
93,12,0.142973,13.0,10.707152
93,12,0.153971,14.0,10.905201
93,12,0.164969,15.0,11.10325
93,12,0.175967,16.0,11.301299
93,12,0.186964,17.0,11.499348
93,12,0.197962,18.0,11.697402
93,12,0.20896,19.0,11.895451
93,12,0.219958,20.0,12.0935
93,12,0.230956,21.0,12.629295
93,12,0.241954,22.0,13.64759
93,12,0.252952,23.0,14.66591
93,12,0.26395,24.0,15.684205
93,12,0.274948,25.0,16.7025
93,12,0.285946,26.0,17.720795
93,12,0.296944,27.0,18.72739
93,12,0.307941,28.0,19.72361
93,12,0.318939,29.0,20.719805
93,12,0.329937,30.0,21.716
93,12,0.340935,31.0,22.712195
93,12,0.351933,32.0,23.70839
93,12,0.362931,33.0,24.70461
93,12,0.373929,34.0,25.700805
93,12,0.384927,35.0,26.697
93,12,0.395925,36.0,27.693195
93,12,0.406923,37.0,28.68939
93,12,0.417921,38.0,29.68561
93,12,0.428918,39.0,31.323063
93,12,0.439916,40.0,33.157818
93,12,0.450914,41.0,34.992573
93,12,0.461912,42.0,36.827328
93,12,0.47291,43.0,38.662127
93,12,0.483908,44.0,40.496882
93,12,0.494906,45.0,42.331636
93,12,0.505904,46.0,44.166391
93,12,0.516902,47.0,46.001146
93,12,0.5279,48.0,47.835945
93,12,0.538898,49.0,49.6707
93,12,0.549895,50.0,51.505455
93,12,0.560893,51.0,53.340209
93,12,0.571891,52.0,55.174964
93,12,0.582889,53.0,57.009763
93,12,0.593887,54.0,58.844518
93,12,0.604885,55.0,59.092
93,12,0.615883,56.0,58.228404
93,12,0.626881,57.0,57.364808
93,12,0.637879,58.0,56.501192
93,12,0.648877,59.0,55.637596
93,12,0.659875,60.0,54.774
93,12,0.670873,61.0,53.910404
93,12,0.68187,62.0,51.585268
93,12,0.692868,63.0,44.509732
93,12,0.703866,64.0,37.434366
93,12,0.714864,65.0,32.0235
93,12,0.725862,66.0,30.607407
93,12,0.73686,67.0,29.191314
93,12,0.747858,68.0,27.775186
93,12,0.758856,69.0,26.359093
93,12,0.769854,70.0,24.943
93,12,0.780852,71.0,23.526907
93,12,0.79185,72.0,22.110814
93,12,0.802847,73.0,20.694686
93,12,0.813845,74.0,19.278593
93,12,0.824843,75.0,17.8625
93,12,0.835841,76.0,16.446407
93,12,0.846839,77.0,15.600903
93,12,0.857837,78.0,15.262597
93,12,0.868835,79.0,14.924298
93,12,0.879833,80.0,14.586
93,12,0.890831,81.0,14.247702
93,12,0.901829,82.0,13.909403
93,12,0.912827,83.0,13.571097
93,12,0.923824,84.0,13.232798
93,12,0.934822,85.0,12.8945
93,12,0.94582,86.0,12.556202
93,12,0.956818,87.0,12.217903
93,12,0.967816,88.0,11.879597
93,12,0.978814,89.0,11.915051
93,12,0.989812,90.0,12.0655
93,12,1.00081,91.0,12.215949
93,12,1.011808,92.0,12.366399
93,12,1.022806,93.0,12.516851
93,12,1.033804,94.0,12.667301
93,12,1.044801,95.0,12.81775
93,12,1.055799,96.0,12.968199
93,12,1.066797,97.0,13.118649
93,12,1.077795,98.0,13.269101
93,12,1.088793,99.0,13.419551
93,12,1.099791,100.0,13.57
94,2,0.0,0.0,6.44
94,2,0.010998,1.0,6.198685
94,2,0.021996,2.0,5.95737
94,2,0.032994,3.0,5.716059
94,2,0.043992,4.0,5.474744
94,2,0.05499,5.0,5.233429
94,2,0.065987,6.0,4.992113
94,2,0.076985,7.0,4.750798
94,2,0.087983,8.0,4.509488
94,2,0.098981,9.0,4.540141
94,2,0.109979,10.0,4.885714
94,2,0.120977,11.0,5.231287
94,2,0.131975,12.0,5.57686
94,2,0.142973,13.0,5.922426
94,2,0.153971,14.0,6.267999
94,2,0.164969,15.0,6.613571
94,2,0.175967,16.0,6.959144
94,2,0.186964,17.0,7.304717
94,2,0.197962,18.0,7.671997
94,2,0.20896,19.0,8.040999
94,2,0.219958,20.0,8.41
94,2,0.230956,21.0,8.779001
94,2,0.241954,22.0,9.148003
94,2,0.252952,23.0,9.516997
94,2,0.26395,24.0,9.885999
94,2,0.274948,25.0,10.255
94,2,0.285946,26.0,10.87909
94,2,0.296944,27.0,11.901751
94,2,0.307941,28.0,12.924392
94,2,0.318939,29.0,13.947053
94,2,0.329937,30.0,14.969714
94,2,0.340935,31.0,15.992375
94,2,0.351933,32.0,17.015037
94,2,0.362931,33.0,18.037678
94,2,0.373929,34.0,19.060339
94,2,0.384927,35.0,21.189559
94,2,0.395925,36.0,23.50848
94,2,0.406923,37.0,25.827401
94,2,0.417921,38.0,28.146276
94,2,0.428918,39.0,30.465197
94,2,0.439916,40.0,32.784118
94,2,0.450914,41.0,35.103039
94,2,0.461912,42.0,37.42196
94,2,0.47291,43.0,39.740835
94,2,0.483908,44.0,42.059756
94,2,0.494906,45.0,44.378676
94,2,0.505904,46.0,47.37808
94,2,0.516902,47.0,50.551076
94,2,0.5279,48.0,53.724009
94,2,0.538898,49.0,56.897004
94,2,0.549895,50.0,60.07
94,2,0.560893,51.0,60.520324
94,2,0.571891,52.0,60.970648
94,2,0.582889,53.0,61.420963
94,2,0.593887,54.0,61.871287
94,2,0.604885,55.0,62.321612
94,2,0.615883,56.0,62.771936
94,2,0.626881,57.0,63.22226
94,2,0.637879,58.0,63.672575
94,2,0.648877,59.0,64.122899
94,2,0.659875,60.0,63.788
94,2,0.670873,61.0,59.409183
94,2,0.68187,62.0,55.030365
94,2,0.692868,63.0,50.651635
94,2,0.703866,64.0,46.272817
94,2,0.714864,65.0,41.894
94,2,0.725862,66.0,37.628836
94,2,0.73686,67.0,34.997335
94,2,0.747858,68.0,32.365886
94,2,0.758856,69.0,29.734385
94,2,0.769854,70.0,27.102885
94,2,0.780852,71.0,24.471384
94,2,0.79185,72.0,21.839883
94,2,0.802847,73.0,19.208434
94,2,0.813845,74.0,16.576934
94,2,0.824843,75.0,14.928571
94,2,0.835841,76.0,13.909425
94,2,0.846839,77.0,12.890278
94,2,0.857837,78.0,11.871151
94,2,0.868835,79.0,10.852004
94,2,0.879833,80.0,9.832857
94,2,0.890831,81.0,8.81371
94,2,0.901829,82.0,7.794563
94,2,0.912827,83.0,6.836985
94,2,0.923824,84.0,6.659092
94,2,0.934822,85.0,6.481198
94,2,0.94582,86.0,6.303305
94,2,0.956818,87.0,6.125412
94,2,0.967816,88.0,5.947522
94,2,0.978814,89.0,5.769629
94,2,0.989812,90.0,5.591736
94,2,1.00081,91.0,5.413842
94,2,1.011808,92.0,5.235949
94,2,1.022806,93.0,5.073282
94,2,1.033804,94.0,4.959956
94,2,1.044801,95.0,4.846629
94,2,1.055799,96.0,4.733303
94,2,1.066797,97.0,4.619977
94,2,1.077795,98.0,4.506653
94,2,1.088793,99.0,4.393326
94,2,1.099791,100.0,4.28
94,3,0.0,0.0,4.28
94,3,0.010998,1.0,4.152939
94,3,0.021996,2.0,4.025878
94,3,0.032994,3.0,3.898815
94,3,0.043992,4.0,3.771754
94,3,0.05499,5.0,3.644693
94,3,0.065987,6.0,3.517633
94,3,0.076985,7.0,3.390572
94,3,0.087983,8.0,3.263508
94,3,0.098981,9.0,3.136448
94,3,0.109979,10.0,3.249595
94,3,0.120977,11.0,3.874038
94,3,0.131975,12.0,4.498481
94,3,0.142973,13.0,5.122938
94,3,0.153971,14.0,5.747381
94,3,0.164969,15.0,6.371824
94,3,0.175967,16.0,6.996267
94,3,0.186964,17.0,7.562991
94,3,0.197962,18.0,8.084674
94,3,0.20896,19.0,8.606347
94,3,0.219958,20.0,9.128019
94,3,0.230956,21.0,9.649691
94,3,0.241954,22.0,10.171363
94,3,0.252952,23.0,10.693047
94,3,0.26395,24.0,11.214719
94,3,0.274948,25.0,11.736392
94,3,0.285946,26.0,12.258064
94,3,0.296944,27.0,13.50464
94,3,0.307941,28.0,14.848907
94,3,0.318939,29.0,16.193144
94,3,0.329937,30.0,17.537381
94,3,0.340935,31.0,18.881618
94,3,0.351933,32.0,20.225855
94,3,0.362931,33.0,21.570122
94,3,0.373929,34.0,22.914358
94,3,0.384927,35.0,24.258595
94,3,0.395925,36.0,25.979219
94,3,0.406923,37.0,28.611419
94,3,0.417921,38.0,31.243677
94,3,0.428918,39.0,33.875877
94,3,0.439916,40.0,36.508077
94,3,0.450914,41.0,39.140277
94,3,0.461912,42.0,41.772477
94,3,0.47291,43.0,44.404735
94,3,0.483908,44.0,47.036935
94,3,0.494906,45.0,49.669135
94,3,0.505904,46.0,51.292937
94,3,0.516902,47.0,52.655945
94,3,0.5279,48.0,54.018984
94,3,0.538898,49.0,55.381992
94,3,0.549895,50.0,56.745
94,3,0.560893,51.0,58.108008
94,3,0.571891,52.0,59.471016
94,3,0.582889,53.0,60.834055
94,3,0.593887,54.0,62.197063
94,3,0.604885,55.0,63.095202
94,3,0.615883,56.0,62.195857
94,3,0.626881,57.0,61.296512
94,3,0.637879,58.0,60.397146
94,3,0.648877,59.0,59.497801
94,3,0.659875,60.0,58.598456
94,3,0.670873,61.0,57.699111
94,3,0.68187,62.0,56.799765
94,3,0.692868,63.0,55.9004
94,3,0.703866,64.0,55.001055
94,3,0.714864,65.0,54.10171
94,3,0.725862,66.0,53.202364
94,3,0.73686,67.0,52.303019
94,3,0.747858,68.0,45.747882
94,3,0.758856,69.0,37.647407
94,3,0.769854,70.0,29.546932
94,3,0.780852,71.0,21.446457
94,3,0.79185,72.0,18.620455
94,3,0.802847,73.0,17.395656
94,3,0.813845,74.0,16.170883
94,3,0.824843,75.0,14.946111
94,3,0.835841,76.0,13.721339
94,3,0.846839,77.0,12.496566
94,3,0.857837,78.0,11.271767
94,3,0.868835,79.0,10.046995
94,3,0.879833,80.0,8.822222
94,3,0.890831,81.0,7.59745
94,3,0.901829,82.0,6.372678
94,3,0.912827,83.0,5.147878
94,3,0.923824,84.0,4.609762
94,3,0.934822,85.0,4.9514
94,3,0.94582,86.0,5.293038
94,3,0.956818,87.0,5.634677
94,3,0.967816,88.0,5.976323
94,3,0.978814,89.0,6.317962
94,3,0.989812,90.0,6.6596
94,3,1.00081,91.0,6.683901
94,3,1.011808,92.0,6.486802
94,3,1.022806,93.0,6.289698
94,3,1.033804,94.0,6.092599
94,3,1.044801,95.0,5.8955
94,3,1.055799,96.0,5.698401
94,3,1.066797,97.0,5.501302
94,3,1.077795,98.0,5.304198
94,3,1.088793,99.0,5.107099
94,3,1.099791,100.0,4.91
94,4,0.0,0.0,4.91
94,4,0.010998,1.0,4.957806
94,4,0.021996,2.0,5.005611
94,4,0.032994,3.0,5.053417
94,4,0.043992,4.0,5.101222
94,4,0.05499,5.0,5.149028
94,4,0.065987,6.0,5.196834
94,4,0.076985,7.0,5.24464
94,4,0.087983,8.0,5.292445
94,4,0.098981,9.0,5.340251
94,4,0.109979,10.0,5.4001
94,4,0.120977,11.0,5.479794
94,4,0.131975,12.0,5.559486
94,4,0.142973,13.0,5.63918
94,4,0.153971,14.0,5.718873
94,4,0.164969,15.0,5.798567
94,4,0.175967,16.0,5.878259
94,4,0.186964,17.0,5.957954
94,4,0.197962,18.0,6.037646
94,4,0.20896,19.0,6.11734
94,4,0.219958,20.0,6.197033
94,4,0.230956,21.0,6.788231
94,4,0.241954,22.0,7.740292
94,4,0.252952,23.0,8.692374
94,4,0.26395,24.0,9.644435
94,4,0.274948,25.0,10.596517
94,4,0.285946,26.0,11.548599
94,4,0.296944,27.0,12.50066
94,4,0.307941,28.0,13.452742
94,4,0.318939,29.0,14.794226
94,4,0.329937,30.0,16.414586
94,4,0.340935,31.0,18.03491
94,4,0.351933,32.0,19.65527
94,4,0.362931,33.0,21.275594
94,4,0.373929,34.0,22.895954
94,4,0.384927,35.0,24.516279
94,4,0.395925,36.0,26.136639
94,4,0.406923,37.0,27.756963
94,4,0.417921,38.0,29.652339
94,4,0.428918,39.0,33.232938
94,4,0.439916,40.0,36.813616
94,4,0.450914,41.0,40.394215
94,4,0.461912,42.0,43.974893
94,4,0.47291,43.0,47.555492
94,4,0.483908,44.0,51.136169
94,4,0.494906,45.0,53.697633
94,4,0.505904,46.0,54.702593
94,4,0.516902,47.0,55.707531
94,4,0.5279,48.0,56.71249
94,4,0.538898,49.0,57.717428
94,4,0.549895,50.0,58.722388
94,4,0.560893,51.0,59.727348
94,4,0.571891,52.0,60.732286
94,4,0.582889,53.0,61.737246
94,4,0.593887,54.0,62.742183
94,4,0.604885,55.0,63.747143
94,4,0.615883,56.0,64.752081
94,4,0.626881,57.0,64.033712
94,4,0.637879,58.0,60.04835
94,4,0.648877,59.0,56.0629
94,4,0.659875,60.0,52.077537
94,4,0.670873,61.0,48.092087
94,4,0.68187,62.0,44.106725
94,4,0.692868,63.0,40.121275
94,4,0.703866,64.0,37.242538
94,4,0.714864,65.0,35.099292
94,4,0.725862,66.0,32.956094
94,4,0.73686,67.0,30.812849
94,4,0.747858,68.0,28.669651
94,4,0.758856,69.0,26.526406
94,4,0.769854,70.0,24.383208
94,4,0.780852,71.0,22.239962
94,4,0.79185,72.0,20.096764
94,4,0.802847,73.0,18.048358
94,4,0.813845,74.0,17.292777
94,4,0.824843,75.0,16.537179
94,4,0.835841,76.0,15.781582
94,4,0.846839,77.0,15.026001
94,4,0.857837,78.0,14.270403
94,4,0.868835,79.0,13.514822
94,4,0.879833,80.0,12.759224
94,4,0.890831,81.0,12.003643
94,4,0.901829,82.0,11.248045
94,4,0.912827,83.0,10.492464
94,4,0.923824,84.0,9.736866
94,4,0.934822,85.0,8.981285
94,4,0.94582,86.0,8.225688
94,4,0.956818,87.0,7.470107
94,4,0.967816,88.0,6.714509
94,4,0.978814,89.0,5.958928
94,4,0.989812,90.0,5.20333
94,4,1.00081,91.0,4.593022
94,4,1.011808,92.0,4.110307
94,4,1.022806,93.0,3.627604
94,4,1.033804,94.0,3.14489
94,4,1.044801,95.0,3.098965
94,4,1.055799,96.0,3.375175
94,4,1.066797,97.0,3.651378
94,4,1.077795,98.0,3.927587
94,4,1.088793,99.0,4.203791
94,4,1.099791,100.0,4.48
94,5,0.0,0.0,4.48
94,5,0.010998,1.0,4.545325
94,5,0.021996,2.0,4.610651
94,5,0.032994,3.0,4.675974
94,5,0.043992,4.0,4.7413
94,5,0.05499,5.0,4.806625
94,5,0.065987,6.0,4.87195
94,5,0.076985,7.0,4.937276
94,5,0.087983,8.0,5.002599
94,5,0.098981,9.0,5.067925
94,5,0.109979,10.0,5.13325
94,5,0.120977,11.0,5.198575
94,5,0.131975,12.0,5.294855
94,5,0.142973,13.0,5.87857
94,5,0.153971,14.0,6.462299
94,5,0.164969,15.0,7.046027
94,5,0.175967,16.0,7.629756
94,5,0.186964,17.0,8.213485
94,5,0.197962,18.0,8.7972
94,5,0.20896,19.0,9.380929
94,5,0.219958,20.0,10.081481
94,5,0.230956,21.0,10.811971
94,5,0.241954,22.0,11.542461
94,5,0.252952,23.0,12.272933
94,5,0.26395,24.0,13.003422
94,5,0.274948,25.0,13.733912
94,5,0.285946,26.0,14.464402
94,5,0.296944,27.0,15.194891
94,5,0.307941,28.0,15.925363
94,5,0.318939,29.0,16.655853
94,5,0.329937,30.0,17.437585
94,5,0.340935,31.0,19.198047
94,5,0.351933,32.0,20.958509
94,5,0.362931,33.0,22.718928
94,5,0.373929,34.0,24.47939
94,5,0.384927,35.0,26.239852
94,5,0.395925,36.0,28.000314
94,5,0.406923,37.0,29.760776
94,5,0.417921,38.0,31.521195
94,5,0.428918,39.0,33.281657
94,5,0.439916,40.0,35.042119
94,5,0.450914,41.0,36.802581
94,5,0.461912,42.0,38.874574
94,5,0.47291,43.0,41.644907
94,5,0.483908,44.0,44.415307
94,5,0.494906,45.0,47.185708
94,5,0.505904,46.0,49.956108
94,5,0.516902,47.0,52.726508
94,5,0.5279,48.0,55.496841
94,5,0.538898,49.0,58.267241
94,5,0.549895,50.0,61.037642
94,5,0.560893,51.0,63.808042
94,5,0.571891,52.0,66.578442
94,5,0.582889,53.0,66.225519
94,5,0.593887,54.0,64.892745
94,5,0.604885,55.0,63.559972
94,5,0.615883,56.0,62.227198
94,5,0.626881,57.0,60.894425
94,5,0.637879,58.0,59.561683
94,5,0.648877,59.0,58.22891
94,5,0.659875,60.0,56.896136
94,5,0.670873,61.0,55.558031
94,5,0.68187,62.0,53.154634
94,5,0.692868,63.0,50.751295
94,5,0.703866,64.0,48.347897
94,5,0.714864,65.0,45.9445
94,5,0.725862,66.0,43.541103
94,5,0.73686,67.0,41.137705
94,5,0.747858,68.0,38.734366
94,5,0.758856,69.0,36.330969
94,5,0.769854,70.0,33.927571
94,5,0.780852,71.0,31.524174
94,5,0.79185,72.0,29.061469
94,5,0.802847,73.0,26.551698
94,5,0.813845,74.0,24.041866
94,5,0.824843,75.0,21.532033
94,5,0.835841,76.0,19.022201
94,5,0.846839,77.0,16.512369
94,5,0.857837,78.0,14.002598
94,5,0.868835,79.0,11.725916
94,5,0.879833,80.0,11.68271
94,5,0.890831,81.0,11.639504
94,5,0.901829,82.0,11.596299
94,5,0.912827,83.0,11.553094
94,5,0.923824,84.0,11.509888
94,5,0.934822,85.0,11.466682
94,5,0.94582,86.0,11.423476
94,5,0.956818,87.0,11.380271
94,5,0.967816,88.0,11.337066
94,5,0.978814,89.0,11.29386
94,5,0.989812,90.0,11.354857
94,5,1.00081,91.0,11.544372
94,5,1.011808,92.0,11.733888
94,5,1.022806,93.0,11.923398
94,5,1.033804,94.0,12.112913
94,5,1.044801,95.0,12.302429
94,5,1.055799,96.0,12.491944
94,5,1.066797,97.0,12.681459
94,5,1.077795,98.0,12.87097
94,5,1.088793,99.0,13.060485
94,5,1.099791,100.0,13.25
94,6,0.0,0.0,13.25
94,6,0.010998,1.0,13.084492
94,6,0.021996,2.0,12.918984
94,6,0.032994,3.0,12.753475
94,6,0.043992,4.0,12.58797
94,6,0.05499,5.0,12.422462
94,6,0.065987,6.0,12.256954
94,6,0.076985,7.0,12.091446
94,6,0.087983,8.0,11.933035
94,6,0.098981,9.0,12.056674
94,6,0.109979,10.0,12.18031
94,6,0.120977,11.0,12.303949
94,6,0.131975,12.0,12.427588
94,6,0.142973,13.0,12.551227
94,6,0.153971,14.0,12.674866
94,6,0.164969,15.0,12.798505
94,6,0.175967,16.0,12.922141
94,6,0.186964,17.0,13.04578
94,6,0.197962,18.0,13.169419
94,6,0.20896,19.0,13.13773
94,6,0.219958,20.0,13.03015
94,6,0.230956,21.0,12.922569
94,6,0.241954,22.0,12.814991
94,6,0.252952,23.0,12.707411
94,6,0.26395,24.0,12.59983
94,6,0.274948,25.0,12.49225
94,6,0.285946,26.0,12.38467
94,6,0.296944,27.0,12.277089
94,6,0.307941,28.0,12.965655
94,6,0.318939,29.0,14.554381
94,6,0.329937,30.0,16.143137
94,6,0.340935,31.0,17.731893
94,6,0.351933,32.0,19.10025
94,6,0.362931,33.0,20.379308
94,6,0.373929,34.0,21.658365
94,6,0.384927,35.0,22.937399
94,6,0.395925,36.0,24.216457
94,6,0.406923,37.0,25.495515
94,6,0.417921,38.0,26.774572
94,6,0.428918,39.0,28.05363
94,6,0.439916,40.0,29.332688
94,6,0.450914,41.0,31.562077
94,6,0.461912,42.0,33.905806
94,6,0.47291,43.0,36.249536
94,6,0.483908,44.0,38.593266
94,6,0.494906,45.0,40.936995
94,6,0.505904,46.0,43.237404
94,6,0.516902,47.0,45.274096
94,6,0.5279,48.0,47.310826
94,6,0.538898,49.0,49.347556
94,6,0.549895,50.0,51.384286
94,6,0.560893,51.0,53.421016
94,6,0.571891,52.0,55.457746
94,6,0.582889,53.0,57.494475
94,6,0.593887,54.0,59.281171
94,6,0.604885,55.0,58.50738
94,6,0.615883,56.0,57.733589
94,6,0.626881,57.0,56.959798
94,6,0.637879,58.0,56.186007
94,6,0.648877,59.0,55.412216
94,6,0.659875,60.0,54.63844
94,6,0.670873,61.0,53.864649
94,6,0.68187,62.0,53.090858
94,6,0.692868,63.0,50.711453
94,6,0.703866,64.0,48.265359
94,6,0.714864,65.0,45.819265
94,6,0.725862,66.0,43.373217
94,6,0.73686,67.0,40.927123
94,6,0.747858,68.0,38.481029
94,6,0.758856,69.0,36.034935
94,6,0.769854,70.0,33.588841
94,6,0.780852,71.0,31.142747
94,6,0.79185,72.0,29.466543
94,6,0.802847,73.0,28.036534
94,6,0.813845,74.0,26.606526
94,6,0.824843,75.0,25.176517
94,6,0.835841,76.0,23.746508
94,6,0.846839,77.0,22.316499
94,6,0.857837,78.0,20.886491
94,6,0.868835,79.0,19.851622
94,6,0.879833,80.0,18.845325
94,6,0.890831,81.0,17.839027
94,6,0.901829,82.0,16.83273
94,6,0.912827,83.0,15.826432
94,6,0.923824,84.0,14.820135
94,6,0.934822,85.0,13.813857
94,6,0.94582,86.0,12.807559
94,6,0.956818,87.0,12.040682
94,6,0.967816,88.0,11.332291
94,6,0.978814,89.0,10.6239
94,6,0.989812,90.0,9.915508
94,6,1.00081,91.0,9.20713
94,6,1.011808,92.0,8.547526
94,6,1.022806,93.0,8.217835
94,6,1.033804,94.0,7.888143
94,6,1.044801,95.0,7.558452
94,6,1.055799,96.0,7.22876
94,6,1.066797,97.0,6.899075
94,6,1.077795,98.0,6.569383
94,6,1.088793,99.0,6.239692
94,6,1.099791,100.0,5.91
94,7,0.0,0.0,5.91
94,7,0.010998,1.0,6.01399
94,7,0.021996,2.0,6.117981
94,7,0.032994,3.0,6.221971
94,7,0.043992,4.0,6.325962
94,7,0.05499,5.0,6.429952
94,7,0.065987,6.0,6.533942
94,7,0.076985,7.0,6.637933
94,7,0.087983,8.0,6.741923
94,7,0.098981,9.0,6.845913
94,7,0.109979,10.0,6.960189
94,7,0.120977,11.0,7.17217
94,7,0.131975,12.0,7.384151
94,7,0.142973,13.0,7.596132
94,7,0.153971,14.0,7.808113
94,7,0.164969,15.0,8.020094
94,7,0.175967,16.0,8.232075
94,7,0.186964,17.0,8.444057
94,7,0.197962,18.0,8.656038
94,7,0.20896,19.0,8.868019
94,7,0.219958,20.0,9.08
94,7,0.230956,21.0,9.959
94,7,0.241954,22.0,10.838
94,7,0.252952,23.0,11.717
94,7,0.26395,24.0,12.596
94,7,0.274948,25.0,13.475
94,7,0.285946,26.0,14.354
94,7,0.296944,27.0,15.233
94,7,0.307941,28.0,16.112
94,7,0.318939,29.0,16.991
94,7,0.329937,30.0,17.87
94,7,0.340935,31.0,20.481765
94,7,0.351933,32.0,23.093529
94,7,0.362931,33.0,25.705294
94,7,0.373929,34.0,28.317059
94,7,0.384927,35.0,30.928824
94,7,0.395925,36.0,33.540588
94,7,0.406923,37.0,36.152353
94,7,0.417921,38.0,38.764118
94,7,0.428918,39.0,41.375882
94,7,0.439916,40.0,43.987647
94,7,0.450914,41.0,46.599412
94,7,0.461912,42.0,48.230744
94,7,0.47291,43.0,49.37186
94,7,0.483908,44.0,50.512975
94,7,0.494906,45.0,51.654091
94,7,0.505904,46.0,52.795207
94,7,0.516902,47.0,53.936322
94,7,0.5279,48.0,55.077438
94,7,0.538898,49.0,56.218554
94,7,0.549895,50.0,57.359669
94,7,0.560893,51.0,58.500785
94,7,0.571891,52.0,59.641901
94,7,0.582889,53.0,60.4772
94,7,0.593887,54.0,59.4776
94,7,0.604885,55.0,58.478
94,7,0.615883,56.0,57.4784
94,7,0.626881,57.0,56.4788
94,7,0.637879,58.0,55.4792
94,7,0.648877,59.0,54.4796
94,7,0.659875,60.0,53.48
94,7,0.670873,61.0,49.8022
94,7,0.68187,62.0,46.1244
94,7,0.692868,63.0,42.4466
94,7,0.703866,64.0,38.7688
94,7,0.714864,65.0,35.091
94,7,0.725862,66.0,31.4132
94,7,0.73686,67.0,27.7354
94,7,0.747858,68.0,25.807714
94,7,0.758856,69.0,24.171714
94,7,0.769854,70.0,22.535714
94,7,0.780852,71.0,20.899714
94,7,0.79185,72.0,19.263714
94,7,0.802847,73.0,17.627714
94,7,0.813845,74.0,15.991714
94,7,0.824843,75.0,14.355714
94,7,0.835841,76.0,12.719714
94,7,0.846839,77.0,11.083714
94,7,0.857837,78.0,10.634519
94,7,0.868835,79.0,10.383125
94,7,0.879833,80.0,10.131731
94,7,0.890831,81.0,9.880337
94,7,0.901829,82.0,9.628942
94,7,0.912827,83.0,9.377548
94,7,0.923824,84.0,9.126154
94,7,0.934822,85.0,8.87476
94,7,0.94582,86.0,8.623365
94,7,0.956818,87.0,8.371971
94,7,0.967816,88.0,7.965882
94,7,0.978814,89.0,7.552059
94,7,0.989812,90.0,7.138235
94,7,1.00081,91.0,6.724412
94,7,1.011808,92.0,6.310588
94,7,1.022806,93.0,5.896765
94,7,1.033804,94.0,5.482941
94,7,1.044801,95.0,5.069118
94,7,1.055799,96.0,4.655294
94,7,1.066797,97.0,4.241471
94,7,1.077795,98.0,3.827647
94,7,1.088793,99.0,3.413824
94,7,1.099791,100.0,3.0
94,8,0.0,0.0,3.0
94,8,0.010998,1.0,3.411796
94,8,0.021996,2.0,3.823602
94,8,0.032994,3.0,4.235398
94,8,0.043992,4.0,4.647204
94,8,0.05499,5.0,5.059
94,8,0.065987,6.0,5.470796
94,8,0.076985,7.0,5.882602
94,8,0.087983,8.0,6.045714
94,8,0.098981,9.0,6.197859
94,8,0.109979,10.0,6.35
94,8,0.120977,11.0,6.502141
94,8,0.131975,12.0,6.654286
94,8,0.142973,13.0,6.806428
94,8,0.153971,14.0,6.958573
94,8,0.164969,15.0,7.110714
94,8,0.175967,16.0,7.262856
94,8,0.186964,17.0,7.484704
94,8,0.197962,18.0,8.343796
94,8,0.20896,19.0,9.202908
94,8,0.219958,20.0,10.062
94,8,0.230956,21.0,10.921092
94,8,0.241954,22.0,11.780204
94,8,0.252952,23.0,12.639296
94,8,0.26395,24.0,13.496522
94,8,0.274948,25.0,14.322143
94,8,0.285946,26.0,15.147764
94,8,0.296944,27.0,15.973404
94,8,0.307941,28.0,16.799025
94,8,0.318939,29.0,17.624665
94,8,0.329937,30.0,18.450286
94,8,0.340935,31.0,19.275907
94,8,0.351933,32.0,20.101547
94,8,0.362931,33.0,20.927168
94,8,0.373929,34.0,21.995419
94,8,0.384927,35.0,24.051357
94,8,0.395925,36.0,26.107295
94,8,0.406923,37.0,28.163281
94,8,0.417921,38.0,30.219219
94,8,0.428918,39.0,32.275205
94,8,0.439916,40.0,34.331143
94,8,0.450914,41.0,36.387081
94,8,0.461912,42.0,38.443067
94,8,0.47291,43.0,40.499005
94,8,0.483908,44.0,42.468245
94,8,0.494906,45.0,44.267571
94,8,0.505904,46.0,46.066898
94,8,0.516902,47.0,47.866265
94,8,0.5279,48.0,49.665592
94,8,0.538898,49.0,51.464959
94,8,0.549895,50.0,53.264286
94,8,0.560893,51.0,55.063612
94,8,0.571891,52.0,56.86298
94,8,0.582889,53.0,58.662306
94,8,0.593887,54.0,59.293023
94,8,0.604885,55.0,58.652
94,8,0.615883,56.0,58.010977
94,8,0.626881,57.0,57.36994
94,8,0.637879,58.0,56.728917
94,8,0.648877,59.0,56.08788
94,8,0.659875,60.0,55.446857
94,8,0.670873,61.0,54.805834
94,8,0.68187,62.0,54.164797
94,8,0.692868,63.0,53.523774
94,8,0.703866,64.0,51.785078
94,8,0.714864,65.0,49.372875
94,8,0.725862,66.0,46.960672
94,8,0.73686,67.0,44.548414
94,8,0.747858,68.0,42.136211
94,8,0.758856,69.0,39.723953
94,8,0.769854,70.0,37.31175
94,8,0.780852,71.0,34.899547
94,8,0.79185,72.0,32.487289
94,8,0.802847,73.0,30.075086
94,8,0.813845,74.0,27.662828
94,8,0.824843,75.0,25.4585
94,8,0.835841,76.0,23.636657
94,8,0.846839,77.0,21.814772
94,8,0.857837,78.0,19.992928
94,8,0.868835,79.0,18.171043
94,8,0.879833,80.0,16.3492
94,8,0.890831,81.0,14.527357
94,8,0.901829,82.0,13.148723
94,8,0.912827,83.0,12.757339
94,8,0.923824,84.0,12.365946
94,8,0.934822,85.0,11.974562
94,8,0.94582,86.0,11.583179
94,8,0.956818,87.0,11.191786
94,8,0.967816,88.0,10.800402
94,8,0.978814,89.0,10.409009
94,8,0.989812,90.0,10.017625
94,8,1.00081,91.0,9.626241
94,8,1.011808,92.0,9.234848
94,8,1.022806,93.0,8.876318
94,8,1.033804,94.0,9.262564
94,8,1.044801,95.0,9.6488
94,8,1.055799,96.0,10.035036
94,8,1.066797,97.0,10.421282
94,8,1.077795,98.0,10.807518
94,8,1.088793,99.0,11.193764
94,8,1.099791,100.0,11.58
94,9,0.0,0.0,11.58
94,9,0.010998,1.0,11.335958
94,9,0.021996,2.0,11.09191
94,9,0.032994,3.0,10.847868
94,9,0.043992,4.0,10.60382
94,9,0.05499,5.0,10.359778
94,9,0.065987,6.0,10.115735
94,9,0.076985,7.0,9.871688
94,9,0.087983,8.0,9.627645
94,9,0.098981,9.0,9.383598
94,9,0.109979,10.0,9.139556
94,9,0.120977,11.0,8.895513
94,9,0.131975,12.0,8.820655
94,9,0.142973,13.0,9.648109
94,9,0.153971,14.0,10.47558
94,9,0.164969,15.0,11.303034
94,9,0.175967,16.0,12.130487
94,9,0.186964,17.0,12.957959
94,9,0.197962,18.0,13.785412
94,9,0.20896,19.0,14.612883
94,9,0.219958,20.0,15.302075
94,9,0.230956,21.0,15.735487
94,9,0.241954,22.0,16.168908
94,9,0.252952,23.0,16.602319
94,9,0.26395,24.0,17.03574
94,9,0.274948,25.0,17.469151
94,9,0.285946,26.0,17.902562
94,9,0.296944,27.0,18.335983
94,9,0.307941,28.0,18.769394
94,9,0.318939,29.0,19.269548
94,9,0.329937,30.0,20.970667
94,9,0.340935,31.0,22.671785
94,9,0.351933,32.0,24.372941
94,9,0.362931,33.0,26.074059
94,9,0.373929,34.0,27.775215
94,9,0.384927,35.0,29.476333
94,9,0.395925,36.0,31.177452
94,9,0.406923,37.0,33.086756
94,9,0.417921,38.0,36.106101
94,9,0.428918,39.0,39.125512
94,9,0.439916,40.0,42.144857
94,9,0.450914,41.0,45.164203
94,9,0.461912,42.0,48.183613
94,9,0.47291,43.0,51.202958
94,9,0.483908,44.0,54.222369
94,9,0.494906,45.0,57.241714
94,9,0.505904,46.0,60.26106
94,9,0.516902,47.0,60.203999
94,9,0.5279,48.0,59.976001
94,9,0.538898,49.0,59.747998
94,9,0.549895,50.0,59.52
94,9,0.560893,51.0,59.292002
94,9,0.571891,52.0,59.063999
94,9,0.582889,53.0,58.209608
94,9,0.593887,54.0,56.281355
94,9,0.604885,55.0,54.353143
94,9,0.615883,56.0,52.424931
94,9,0.626881,57.0,50.496677
94,9,0.637879,58.0,48.568465
94,9,0.648877,59.0,46.640212
94,9,0.659875,60.0,44.712
94,9,0.670873,61.0,42.783788
94,9,0.68187,62.0,40.736731
94,9,0.692868,63.0,38.056126
94,9,0.703866,64.0,35.375463
94,9,0.714864,65.0,32.694857
94,9,0.725862,66.0,30.014252
94,9,0.73686,67.0,27.333589
94,9,0.747858,68.0,24.652983
94,9,0.758856,69.0,21.97232
94,9,0.769854,70.0,19.291714
94,9,0.780852,71.0,16.611109
94,9,0.79185,72.0,15.705768
94,9,0.802847,73.0,14.899089
94,9,0.813845,74.0,14.092393
94,9,0.824843,75.0,13.285714
94,9,0.835841,76.0,12.479035
94,9,0.846839,77.0,11.672339
94,9,0.857837,78.0,10.865661
94,9,0.868835,79.0,10.058965
94,9,0.879833,80.0,9.252286
94,9,0.890831,81.0,9.346396
94,9,0.901829,82.0,9.76223
94,9,0.912827,83.0,10.178055
94,9,0.923824,84.0,10.593889
94,9,0.934822,85.0,11.009714
94,9,0.94582,86.0,11.425539
94,9,0.956818,87.0,11.841373
94,9,0.967816,88.0,12.257198
94,9,0.978814,89.0,12.673032
94,9,0.989812,90.0,12.4715
94,9,1.00081,91.0,11.714356
94,9,1.011808,92.0,10.957197
94,9,1.022806,93.0,10.200053
94,9,1.033804,94.0,9.442894
94,9,1.044801,95.0,8.68575
94,9,1.055799,96.0,7.928606
94,9,1.066797,97.0,7.171447
94,9,1.077795,98.0,6.414303
94,9,1.088793,99.0,5.657144
94,9,1.099791,100.0,4.9
94,10,0.0,0.0,4.9
94,10,0.010998,1.0,5.153441
94,10,0.021996,2.0,5.406882
94,10,0.032994,3.0,5.660318
94,10,0.043992,4.0,5.913759
94,10,0.05499,5.0,6.1672
94,10,0.065987,6.0,6.420641
94,10,0.076985,7.0,6.664001
94,10,0.087983,8.0,6.735999
94,10,0.098981,9.0,6.808
94,10,0.109979,10.0,6.88
94,10,0.120977,11.0,6.952
94,10,0.131975,12.0,7.024001
94,10,0.142973,13.0,7.095999
94,10,0.153971,14.0,7.168
94,10,0.164969,15.0,7.24
94,10,0.175967,16.0,7.312
94,10,0.186964,17.0,7.384001
94,10,0.197962,18.0,7.455999
94,10,0.20896,19.0,8.368476
94,10,0.219958,20.0,9.3304
94,10,0.230956,21.0,10.292324
94,10,0.241954,22.0,11.254249
94,10,0.252952,23.0,12.216151
94,10,0.26395,24.0,13.178076
94,10,0.274948,25.0,14.14
94,10,0.285946,26.0,15.361948
94,10,0.296944,27.0,16.583897
94,10,0.307941,28.0,17.805818
94,10,0.318939,29.0,19.027766
94,10,0.329937,30.0,20.249714
94,10,0.340935,31.0,21.471663
94,10,0.351933,32.0,22.693611
94,10,0.362931,33.0,23.915532
94,10,0.373929,34.0,25.13748
94,10,0.384927,35.0,26.680288
94,10,0.395925,36.0,29.057338
94,10,0.406923,37.0,31.434387
94,10,0.417921,38.0,33.811382
94,10,0.428918,39.0,36.188432
94,10,0.439916,40.0,38.565481
94,10,0.450914,41.0,40.94253
94,10,0.461912,42.0,43.319579
94,10,0.47291,43.0,45.696575
94,10,0.483908,44.0,48.073624
94,10,0.494906,45.0,49.893471
94,10,0.505904,46.0,51.410833
94,10,0.516902,47.0,52.928196
94,10,0.5279,48.0,54.445523
94,10,0.538898,49.0,55.962886
94,10,0.549895,50.0,57.480248
94,10,0.560893,51.0,58.99761
94,10,0.571891,52.0,60.514972
94,10,0.582889,53.0,62.0323
94,10,0.593887,54.0,63.549663
94,10,0.604885,55.0,65.067025
94,10,0.615883,56.0,64.997991
94,10,0.626881,57.0,62.945981
94,10,0.637879,58.0,60.894019
94,10,0.648877,59.0,58.842009
94,10,0.659875,60.0,56.79
94,10,0.670873,61.0,54.737991
94,10,0.68187,62.0,52.685981
94,10,0.692868,63.0,50.634019
94,10,0.703866,64.0,48.478585
94,10,0.714864,65.0,45.495714
94,10,0.725862,66.0,42.512844
94,10,0.73686,67.0,39.529973
94,10,0.747858,68.0,36.54717
94,10,0.758856,69.0,33.564299
94,10,0.769854,70.0,30.581429
94,10,0.780852,71.0,27.598558
94,10,0.79185,72.0,24.615687
94,10,0.802847,73.0,21.632884
94,10,0.813845,74.0,19.361445
94,10,0.824843,75.0,18.208
94,10,0.835841,76.0,17.054555
94,10,0.846839,77.0,15.90111
94,10,0.857837,78.0,14.74769
94,10,0.868835,79.0,13.594245
94,10,0.879833,80.0,12.4408
94,10,0.890831,81.0,11.842972
94,10,0.901829,82.0,11.939658
94,10,0.912827,83.0,12.036342
94,10,0.923824,84.0,12.133028
94,10,0.934822,85.0,12.229714
94,10,0.94582,86.0,12.3264
94,10,0.956818,87.0,12.423087
94,10,0.967816,88.0,12.519771
94,10,0.978814,89.0,12.616457
94,10,0.989812,90.0,12.713143
94,10,1.00081,91.0,12.373026
94,10,1.011808,92.0,11.86491
94,10,1.022806,93.0,11.356805
94,10,1.033804,94.0,10.848688
94,10,1.044801,95.0,10.340571
94,10,1.055799,96.0,9.832455
94,10,1.066797,97.0,9.324338
94,10,1.077795,98.0,8.816233
94,10,1.088793,99.0,8.308117
94,10,1.099791,100.0,7.8
95,3,0.0,0.0,6.67
95,3,0.010998,1.0,7.629
95,3,0.021996,2.0,8.588
95,3,0.032994,3.0,9.547
95,3,0.043992,4.0,10.506
95,3,0.05499,5.0,10.947857
95,3,0.065987,6.0,11.182857
95,3,0.076985,7.0,11.417857
95,3,0.087983,8.0,11.652857
95,3,0.098981,9.0,11.887857
95,3,0.109979,10.0,12.122857
95,3,0.120977,11.0,12.357857
95,3,0.131975,12.0,12.592857
95,3,0.142973,13.0,12.827857
95,3,0.153971,14.0,13.062857
95,3,0.164969,15.0,13.890833
95,3,0.175967,16.0,14.956
95,3,0.186964,17.0,16.021167
95,3,0.197962,18.0,17.086333
95,3,0.20896,19.0,18.1515
95,3,0.219958,20.0,19.216667
95,3,0.230956,21.0,20.281833
95,3,0.241954,22.0,21.347
95,3,0.252952,23.0,22.5325
95,3,0.26395,24.0,24.44
95,3,0.274948,25.0,26.3475
95,3,0.285946,26.0,28.255
95,3,0.296944,27.0,30.1625
95,3,0.307941,28.0,32.07
95,3,0.318939,29.0,33.9775
95,3,0.329937,30.0,35.885
95,3,0.340935,31.0,37.7925
95,3,0.351933,32.0,39.7
95,3,0.362931,33.0,41.6075
95,3,0.373929,34.0,43.515
95,3,0.384927,35.0,45.642857
95,3,0.395925,36.0,47.858857
95,3,0.406923,37.0,50.074857
95,3,0.417921,38.0,52.290857
95,3,0.428918,39.0,54.506857
95,3,0.439916,40.0,56.722857
95,3,0.450914,41.0,58.938857
95,3,0.461912,42.0,61.154857
95,3,0.47291,43.0,63.370857
95,3,0.483908,44.0,65.586857
95,3,0.494906,45.0,66.198333
95,3,0.505904,46.0,66.168
95,3,0.516902,47.0,66.137667
95,3,0.5279,48.0,66.107333
95,3,0.538898,49.0,66.077
95,3,0.549895,50.0,66.046667
95,3,0.560893,51.0,66.016333
95,3,0.571891,52.0,65.986
95,3,0.582889,53.0,65.955667
95,3,0.593887,54.0,65.925333
95,3,0.604885,55.0,65.895
95,3,0.615883,56.0,65.864667
95,3,0.626881,57.0,65.834333
95,3,0.637879,58.0,59.44
95,3,0.648877,59.0,51.985
95,3,0.659875,60.0,44.53
95,3,0.670873,61.0,37.075
95,3,0.68187,62.0,32.718857
95,3,0.692868,63.0,30.686857
95,3,0.703866,64.0,28.654857
95,3,0.714864,65.0,26.622857
95,3,0.725862,66.0,24.590857
95,3,0.73686,67.0,22.558857
95,3,0.747858,68.0,20.526857
95,3,0.758856,69.0,18.494857
95,3,0.769854,70.0,16.462857
95,3,0.780852,71.0,14.430857
95,3,0.79185,72.0,13.33
95,3,0.802847,73.0,12.9275
95,3,0.813845,74.0,12.525
95,3,0.824843,75.0,12.1225
95,3,0.835841,76.0,11.72
95,3,0.846839,77.0,11.3175
95,3,0.857837,78.0,10.915
95,3,0.868835,79.0,10.5125
95,3,0.879833,80.0,10.11
95,3,0.890831,81.0,9.9035
95,3,0.901829,82.0,9.697
95,3,0.912827,83.0,9.4905
95,3,0.923824,84.0,9.284
95,3,0.934822,85.0,9.0775
95,3,0.94582,86.0,8.871
95,3,0.956818,87.0,8.6645
95,3,0.967816,88.0,8.458
95,3,0.978814,89.0,8.2515
95,3,0.989812,90.0,8.045
95,3,1.00081,91.0,7.8385
95,3,1.011808,92.0,7.699333
95,3,1.022806,93.0,7.610667
95,3,1.033804,94.0,7.522
95,3,1.044801,95.0,7.433333
95,3,1.055799,96.0,7.344667
95,3,1.066797,97.0,7.256
95,3,1.077795,98.0,7.167333
95,3,1.088793,99.0,7.078667
95,3,1.099791,100.0,6.99
95,4,0.0,0.0,6.99
95,4,0.010998,1.0,7.086313
95,4,0.021996,2.0,7.182626
95,4,0.032994,3.0,7.278937
95,4,0.043992,4.0,7.37525
95,4,0.05499,5.0,7.471563
95,4,0.065987,6.0,7.567875
95,4,0.076985,7.0,7.664188
95,4,0.087983,8.0,7.760499
95,4,0.098981,9.0,7.856812
95,4,0.109979,10.0,7.953125
95,4,0.120977,11.0,8.049438
95,4,0.131975,12.0,8.161661
95,4,0.142973,13.0,8.524411
95,4,0.153971,14.0,8.88717
95,4,0.164969,15.0,9.249929
95,4,0.175967,16.0,9.612687
95,4,0.186964,17.0,9.975446
95,4,0.197962,18.0,10.338196
95,4,0.20896,19.0,10.700955
95,4,0.219958,20.0,11.063714
95,4,0.230956,21.0,11.426473
95,4,0.241954,22.0,11.789232
95,4,0.252952,23.0,12.46208
95,4,0.26395,24.0,13.331596
95,4,0.274948,25.0,14.201111
95,4,0.285946,26.0,15.070626
95,4,0.296944,27.0,15.940142
95,4,0.307941,28.0,16.809636
95,4,0.318939,29.0,17.679151
95,4,0.329937,30.0,18.548667
95,4,0.340935,31.0,19.418182
95,4,0.351933,32.0,20.287697
95,4,0.362931,33.0,21.157192
95,4,0.373929,34.0,22.026707
95,4,0.384927,35.0,22.896222
95,4,0.395925,36.0,24.522025
95,4,0.406923,37.0,29.614049
95,4,0.417921,38.0,34.705951
95,4,0.428918,39.0,39.797975
95,4,0.439916,40.0,44.89
95,4,0.450914,41.0,47.634023
95,4,0.461912,42.0,49.378903
95,4,0.47291,43.0,51.12374
95,4,0.483908,44.0,52.86862
95,4,0.494906,45.0,54.6135
95,4,0.505904,46.0,56.35838
95,4,0.516902,47.0,58.10326
95,4,0.5279,48.0,59.848097
95,4,0.538898,49.0,61.592977
95,4,0.549895,50.0,63.337857
95,4,0.560893,51.0,64.221792
95,4,0.571891,52.0,62.573584
95,4,0.582889,53.0,60.925416
95,4,0.593887,54.0,59.277208
95,4,0.604885,55.0,57.629
95,4,0.615883,56.0,55.980792
95,4,0.626881,57.0,54.332584
95,4,0.637879,58.0,52.684416
95,4,0.648877,59.0,51.036208
95,4,0.659875,60.0,49.397
95,4,0.670873,61.0,47.778942
95,4,0.68187,62.0,46.160884
95,4,0.692868,63.0,44.542866
95,4,0.703866,64.0,42.924808
95,4,0.714864,65.0,41.30675
95,4,0.725862,66.0,39.688692
95,4,0.73686,67.0,38.070634
95,4,0.747858,68.0,36.452616
95,4,0.758856,69.0,34.834558
95,4,0.769854,70.0,33.2165
95,4,0.780852,71.0,31.598442
95,4,0.79185,72.0,29.910268
95,4,0.802847,73.0,28.096518
95,4,0.813845,74.0,26.282723
95,4,0.824843,75.0,24.468929
95,4,0.835841,76.0,22.655134
95,4,0.846839,77.0,20.84134
95,4,0.857837,78.0,19.027589
95,4,0.868835,79.0,17.213795
95,4,0.879833,80.0,15.4
95,4,0.890831,81.0,13.586205
95,4,0.901829,82.0,11.772411
95,4,0.912827,83.0,11.021017
95,4,0.923824,84.0,10.374092
95,4,0.934822,85.0,9.727167
95,4,0.94582,86.0,9.080241
95,4,0.956818,87.0,8.433316
95,4,0.967816,88.0,7.786406
95,4,0.978814,89.0,7.139481
95,4,0.989812,90.0,6.492556
95,4,1.00081,91.0,5.84563
95,4,1.011808,92.0,5.198705
95,4,1.022806,93.0,4.551795
95,4,1.033804,94.0,3.90487
95,4,1.044801,95.0,3.257944
95,4,1.055799,96.0,3.224003
95,4,1.066797,97.0,3.860506
95,4,1.077795,98.0,4.496994
95,4,1.088793,99.0,5.133497
95,4,1.099791,100.0,5.77
95,5,0.0,0.0,5.77
95,5,0.010998,1.0,5.59
95,5,0.021996,2.0,5.41
95,5,0.032994,3.0,5.23
95,5,0.043992,4.0,5.05
95,5,0.05499,5.0,4.87
95,5,0.065987,6.0,4.69
95,5,0.076985,7.0,4.51
95,5,0.087983,8.0,4.33
95,5,0.098981,9.0,4.15
95,5,0.109979,10.0,4.295
95,5,0.120977,11.0,4.6025
95,5,0.131975,12.0,4.91
95,5,0.142973,13.0,5.2175
95,5,0.153971,14.0,5.525
95,5,0.164969,15.0,5.8325
95,5,0.175967,16.0,6.14
95,5,0.186964,17.0,6.4475
95,5,0.197962,18.0,6.755
95,5,0.20896,19.0,7.0625
95,5,0.219958,20.0,7.37
95,5,0.230956,21.0,8.086786
95,5,0.241954,22.0,8.803571
95,5,0.252952,23.0,9.520357
95,5,0.26395,24.0,10.237143
95,5,0.274948,25.0,10.953929
95,5,0.285946,26.0,11.670714
95,5,0.296944,27.0,12.3875
95,5,0.307941,28.0,13.104286
95,5,0.318939,29.0,13.821071
95,5,0.329937,30.0,15.079
95,5,0.340935,31.0,16.6075
95,5,0.351933,32.0,18.136
95,5,0.362931,33.0,19.6645
95,5,0.373929,34.0,21.193
95,5,0.384927,35.0,22.7215
95,5,0.395925,36.0,24.25
95,5,0.406923,37.0,26.445625
95,5,0.417921,38.0,28.64125
95,5,0.428918,39.0,30.836875
95,5,0.439916,40.0,33.0325
95,5,0.450914,41.0,35.228125
95,5,0.461912,42.0,37.42375
95,5,0.47291,43.0,39.619375
95,5,0.483908,44.0,41.815
95,5,0.494906,45.0,44.010625
95,5,0.505904,46.0,46.20625
95,5,0.516902,47.0,48.15625
95,5,0.5279,48.0,49.615
95,5,0.538898,49.0,51.07375
95,5,0.549895,50.0,52.5325
95,5,0.560893,51.0,53.99125
95,5,0.571891,52.0,55.45
95,5,0.582889,53.0,56.90875
95,5,0.593887,54.0,58.3675
95,5,0.604885,55.0,59.82625
95,5,0.615883,56.0,61.285
95,5,0.626881,57.0,62.74375
95,5,0.637879,58.0,62.754375
95,5,0.648877,59.0,62.040937
95,5,0.659875,60.0,61.3275
95,5,0.670873,61.0,60.614062
95,5,0.68187,62.0,59.900625
95,5,0.692868,63.0,59.187187
95,5,0.703866,64.0,58.47375
95,5,0.714864,65.0,57.760312
95,5,0.725862,66.0,57.046875
95,5,0.73686,67.0,56.333437
95,5,0.747858,68.0,55.62
95,5,0.758856,69.0,47.8775
95,5,0.769854,70.0,40.135
95,5,0.780852,71.0,32.3925
95,5,0.79185,72.0,24.65
95,5,0.802847,73.0,23.123214
95,5,0.813845,74.0,21.596429
95,5,0.824843,75.0,20.069643
95,5,0.835841,76.0,18.542857
95,5,0.846839,77.0,17.016071
95,5,0.857837,78.0,15.489286
95,5,0.868835,79.0,13.9625
95,5,0.879833,80.0,12.435714
95,5,0.890831,81.0,10.908929
95,5,0.901829,82.0,10.5375
95,5,0.912827,83.0,10.74375
95,5,0.923824,84.0,10.95
95,5,0.934822,85.0,11.15625
95,5,0.94582,86.0,11.3625
95,5,0.956818,87.0,11.56875
95,5,0.967816,88.0,11.775
95,5,0.978814,89.0,11.98125
95,5,0.989812,90.0,11.783125
95,5,1.00081,91.0,11.382812
95,5,1.011808,92.0,10.9825
95,5,1.022806,93.0,10.582187
95,5,1.033804,94.0,10.181875
95,5,1.044801,95.0,9.781562
95,5,1.055799,96.0,9.38125
95,5,1.066797,97.0,8.980937
95,5,1.077795,98.0,8.580625
95,5,1.088793,99.0,8.180312
95,5,1.099791,100.0,7.78
95,6,0.0,0.0,7.78
95,6,0.010998,1.0,7.730986
95,6,0.021996,2.0,7.681972
95,6,0.032994,3.0,7.632957
95,6,0.043992,4.0,7.583943
95,6,0.05499,5.0,7.534929
95,6,0.065987,6.0,7.485915
95,6,0.076985,7.0,7.4369
95,6,0.087983,8.0,7.387885
95,6,0.098981,9.0,7.338871
95,6,0.109979,10.0,7.4
95,6,0.120977,11.0,7.618999
95,6,0.131975,12.0,7.837998
95,6,0.142973,13.0,8.057002
95,6,0.153971,14.0,8.276001
95,6,0.164969,15.0,8.495
95,6,0.175967,16.0,8.713999
95,6,0.186964,17.0,8.932998
95,6,0.197962,18.0,9.152002
95,6,0.20896,19.0,9.371001
95,6,0.219958,20.0,9.59
95,6,0.230956,21.0,9.808999
95,6,0.241954,22.0,10.179182
95,6,0.252952,23.0,12.237818
95,6,0.26395,24.0,14.296409
95,6,0.274948,25.0,16.355
95,6,0.285946,26.0,18.413591
95,6,0.296944,27.0,20.062967
95,6,0.307941,28.0,21.700851
95,6,0.318939,29.0,23.338698
95,6,0.329937,30.0,24.976545
95,6,0.340935,31.0,26.614393
95,6,0.351933,32.0,28.25224
95,6,0.362931,33.0,29.890124
95,6,0.373929,34.0,31.527971
95,6,0.384927,35.0,33.165818
95,6,0.395925,36.0,34.803665
95,6,0.406923,37.0,36.441513
95,6,0.417921,38.0,38.079396
95,6,0.428918,39.0,39.717244
95,6,0.439916,40.0,41.355091
95,6,0.450914,41.0,42.992938
95,6,0.461912,42.0,47.072561
95,6,0.47291,43.0,51.411272
95,6,0.483908,44.0,55.749886
95,6,0.494906,45.0,60.0885
95,6,0.505904,46.0,60.499431
95,6,0.516902,47.0,59.894577
95,6,0.5279,48.0,59.289709
95,6,0.538898,49.0,58.684854
95,6,0.549895,50.0,58.08
95,6,0.560893,51.0,57.475146
95,6,0.571891,52.0,56.870291
95,6,0.582889,53.0,56.265423
95,6,0.593887,54.0,55.660569
95,6,0.604885,55.0,54.75275
95,6,0.615883,56.0,52.673476
95,6,0.626881,57.0,50.594202
95,6,0.637879,58.0,48.514881
95,6,0.648877,59.0,46.435607
95,6,0.659875,60.0,44.356333
95,6,0.670873,61.0,42.277059
95,6,0.68187,62.0,40.197785
95,6,0.692868,63.0,38.118465
95,6,0.703866,64.0,36.055091
95,6,0.714864,65.0,33.991938
95,6,0.725862,66.0,31.928784
95,6,0.73686,67.0,29.865631
95,6,0.747858,68.0,27.802432
95,6,0.758856,69.0,25.739278
95,6,0.769854,70.0,23.676125
95,6,0.780852,71.0,21.612972
95,6,0.79185,72.0,19.549818
95,6,0.802847,73.0,17.486619
95,6,0.813845,74.0,15.458997
95,6,0.824843,75.0,14.6925
95,6,0.835841,76.0,13.926003
95,6,0.846839,77.0,13.159507
95,6,0.857837,78.0,12.392993
95,6,0.868835,79.0,11.626497
95,6,0.879833,80.0,10.86
95,6,0.890831,81.0,10.093503
95,6,0.901829,82.0,9.327007
95,6,0.912827,83.0,8.560493
95,6,0.923824,84.0,7.793997
95,6,0.934822,85.0,7.0625
95,6,0.94582,86.0,6.807001
95,6,0.956818,87.0,6.551502
95,6,0.967816,88.0,6.295998
95,6,0.978814,89.0,6.040499
95,6,0.989812,90.0,5.785
95,6,1.00081,91.0,5.529501
95,6,1.011808,92.0,5.274002
95,6,1.022806,93.0,5.018498
95,6,1.033804,94.0,4.762999
95,6,1.044801,95.0,4.5075
95,6,1.055799,96.0,4.226402
95,6,1.066797,97.0,3.737304
95,6,1.077795,98.0,3.248196
95,6,1.088793,99.0,2.759098
95,6,1.099791,100.0,2.27
95,7,0.0,0.0,2.27
95,7,0.010998,1.0,2.572287
95,7,0.021996,2.0,2.874574
95,7,0.032994,3.0,3.176855
95,7,0.043992,4.0,3.479142
95,7,0.05499,5.0,3.781429
95,7,0.065987,6.0,4.083715
95,7,0.076985,7.0,4.386002
95,7,0.087983,8.0,4.780853
95,7,0.098981,9.0,5.319712
95,7,0.109979,10.0,5.858571
95,7,0.120977,11.0,6.39743
95,7,0.131975,12.0,6.93629
95,7,0.142973,13.0,7.475139
95,7,0.153971,14.0,8.013998
95,7,0.164969,15.0,8.552857
95,7,0.175967,16.0,9.093002
95,7,0.186964,17.0,9.633504
95,7,0.197962,18.0,10.173996
95,7,0.20896,19.0,10.714498
95,7,0.219958,20.0,11.255
95,7,0.230956,21.0,11.795502
95,7,0.241954,22.0,12.336004
95,7,0.252952,23.0,12.876496
95,7,0.26395,24.0,13.550259
95,7,0.274948,25.0,15.623333
95,7,0.285946,26.0,17.696407
95,7,0.296944,27.0,19.769481
95,7,0.307941,28.0,21.842519
95,7,0.318939,29.0,23.915593
95,7,0.329937,30.0,25.988667
95,7,0.340935,31.0,28.45053
95,7,0.351933,32.0,31.21146
95,7,0.362931,33.0,33.97234
95,7,0.373929,34.0,36.73327
95,7,0.384927,35.0,39.4942
95,7,0.395925,36.0,42.25513
95,7,0.406923,37.0,45.01606
95,7,0.417921,38.0,47.77694
95,7,0.428918,39.0,50.53787
95,7,0.439916,40.0,53.2988
95,7,0.450914,41.0,56.05973
95,7,0.461912,42.0,58.967221
95,7,0.47291,43.0,61.938779
95,7,0.483908,44.0,62.838861
95,7,0.494906,45.0,61.84
95,7,0.505904,46.0,60.841139
95,7,0.516902,47.0,59.842279
95,7,0.5279,48.0,58.843436
95,7,0.538898,49.0,57.844575
95,7,0.549895,50.0,56.845714
95,7,0.560893,51.0,55.846854
95,7,0.571891,52.0,53.397482
95,7,0.582889,53.0,50.810018
95,7,0.593887,54.0,48.222509
95,7,0.604885,55.0,45.635
95,7,0.615883,56.0,43.047491
95,7,0.626881,57.0,40.459982
95,7,0.637879,58.0,37.872518
95,7,0.648877,59.0,35.285009
95,7,0.659875,60.0,32.736667
95,7,0.670873,61.0,30.329325
95,7,0.68187,62.0,27.921983
95,7,0.692868,63.0,25.514684
95,7,0.703866,64.0,23.107342
95,7,0.714864,65.0,20.7
95,7,0.725862,66.0,18.292658
95,7,0.73686,67.0,17.5472
95,7,0.747858,68.0,17.5288
95,7,0.758856,69.0,17.5104
95,7,0.769854,70.0,17.492
95,7,0.780852,71.0,17.4736
95,7,0.79185,72.0,17.4552
95,7,0.802847,73.0,17.358003
95,7,0.813845,74.0,16.886502
95,7,0.824843,75.0,16.415
95,7,0.835841,76.0,15.943498
95,7,0.846839,77.0,15.471997
95,7,0.857837,78.0,15.000503
95,7,0.868835,79.0,14.529002
95,7,0.879833,80.0,14.0575
95,7,0.890831,81.0,13.585998
95,7,0.901829,82.0,13.220465
95,7,0.912827,83.0,12.970535
95,7,0.923824,84.0,12.720601
95,7,0.934822,85.0,12.470667
95,7,0.94582,86.0,12.220732
95,7,0.956818,87.0,11.970798
95,7,0.967816,88.0,11.720868
95,7,0.978814,89.0,10.899603
95,7,0.989812,90.0,10.052364
95,7,1.00081,91.0,9.205124
95,7,1.011808,92.0,8.357885
95,7,1.022806,93.0,7.510661
95,7,1.033804,94.0,6.663421
95,7,1.044801,95.0,5.816182
95,7,1.055799,96.0,4.968942
95,7,1.066797,97.0,4.121703
95,7,1.077795,98.0,3.274479
95,7,1.088793,99.0,2.427239
95,7,1.099791,100.0,1.58
95,8,0.0,0.0,1.58
95,8,0.010998,1.0,2.092394
95,8,0.021996,2.0,2.604803
95,8,0.032994,3.0,3.117197
95,8,0.043992,4.0,3.629606
95,8,0.05499,5.0,4.142
95,8,0.065987,6.0,4.654394
95,8,0.076985,7.0,5.166803
95,8,0.087983,8.0,6.239353
95,8,0.098981,9.0,7.405294
95,8,0.109979,10.0,8.5712
95,8,0.120977,11.0,9.737106
95,8,0.131975,12.0,10.903047
95,8,0.142973,13.0,12.068953
95,8,0.153971,14.0,13.234894
95,8,0.164969,15.0,14.4008
95,8,0.175967,16.0,15.566706
95,8,0.186964,17.0,17.121609
95,8,0.197962,18.0,18.706391
95,8,0.20896,19.0,20.291218
95,8,0.219958,20.0,21.876
95,8,0.230956,21.0,23.460782
95,8,0.241954,22.0,25.045609
95,8,0.252952,23.0,26.630391
95,8,0.26395,24.0,28.215218
95,8,0.274948,25.0,29.8
95,8,0.285946,26.0,31.384782
95,8,0.296944,27.0,33.025111
95,8,0.307941,28.0,34.868889
95,8,0.318939,29.0,36.712721
95,8,0.329937,30.0,38.5565
95,8,0.340935,31.0,40.400279
95,8,0.351933,32.0,42.244111
95,8,0.362931,33.0,44.087889
95,8,0.373929,34.0,45.931721
95,8,0.384927,35.0,47.7755
95,8,0.395925,36.0,49.619279
95,8,0.406923,37.0,51.463111
95,8,0.417921,38.0,53.306889
95,8,0.428918,39.0,55.150721
95,8,0.439916,40.0,56.9945
95,8,0.450914,41.0,58.838279
95,8,0.461912,42.0,59.204001
95,8,0.47291,43.0,59.455999
95,8,0.483908,44.0,59.708003
95,8,0.494906,45.0,59.96
95,8,0.505904,46.0,60.211997
95,8,0.516902,47.0,60.464001
95,8,0.5279,48.0,60.715999
95,8,0.538898,49.0,60.968003
95,8,0.549895,50.0,61.22
95,8,0.560893,51.0,61.471997
95,8,0.571891,52.0,61.724001
95,8,0.582889,53.0,61.975999
95,8,0.593887,54.0,61.624867
95,8,0.604885,55.0,60.4696
95,8,0.615883,56.0,59.314333
95,8,0.626881,57.0,58.159033
95,8,0.637879,58.0,57.003767
95,8,0.648877,59.0,55.848467
95,8,0.659875,60.0,54.6932
95,8,0.670873,61.0,53.537933
95,8,0.68187,62.0,52.382633
95,8,0.692868,63.0,51.227367
95,8,0.703866,64.0,50.072067
95,8,0.714864,65.0,48.9168
95,8,0.725862,66.0,47.761533
95,8,0.73686,67.0,46.606233
95,8,0.747858,68.0,45.450967
95,8,0.758856,69.0,44.295667
95,8,0.769854,70.0,43.1404
95,8,0.780852,71.0,41.985133
95,8,0.79185,72.0,38.825973
95,8,0.802847,73.0,34.164027
95,8,0.813845,74.0,29.501946
95,8,0.824843,75.0,24.84
95,8,0.835841,76.0,20.178054
95,8,0.846839,77.0,15.515973
95,8,0.857837,78.0,10.854027
95,8,0.868835,79.0,8.093517
95,8,0.879833,80.0,7.8684
95,8,0.890831,81.0,7.643283
95,8,0.901829,82.0,7.418159
95,8,0.912827,83.0,7.193041
95,8,0.923824,84.0,6.967917
95,8,0.934822,85.0,6.7428
95,8,0.94582,86.0,6.517683
95,8,0.956818,87.0,6.292559
95,8,0.967816,88.0,6.381198
95,8,0.978814,89.0,6.783605
95,8,0.989812,90.0,7.186
95,8,1.00081,91.0,7.588395
95,8,1.011808,92.0,7.990802
95,8,1.022806,93.0,8.393198
95,8,1.033804,94.0,8.795605
95,8,1.044801,95.0,9.198
95,8,1.055799,96.0,9.600395
95,8,1.066797,97.0,10.002802
95,8,1.077795,98.0,10.405198
95,8,1.088793,99.0,10.807605
95,8,1.099791,100.0,11.21
95,9,0.0,0.0,11.21
95,9,0.010998,1.0,10.764286
95,9,0.021996,2.0,10.318571
95,9,0.032994,3.0,9.872857
95,9,0.043992,4.0,9.427143
95,9,0.05499,5.0,8.981429
95,9,0.065987,6.0,8.535714
95,9,0.076985,7.0,8.09
95,9,0.087983,8.0,7.644286
95,9,0.098981,9.0,7.455
95,9,0.109979,10.0,8.035
95,9,0.120977,11.0,8.615
95,9,0.131975,12.0,9.195
95,9,0.142973,13.0,9.775
95,9,0.153971,14.0,10.355
95,9,0.164969,15.0,10.935
95,9,0.175967,16.0,11.515
95,9,0.186964,17.0,11.7365
95,9,0.197962,18.0,11.8385
95,9,0.20896,19.0,11.9405
95,9,0.219958,20.0,12.0425
95,9,0.230956,21.0,12.1445
95,9,0.241954,22.0,12.2465
95,9,0.252952,23.0,12.3485
95,9,0.26395,24.0,12.4505
95,9,0.274948,25.0,12.5525
95,9,0.285946,26.0,12.6545
95,9,0.296944,27.0,13.092286
95,9,0.307941,28.0,13.642
95,9,0.318939,29.0,14.191714
95,9,0.329937,30.0,14.741429
95,9,0.340935,31.0,15.291143
95,9,0.351933,32.0,15.840857
95,9,0.362931,33.0,16.390571
95,9,0.373929,34.0,16.940286
95,9,0.384927,35.0,17.49
95,9,0.395925,36.0,19.707778
95,9,0.406923,37.0,21.925556
95,9,0.417921,38.0,24.143333
95,9,0.428918,39.0,26.361111
95,9,0.439916,40.0,28.578889
95,9,0.450914,41.0,30.796667
95,9,0.461912,42.0,33.014444
95,9,0.47291,43.0,35.232222
95,9,0.483908,44.0,37.45
95,9,0.494906,45.0,39.667778
95,9,0.505904,46.0,41.885556
95,9,0.516902,47.0,46.716
95,9,0.5279,48.0,52.417333
95,9,0.538898,49.0,58.118667
95,9,0.549895,50.0,63.82
95,9,0.560893,51.0,63.996
95,9,0.571891,52.0,64.172
95,9,0.582889,53.0,64.348
95,9,0.593887,54.0,64.524
95,9,0.604885,55.0,64.7
95,9,0.615883,56.0,64.876
95,9,0.626881,57.0,65.052
95,9,0.637879,58.0,65.228
95,9,0.648877,59.0,64.545
95,9,0.659875,60.0,61.285
95,9,0.670873,61.0,58.025
95,9,0.68187,62.0,54.765
95,9,0.692868,63.0,51.505
95,9,0.703866,64.0,48.245
95,9,0.714864,65.0,44.985
95,9,0.725862,66.0,41.725
95,9,0.73686,67.0,39.14375
95,9,0.747858,68.0,36.78875
95,9,0.758856,69.0,34.43375
95,9,0.769854,70.0,32.07875
95,9,0.780852,71.0,29.72375
95,9,0.79185,72.0,27.36875
95,9,0.802847,73.0,25.01375
95,9,0.813845,74.0,22.65875
95,9,0.824843,75.0,20.30375
95,9,0.835841,76.0,17.94875
95,9,0.846839,77.0,16.805429
95,9,0.857837,78.0,16.066
95,9,0.868835,79.0,15.326571
95,9,0.879833,80.0,14.587143
95,9,0.890831,81.0,13.847714
95,9,0.901829,82.0,13.108286
95,9,0.912827,83.0,12.368857
95,9,0.923824,84.0,11.629429
95,9,0.934822,85.0,10.89
95,9,0.94582,86.0,10.804667
95,9,0.956818,87.0,10.719333
95,9,0.967816,88.0,10.634
95,9,0.978814,89.0,10.548667
95,9,0.989812,90.0,10.463333
95,9,1.00081,91.0,10.378
95,9,1.011808,92.0,10.292667
95,9,1.022806,93.0,10.207333
95,9,1.033804,94.0,10.122
95,9,1.044801,95.0,10.036667
95,9,1.055799,96.0,9.951333
95,9,1.066797,97.0,10.344
95,9,1.077795,98.0,10.896
95,9,1.088793,99.0,11.448
95,9,1.099791,100.0,12.0
95,10,0.0,0.0,12.0
95,10,0.010998,1.0,11.977986
95,10,0.021996,2.0,11.955971
95,10,0.032994,3.0,11.933957
95,10,0.043992,4.0,11.911943
95,10,0.05499,5.0,11.889929
95,10,0.065987,6.0,11.867914
95,10,0.076985,7.0,11.8459
95,10,0.087983,8.0,11.823886
95,10,0.098981,9.0,11.801872
95,10,0.109979,10.0,11.779857
95,10,0.120977,11.0,12.077719
95,10,0.131975,12.0,12.634939
95,10,0.142973,13.0,13.192145
95,10,0.153971,14.0,13.749364
95,10,0.164969,15.0,14.306583
95,10,0.175967,16.0,14.863803
95,10,0.186964,17.0,15.421022
95,10,0.197962,18.0,15.978228
95,10,0.20896,19.0,16.535447
95,10,0.219958,20.0,17.317
95,10,0.230956,21.0,18.24998
95,10,0.241954,22.0,19.182959
95,10,0.252952,23.0,20.115916
95,10,0.26395,24.0,21.048895
95,10,0.274948,25.0,21.981875
95,10,0.285946,26.0,22.914855
95,10,0.296944,27.0,23.847834
95,10,0.307941,28.0,24.780791
95,10,0.318939,29.0,25.71377
95,10,0.329937,30.0,26.64675
95,10,0.340935,31.0,27.57973
95,10,0.351933,32.0,29.25302
95,10,0.362931,33.0,31.31323
95,10,0.373929,34.0,33.37349
95,10,0.384927,35.0,35.43375
95,10,0.395925,36.0,37.49401
95,10,0.406923,37.0,39.55427
95,10,0.417921,38.0,41.61448
95,10,0.428918,39.0,43.67474
95,10,0.439916,40.0,45.735
95,10,0.450914,41.0,47.512083
95,10,0.461912,42.0,49.168666
95,10,0.47291,43.0,50.825209
95,10,0.483908,44.0,52.481792
95,10,0.494906,45.0,54.138375
95,10,0.505904,46.0,55.794958
95,10,0.516902,47.0,57.451541
95,10,0.5279,48.0,59.108084
95,10,0.538898,49.0,60.764667
95,10,0.549895,50.0,62.42125
95,10,0.560893,51.0,64.077833
95,10,0.571891,52.0,65.734416
95,10,0.582889,53.0,65.158827
95,10,0.593887,54.0,63.882949
95,10,0.604885,55.0,62.607071
95,10,0.615883,56.0,61.331194
95,10,0.626881,57.0,60.055316
95,10,0.637879,58.0,58.77947
95,10,0.648877,59.0,57.503592
95,10,0.659875,60.0,56.227714
95,10,0.670873,61.0,54.951837
95,10,0.68187,62.0,53.675959
95,10,0.692868,63.0,52.03399
95,10,0.703866,64.0,49.589967
95,10,0.714864,65.0,47.145944
95,10,0.725862,66.0,44.701921
95,10,0.73686,67.0,42.257898
95,10,0.747858,68.0,39.813935
95,10,0.758856,69.0,37.369912
95,10,0.769854,70.0,34.925889
95,10,0.780852,71.0,32.481866
95,10,0.79185,72.0,30.037843
95,10,0.802847,73.0,27.593879
95,10,0.813845,74.0,25.149856
95,10,0.824843,75.0,22.705833
95,10,0.835841,76.0,20.26181
95,10,0.846839,77.0,17.903011
95,10,0.857837,78.0,15.555823
95,10,0.868835,79.0,13.208578
95,10,0.879833,80.0,10.861333
95,10,0.890831,81.0,9.501272
95,10,0.901829,82.0,9.603687
95,10,0.912827,83.0,9.706099
95,10,0.923824,84.0,9.808514
95,10,0.934822,85.0,9.910929
95,10,0.94582,86.0,10.013343
95,10,0.956818,87.0,10.115758
95,10,0.967816,88.0,10.21817
95,10,0.978814,89.0,10.320585
95,10,0.989812,90.0,10.423
95,10,1.00081,91.0,10.525415
95,10,1.011808,92.0,10.521467
95,10,1.022806,93.0,10.512533
95,10,1.033804,94.0,10.5036
95,10,1.044801,95.0,10.494667
95,10,1.055799,96.0,10.485733
95,10,1.066797,97.0,10.4768
95,10,1.077795,98.0,10.467867
95,10,1.088793,99.0,10.458933
95,10,1.099791,100.0,10.45
95,11,0.0,0.0,10.45
95,11,0.010998,1.0,10.103876
95,11,0.021996,2.0,9.757753
95,11,0.032994,3.0,9.411622
95,11,0.043992,4.0,9.065499
95,11,0.05499,5.0,8.719375
95,11,0.065987,6.0,8.373251
95,11,0.076985,7.0,8.027128
95,11,0.087983,8.0,7.680997
95,11,0.098981,9.0,7.334874
95,11,0.109979,10.0,6.98875
95,11,0.120977,11.0,7.230598
95,11,0.131975,12.0,7.675196
95,11,0.142973,13.0,8.119804
95,11,0.153971,14.0,8.564402
95,11,0.164969,15.0,9.009
95,11,0.175967,16.0,9.453598
95,11,0.186964,17.0,9.898196
95,11,0.197962,18.0,10.342804
95,11,0.20896,19.0,10.787402
95,11,0.219958,20.0,11.236
95,11,0.230956,21.0,11.685798
95,11,0.241954,22.0,12.135596
95,11,0.252952,23.0,12.585404
95,11,0.26395,24.0,13.035202
95,11,0.274948,25.0,13.485
95,11,0.285946,26.0,13.934798
95,11,0.296944,27.0,14.384596
95,11,0.307941,28.0,14.834404
95,11,0.318939,29.0,15.284202
95,11,0.329937,30.0,15.734
95,11,0.340935,31.0,16.991984
95,11,0.351933,32.0,20.943967
95,11,0.362931,33.0,24.896033
95,11,0.373929,34.0,28.848016
95,11,0.384927,35.0,32.424714
95,11,0.395925,36.0,35.400959
95,11,0.406923,37.0,38.377204
95,11,0.417921,38.0,41.353511
95,11,0.428918,39.0,44.329755
95,11,0.439916,40.0,47.306
95,11,0.450914,41.0,50.282245
95,11,0.461912,42.0,53.258489
95,11,0.47291,43.0,56.234796
95,11,0.483908,44.0,58.302003
95,11,0.494906,45.0,59.0625
95,11,0.505904,46.0,59.822997
95,11,0.516902,47.0,60.583494
95,11,0.5279,48.0,61.344006
95,11,0.538898,49.0,62.104503
95,11,0.549895,50.0,62.865
95,11,0.560893,51.0,63.625497
95,11,0.571891,52.0,63.246407
95,11,0.582889,53.0,62.419593
95,11,0.593887,54.0,61.592797
95,11,0.604885,55.0,60.766
95,11,0.615883,56.0,59.939203
95,11,0.626881,57.0,59.112407
95,11,0.637879,58.0,58.285593
95,11,0.648877,59.0,57.458797
95,11,0.659875,60.0,56.632
95,11,0.670873,61.0,55.805203
95,11,0.68187,62.0,53.861227
95,11,0.692868,63.0,50.613773
95,11,0.703866,64.0,47.366386
95,11,0.714864,65.0,44.119
95,11,0.725862,66.0,40.871614
95,11,0.73686,67.0,37.624227
95,11,0.747858,68.0,34.376773
95,11,0.758856,69.0,31.129386
95,11,0.769854,70.0,28.76225
95,11,0.780852,71.0,26.659184
95,11,0.79185,72.0,24.556118
95,11,0.802847,73.0,22.453007
95,11,0.813845,74.0,20.349941
95,11,0.824843,75.0,18.246875
95,11,0.835841,76.0,16.143809
95,11,0.846839,77.0,14.040743
95,11,0.857837,78.0,11.937632
95,11,0.868835,79.0,9.834566
95,11,0.879833,80.0,8.943714
95,11,0.890831,81.0,9.204456
95,11,0.901829,82.0,9.465198
95,11,0.912827,83.0,9.725945
95,11,0.923824,84.0,9.986687
95,11,0.934822,85.0,10.247429
95,11,0.94582,86.0,10.50817
95,11,0.956818,87.0,10.768912
95,11,0.967816,88.0,11.029659
95,11,0.978814,89.0,11.062733
95,11,0.989812,90.0,10.900667
95,11,1.00081,91.0,10.738601
95,11,1.011808,92.0,10.576535
95,11,1.022806,93.0,10.414465
95,11,1.033804,94.0,10.252399
95,11,1.044801,95.0,10.090333
95,11,1.055799,96.0,9.928267
95,11,1.066797,97.0,9.766201
95,11,1.077795,98.0,9.604132
95,11,1.088793,99.0,9.442066
95,11,1.099791,100.0,9.28
95,12,0.0,0.0,9.28
95,12,0.010998,1.0,9.460599
95,12,0.021996,2.0,9.641201
95,12,0.032994,3.0,9.821799
95,12,0.043992,4.0,9.924944
95,12,0.05499,5.0,9.954151
95,12,0.065987,6.0,9.983358
95,12,0.076985,7.0,10.012566
95,12,0.087983,8.0,10.041773
95,12,0.098981,9.0,10.070981
95,12,0.109979,10.0,10.100189
95,12,0.120977,11.0,10.129396
95,12,0.131975,12.0,10.298159
95,12,0.142973,13.0,10.80111
95,12,0.153971,14.0,11.304071
95,12,0.164969,15.0,11.807022
95,12,0.175967,16.0,12.309974
95,12,0.186964,17.0,12.812934
95,12,0.197962,18.0,13.315886
95,12,0.20896,19.0,13.771728
95,12,0.219958,20.0,14.1555
95,12,0.230956,21.0,14.539272
95,12,0.241954,22.0,14.923051
95,12,0.252952,23.0,15.306824
95,12,0.26395,24.0,15.690603
95,12,0.274948,25.0,16.074375
95,12,0.285946,26.0,16.458147
95,12,0.296944,27.0,16.841926
95,12,0.307941,28.0,17.347936
95,12,0.318939,29.0,19.045841
95,12,0.329937,30.0,20.743714
95,12,0.340935,31.0,22.441587
95,12,0.351933,32.0,24.139492
95,12,0.362931,33.0,25.837365
95,12,0.373929,34.0,27.53527
95,12,0.384927,35.0,29.233143
95,12,0.395925,36.0,30.931016
95,12,0.406923,37.0,33.8299
95,12,0.417921,38.0,36.787322
95,12,0.428918,39.0,39.7448
95,12,0.439916,40.0,42.702222
95,12,0.450914,41.0,45.659644
95,12,0.461912,42.0,48.617122
95,12,0.47291,43.0,51.574544
95,12,0.483908,44.0,54.532022
95,12,0.494906,45.0,57.489444
95,12,0.505904,46.0,60.446867
95,12,0.516902,47.0,62.0244
95,12,0.5279,48.0,62.156266
95,12,0.538898,49.0,62.288134
95,12,0.549895,50.0,62.42
95,12,0.560893,51.0,60.621385
95,12,0.571891,52.0,58.822736
95,12,0.582889,53.0,57.024121
95,12,0.593887,54.0,55.225472
95,12,0.604885,55.0,53.426857
95,12,0.615883,56.0,51.628242
95,12,0.626881,57.0,49.829593
95,12,0.637879,58.0,48.030978
95,12,0.648877,59.0,45.022242
95,12,0.659875,60.0,41.817333
95,12,0.670873,61.0,38.612424
95,12,0.68187,62.0,35.407455
95,12,0.692868,63.0,32.202545
95,12,0.703866,64.0,28.997576
95,12,0.714864,65.0,25.792667
95,12,0.725862,66.0,24.438658
95,12,0.73686,67.0,23.328171
95,12,0.747858,68.0,22.217704
95,12,0.758856,69.0,21.107217
95,12,0.769854,70.0,19.99675
95,12,0.780852,71.0,18.886283
95,12,0.79185,72.0,17.775796
95,12,0.802847,73.0,16.665329
95,12,0.813845,74.0,15.554842
95,12,0.824843,75.0,15.405833
95,12,0.835841,76.0,15.949063
95,12,0.846839,77.0,16.492302
95,12,0.857837,78.0,17.035531
95,12,0.868835,79.0,17.578771
95,12,0.879833,80.0,18.122
95,12,0.890831,81.0,18.665229
95,12,0.901829,82.0,18.473747
95,12,0.912827,83.0,17.801878
95,12,0.923824,84.0,17.129995
95,12,0.934822,85.0,16.458125
95,12,0.94582,86.0,15.786255
95,12,0.956818,87.0,15.114372
95,12,0.967816,88.0,14.442503
95,12,0.978814,89.0,13.77062
95,12,0.989812,90.0,13.09875
95,12,1.00081,91.0,12.508453
95,12,1.011808,92.0,12.106398
95,12,1.022806,93.0,11.704352
95,12,1.033804,94.0,11.302297
95,12,1.044801,95.0,10.90025
95,12,1.055799,96.0,10.498203
95,12,1.066797,97.0,10.096148
95,12,1.077795,98.0,9.694102
95,12,1.088793,99.0,9.292047
95,12,1.099791,100.0,8.89
95,13,0.0,0.0,8.89
95,13,0.010998,1.0,8.487327
95,13,0.021996,2.0,8.084653
95,13,0.032994,3.0,7.681972
95,13,0.043992,4.0,7.279298
95,13,0.05499,5.0,6.876625
95,13,0.065987,6.0,6.473952
95,13,0.076985,7.0,6.071278
95,13,0.087983,8.0,5.668597
95,13,0.098981,9.0,5.265923
95,13,0.109979,10.0,4.86325
95,13,0.120977,11.0,5.720861
95,13,0.131975,12.0,7.013056
95,13,0.142973,13.0,8.305277
95,13,0.153971,14.0,9.597472
95,13,0.164969,15.0,11.181
95,13,0.175967,16.0,12.797822
95,13,0.186964,17.0,14.414644
95,13,0.197962,18.0,16.031499
95,13,0.20896,19.0,17.648321
95,13,0.219958,20.0,19.265143
95,13,0.230956,21.0,20.881965
95,13,0.241954,22.0,22.498787
95,13,0.252952,23.0,24.115642
95,13,0.26395,24.0,26.119208
95,13,0.274948,25.0,28.155
95,13,0.285946,26.0,30.190792
95,13,0.296944,27.0,32.226583
95,13,0.307941,28.0,34.262417
95,13,0.318939,29.0,36.298208
95,13,0.329937,30.0,38.334
95,13,0.340935,31.0,40.255944
95,13,0.351933,32.0,41.798387
95,13,0.362931,33.0,43.340863
95,13,0.373929,34.0,44.883306
95,13,0.384927,35.0,46.42575
95,13,0.395925,36.0,47.968194
95,13,0.406923,37.0,49.510637
95,13,0.417921,38.0,51.053113
95,13,0.428918,39.0,52.595556
95,13,0.439916,40.0,54.138
95,13,0.450914,41.0,55.680444
95,13,0.461912,42.0,55.024063
95,13,0.47291,43.0,54.309794
95,13,0.483908,44.0,53.59554
95,13,0.494906,45.0,52.881286
95,13,0.505904,46.0,52.167032
95,13,0.516902,47.0,51.452777
95,13,0.5279,48.0,50.738508
95,13,0.538898,49.0,50.024254
95,13,0.549895,50.0,49.31
95,13,0.560893,51.0,47.838146
95,13,0.571891,52.0,46.366292
95,13,0.582889,53.0,44.894408
95,13,0.593887,54.0,43.422554
95,13,0.604885,55.0,41.9507
95,13,0.615883,56.0,40.478846
95,13,0.626881,57.0,39.006992
95,13,0.637879,58.0,37.535108
95,13,0.648877,59.0,36.063254
95,13,0.659875,60.0,34.5914
95,13,0.670873,61.0,33.119546
95,13,0.68187,62.0,31.647692
95,13,0.692868,63.0,30.015238
95,13,0.703866,64.0,27.648829
95,13,0.714864,65.0,25.282419
95,13,0.725862,66.0,23.833772
95,13,0.73686,67.0,23.199275
95,13,0.747858,68.0,22.564764
95,13,0.758856,69.0,21.930267
95,13,0.769854,70.0,21.295769
95,13,0.780852,71.0,20.661272
95,13,0.79185,72.0,20.026775
95,13,0.802847,73.0,19.392264
95,13,0.813845,74.0,18.757767
95,13,0.824843,75.0,18.244167
95,13,0.835841,76.0,17.798269
95,13,0.846839,77.0,17.35237
95,13,0.857837,78.0,16.906463
95,13,0.868835,79.0,16.460565
95,13,0.879833,80.0,16.014667
95,13,0.890831,81.0,15.568769
95,13,0.901829,82.0,15.12287
95,13,0.912827,83.0,14.446019
95,13,0.923824,84.0,13.756697
95,13,0.934822,85.0,13.067375
95,13,0.94582,86.0,12.378053
95,13,0.956818,87.0,11.688731
95,13,0.967816,88.0,10.999394
95,13,0.978814,89.0,10.310072
95,13,0.989812,90.0,9.62075
95,13,1.00081,91.0,8.931428
95,13,1.011808,92.0,8.242106
95,13,1.022806,93.0,8.091201
95,13,1.033804,94.0,8.1796
95,13,1.044801,95.0,8.268
95,13,1.055799,96.0,8.3564
95,13,1.066797,97.0,8.444799
95,13,1.077795,98.0,8.533201
95,13,1.088793,99.0,8.6216
95,13,1.099791,100.0,8.71
95,14,0.0,0.0,8.71
95,14,0.010998,1.0,8.749363
95,14,0.021996,2.0,8.788725
95,14,0.032994,3.0,8.828087
95,14,0.043992,4.0,8.86745
95,14,0.05499,5.0,8.906813
95,14,0.065987,6.0,8.946175
95,14,0.076985,7.0,8.985538
95,14,0.087983,8.0,9.0249
95,14,0.098981,9.0,9.064262
95,14,0.109979,10.0,9.103625
95,14,0.120977,11.0,9.142988
95,14,0.131975,12.0,9.209776
95,14,0.142973,13.0,9.708438
95,14,0.153971,14.0,10.207112
95,14,0.164969,15.0,10.705786
95,14,0.175967,16.0,11.20446
95,14,0.186964,17.0,11.703133
95,14,0.197962,18.0,12.201795
95,14,0.20896,19.0,12.700469
95,14,0.219958,20.0,13.199143
95,14,0.230956,21.0,13.697817
95,14,0.241954,22.0,14.196491
95,14,0.252952,23.0,15.472838
95,14,0.26395,24.0,17.242391
95,14,0.274948,25.0,19.011944
95,14,0.285946,26.0,20.781497
95,14,0.296944,27.0,22.551051
95,14,0.307941,28.0,24.320561
95,14,0.318939,29.0,26.090114
95,14,0.329937,30.0,27.859667
95,14,0.340935,31.0,29.62922
95,14,0.351933,32.0,31.398773
95,14,0.362931,33.0,33.168283
95,14,0.373929,34.0,34.937836
95,14,0.384927,35.0,36.707389
95,14,0.395925,36.0,38.948021
95,14,0.406923,37.0,43.347709
95,14,0.417921,38.0,47.747291
95,14,0.428918,39.0,52.146979
95,14,0.439916,40.0,56.546667
95,14,0.450914,41.0,57.962226
95,14,0.461912,42.0,58.107951
95,14,0.47291,43.0,58.253674
95,14,0.483908,44.0,58.399399
95,14,0.494906,45.0,58.545125
95,14,0.505904,46.0,58.690851
95,14,0.516902,47.0,58.836576
95,14,0.5279,48.0,58.982299
95,14,0.538898,49.0,59.128024
95,14,0.549895,50.0,59.27375
95,14,0.560893,51.0,59.419476
95,14,0.571891,52.0,59.565201
95,14,0.582889,53.0,57.343789
95,14,0.593887,54.0,54.379694
95,14,0.604885,55.0,51.4156
95,14,0.615883,56.0,48.451506
95,14,0.626881,57.0,45.487411
95,14,0.637879,58.0,42.523389
95,14,0.648877,59.0,39.559294
95,14,0.659875,60.0,36.857934
95,14,0.670873,61.0,34.774002
95,14,0.68187,62.0,32.690071
95,14,0.692868,63.0,30.60619
95,14,0.703866,64.0,28.522258
95,14,0.714864,65.0,26.438326
95,14,0.725862,66.0,24.354395
95,14,0.73686,67.0,22.270463
95,14,0.747858,68.0,20.186582
95,14,0.758856,69.0,18.102651
95,14,0.769854,70.0,16.018719
95,14,0.780852,71.0,13.934787
95,14,0.79185,72.0,12.249874
95,14,0.802847,73.0,11.708264
95,14,0.813845,74.0,11.16664
95,14,0.824843,75.0,10.625017
95,14,0.835841,76.0,10.083393
95,14,0.846839,77.0,9.54177
95,14,0.857837,78.0,9.00016
95,14,0.868835,79.0,8.458536
95,14,0.879833,80.0,7.916913
95,14,0.890831,81.0,7.375289
95,14,0.901829,82.0,6.833666
95,14,0.912827,83.0,6.292056
95,14,0.923824,84.0,5.750432
95,14,0.934822,85.0,5.208809
95,14,0.94582,86.0,4.667185
95,14,0.956818,87.0,4.341633
95,14,0.967816,88.0,4.2992
95,14,0.978814,89.0,4.256767
95,14,0.989812,90.0,4.214333
95,14,1.00081,91.0,4.1719
95,14,1.011808,92.0,4.129466
95,14,1.022806,93.0,4.087034
95,14,1.033804,94.0,4.0446
95,14,1.044801,95.0,4.002167
95,14,1.055799,96.0,3.877599
95,14,1.066797,97.0,3.663198
95,14,1.077795,98.0,3.448802
95,14,1.088793,99.0,3.234401
95,14,1.099791,100.0,3.02
95,15,0.0,0.0,3.02
95,15,0.010998,1.0,3.209799
95,15,0.021996,2.0,3.399601
95,15,0.032994,3.0,3.589399
95,15,0.043992,4.0,3.779201
95,15,0.05499,5.0,3.969
95,15,0.065987,6.0,4.158799
95,15,0.076985,7.0,4.348601
95,15,0.087983,8.0,4.669464
95,15,0.098981,9.0,5.285238
95,15,0.109979,10.0,5.901
95,15,0.120977,11.0,6.516762
95,15,0.131975,12.0,7.132536
95,15,0.142973,13.0,7.748298
95,15,0.153971,14.0,8.364071
95,15,0.164969,15.0,8.730937
95,15,0.175967,16.0,8.998248
95,15,0.186964,17.0,9.265563
95,15,0.197962,18.0,9.532874
95,15,0.20896,19.0,9.800189
95,15,0.219958,20.0,10.0675
95,15,0.230956,21.0,10.334811
95,15,0.241954,22.0,10.602126
95,15,0.252952,23.0,10.869437
95,15,0.26395,24.0,12.306811
95,15,0.274948,25.0,13.841667
95,15,0.285946,26.0,15.376522
95,15,0.296944,27.0,16.911405
95,15,0.307941,28.0,18.446261
95,15,0.318939,29.0,19.981144
95,15,0.329937,30.0,21.813625
95,15,0.340935,31.0,24.25127
95,15,0.351933,32.0,26.688959
95,15,0.362931,33.0,29.126604
95,15,0.373929,34.0,31.564292
95,15,0.384927,35.0,34.001937
95,15,0.395925,36.0,36.439583
95,15,0.406923,37.0,38.877271
95,15,0.417921,38.0,41.314916
95,15,0.428918,39.0,43.534194
95,15,0.439916,40.0,45.566226
95,15,0.450914,41.0,47.598259
95,15,0.461912,42.0,49.630328
95,15,0.47291,43.0,51.662361
95,15,0.483908,44.0,53.69443
95,15,0.494906,45.0,55.726462
95,15,0.505904,46.0,57.758495
95,15,0.516902,47.0,57.391068
95,15,0.5279,48.0,56.318575
95,15,0.538898,49.0,55.246064
95,15,0.549895,50.0,54.173571
95,15,0.560893,51.0,53.101079
95,15,0.571891,52.0,52.028568
95,15,0.582889,53.0,50.956075
95,15,0.593887,54.0,49.479431
95,15,0.604885,55.0,43.3925
95,15,0.615883,56.0,37.305569
95,15,0.626881,57.0,31.218529
95,15,0.637879,58.0,25.131598
95,15,0.648877,59.0,23.180445
95,15,0.659875,60.0,22.548
95,15,0.670873,61.0,21.915555
95,15,0.68187,62.0,21.283098
95,15,0.692868,63.0,20.650652
95,15,0.703866,64.0,20.018195
95,15,0.714864,65.0,19.38575
95,15,0.725862,66.0,18.753305
95,15,0.73686,67.0,18.120848
95,15,0.747858,68.0,19.309996
95,15,0.758856,69.0,20.561259
95,15,0.769854,70.0,21.8125
95,15,0.780852,71.0,23.063741
95,15,0.79185,72.0,24.315004
95,15,0.802847,73.0,25.566246
95,15,0.813845,74.0,26.087345
95,15,0.824843,75.0,25.384375
95,15,0.835841,76.0,24.681405
95,15,0.846839,77.0,23.978422
95,15,0.857837,78.0,23.275453
95,15,0.868835,79.0,22.57247
95,15,0.879833,80.0,21.8695
95,15,0.890831,81.0,21.16653
95,15,0.901829,82.0,20.463547
95,15,0.912827,83.0,19.899702
95,15,0.923824,84.0,19.435597
95,15,0.934822,85.0,18.9715
95,15,0.94582,86.0,18.507403
95,15,0.956818,87.0,18.043298
95,15,0.967816,88.0,17.579202
95,15,0.978814,89.0,17.115097
95,15,0.989812,90.0,16.651
95,15,1.00081,91.0,16.179703
95,15,1.011808,92.0,15.707509
95,15,1.022806,93.0,15.235324
95,15,1.033804,94.0,14.76313
95,15,1.044801,95.0,14.290944
95,15,1.055799,96.0,13.818759
95,15,1.066797,97.0,13.346565
95,15,1.077795,98.0,12.874379
95,15,1.088793,99.0,12.402186
95,15,1.099791,100.0,11.93
95,16,0.0,0.0,11.93
95,16,0.010998,1.0,12.776942
95,16,0.021996,2.0,13.623862
95,16,0.032994,3.0,14.470804
95,16,0.043992,4.0,15.317725
95,16,0.05499,5.0,16.101429
95,16,0.065987,6.0,16.746007
95,16,0.076985,7.0,17.390568
95,16,0.087983,8.0,18.035146
95,16,0.098981,9.0,18.679708
95,16,0.109979,10.0,19.324286
95,16,0.120977,11.0,19.968864
95,16,0.131975,12.0,20.613425
95,16,0.142973,13.0,21.258003
95,16,0.153971,14.0,21.902565
95,16,0.164969,15.0,22.547143
95,16,0.175967,16.0,23.281209
95,16,0.186964,17.0,24.164396
95,16,0.197962,18.0,25.047604
95,16,0.20896,19.0,25.930791
95,16,0.219958,20.0,26.814
95,16,0.230956,21.0,27.697209
95,16,0.241954,22.0,28.580396
95,16,0.252952,23.0,29.463604
95,16,0.26395,24.0,30.346791
95,16,0.274948,25.0,31.23
95,16,0.285946,26.0,32.441212
95,16,0.296944,27.0,33.652394
95,16,0.307941,28.0,34.863606
95,16,0.318939,29.0,36.074788
95,16,0.329937,30.0,37.286
95,16,0.340935,31.0,38.497212
95,16,0.351933,32.0,39.708394
95,16,0.362931,33.0,40.919606
95,16,0.373929,34.0,42.130788
95,16,0.384927,35.0,43.342
95,16,0.395925,36.0,44.553212
95,16,0.406923,37.0,45.764394
95,16,0.417921,38.0,46.118797
95,16,0.428918,39.0,45.616405
95,16,0.439916,40.0,45.114
95,16,0.450914,41.0,44.611595
95,16,0.461912,42.0,44.109203
95,16,0.47291,43.0,43.606797
95,16,0.483908,44.0,43.104405
95,16,0.494906,45.0,42.602
95,16,0.505904,46.0,42.099595
95,16,0.516902,47.0,41.542005
95,16,0.5279,48.0,40.597995
95,16,0.538898,49.0,39.65401
95,16,0.549895,50.0,38.71
95,16,0.560893,51.0,37.76599
95,16,0.571891,52.0,36.822005
95,16,0.582889,53.0,35.877995
95,16,0.593887,54.0,34.93401
95,16,0.604885,55.0,33.99
95,16,0.615883,56.0,33.04599
95,16,0.626881,57.0,32.102005
95,16,0.637879,58.0,31.157995
95,16,0.648877,59.0,30.21401
95,16,0.659875,60.0,29.346857
95,16,0.670873,61.0,28.52582
95,16,0.68187,62.0,27.704804
95,16,0.692868,63.0,26.883767
95,16,0.703866,64.0,26.062751
95,16,0.714864,65.0,25.241714
95,16,0.725862,66.0,24.420677
95,16,0.73686,67.0,23.599661
95,16,0.747858,68.0,22.778624
95,16,0.758856,69.0,21.957608
95,16,0.769854,70.0,21.136571
95,16,0.780852,71.0,20.471376
95,16,0.79185,72.0,19.877032
95,16,0.802847,73.0,19.282673
95,16,0.813845,74.0,18.68833
95,16,0.824843,75.0,18.093971
95,16,0.835841,76.0,17.499612
95,16,0.846839,77.0,16.905268
95,16,0.857837,78.0,16.310909
95,16,0.868835,79.0,15.716565
95,16,0.879833,80.0,15.122206
95,16,0.890831,81.0,14.527847
95,16,0.901829,82.0,13.933503
95,16,0.912827,83.0,13.339144
95,16,0.923824,84.0,12.7448
95,16,0.934822,85.0,12.234444
95,16,0.94582,86.0,11.801373
95,16,0.956818,87.0,11.368313
95,16,0.967816,88.0,10.935242
95,16,0.978814,89.0,10.502182
95,16,0.989812,90.0,10.497692
95,16,1.00081,91.0,10.578924
95,16,1.011808,92.0,10.660153
95,16,1.022806,93.0,10.741385
95,16,1.033804,94.0,10.822615
95,16,1.044801,95.0,10.903846
95,16,1.055799,96.0,10.985078
95,16,1.066797,97.0,11.066307
95,16,1.077795,98.0,11.147539
95,16,1.088793,99.0,11.228768
95,16,1.099791,100.0,11.31
96,2,0.0,0.0,8.38
96,2,0.010998,1.0,8.043
96,2,0.021996,2.0,7.706
96,2,0.032994,3.0,7.369
96,2,0.043992,4.0,7.032
96,2,0.05499,5.0,6.695
96,2,0.065987,6.0,6.358
96,2,0.076985,7.0,6.021
96,2,0.087983,8.0,5.684
96,2,0.098981,9.0,5.347
96,2,0.109979,10.0,5.01
96,2,0.120977,11.0,5.254
96,2,0.131975,12.0,5.498
96,2,0.142973,13.0,5.742
96,2,0.153971,14.0,5.986
96,2,0.164969,15.0,6.23
96,2,0.175967,16.0,6.474
96,2,0.186964,17.0,6.718
96,2,0.197962,18.0,7.033
96,2,0.20896,19.0,7.419
96,2,0.219958,20.0,7.805
96,2,0.230956,21.0,8.191
96,2,0.241954,22.0,8.577
96,2,0.252952,23.0,8.963
96,2,0.26395,24.0,9.349
96,2,0.274948,25.0,9.735
96,2,0.285946,26.0,10.121
96,2,0.296944,27.0,10.507
96,2,0.307941,28.0,11.112667
96,2,0.318939,29.0,11.938
96,2,0.329937,30.0,12.763333
96,2,0.340935,31.0,13.588667
96,2,0.351933,32.0,14.414
96,2,0.362931,33.0,15.239333
96,2,0.373929,34.0,16.064667
96,2,0.384927,35.0,16.89
96,2,0.395925,36.0,18.488
96,2,0.406923,37.0,20.086
96,2,0.417921,38.0,21.684
96,2,0.428918,39.0,23.282
96,2,0.439916,40.0,24.88
96,2,0.450914,41.0,26.478
96,2,0.461912,42.0,28.076
96,2,0.47291,43.0,29.674
96,2,0.483908,44.0,31.272
96,2,0.494906,45.0,32.87
96,2,0.505904,46.0,38.158
96,2,0.516902,47.0,43.446
96,2,0.5279,48.0,48.734
96,2,0.538898,49.0,54.022
96,2,0.549895,50.0,59.31
96,2,0.560893,51.0,59.57
96,2,0.571891,52.0,59.83
96,2,0.582889,53.0,60.09
96,2,0.593887,54.0,60.35
96,2,0.604885,55.0,60.61
96,2,0.615883,56.0,60.87
96,2,0.626881,57.0,61.13
96,2,0.637879,58.0,61.39
96,2,0.648877,59.0,61.65
96,2,0.659875,60.0,61.91
96,2,0.670873,61.0,60.001
96,2,0.68187,62.0,58.092
96,2,0.692868,63.0,56.183
96,2,0.703866,64.0,54.274
96,2,0.714864,65.0,52.365
96,2,0.725862,66.0,50.456
96,2,0.73686,67.0,48.547
96,2,0.747858,68.0,46.638
96,2,0.758856,69.0,44.729
96,2,0.769854,70.0,42.82
96,2,0.780852,71.0,39.114667
96,2,0.79185,72.0,35.409333
96,2,0.802847,73.0,31.704
96,2,0.813845,74.0,27.998667
96,2,0.824843,75.0,24.293333
96,2,0.835841,76.0,20.588
96,2,0.846839,77.0,16.882667
96,2,0.857837,78.0,14.3852
96,2,0.868835,79.0,13.0956
96,2,0.879833,80.0,11.806
96,2,0.890831,81.0,10.5164
96,2,0.901829,82.0,9.2268
96,2,0.912827,83.0,7.9372
96,2,0.923824,84.0,7.0355
96,2,0.934822,85.0,7.2975
96,2,0.94582,86.0,7.5595
96,2,0.956818,87.0,7.8215
96,2,0.967816,88.0,8.0835
96,2,0.978814,89.0,8.3455
96,2,0.989812,90.0,8.6075
96,2,1.00081,91.0,8.8695
96,2,1.011808,92.0,9.1315
96,2,1.022806,93.0,9.3935
96,2,1.033804,94.0,9.4684
96,2,1.044801,95.0,8.982
96,2,1.055799,96.0,8.4956
96,2,1.066797,97.0,8.0092
96,2,1.077795,98.0,7.5228
96,2,1.088793,99.0,7.0364
96,2,1.099791,100.0,6.55
96,3,0.0,0.0,6.55
96,3,0.010998,1.0,6.642044
96,3,0.021996,2.0,6.734089
96,3,0.032994,3.0,6.826133
96,3,0.043992,4.0,6.918179
96,3,0.05499,5.0,7.010222
96,3,0.065987,6.0,7.102266
96,3,0.076985,7.0,7.194312
96,3,0.087983,8.0,7.286355
96,3,0.098981,9.0,7.378401
96,3,0.109979,10.0,7.470444
96,3,0.120977,11.0,7.562488
96,3,0.131975,12.0,7.662458
96,3,0.142973,13.0,7.804685
96,3,0.153971,14.0,7.946916
96,3,0.164969,15.0,8.089143
96,3,0.175967,16.0,8.23137
96,3,0.186964,17.0,8.373601
96,3,0.197962,18.0,8.515828
96,3,0.20896,19.0,8.658058
96,3,0.219958,20.0,8.800286
96,3,0.230956,21.0,8.942513
96,3,0.241954,22.0,9.948405
96,3,0.252952,23.0,11.002262
96,3,0.26395,24.0,12.056142
96,3,0.274948,25.0,13.11
96,3,0.285946,26.0,14.163858
96,3,0.296944,27.0,15.217738
96,3,0.307941,28.0,16.271595
96,3,0.318939,29.0,17.355264
96,3,0.329937,30.0,18.975
96,3,0.340935,31.0,20.594736
96,3,0.351933,32.0,22.214507
96,3,0.362931,33.0,23.834243
96,3,0.373929,34.0,25.454014
96,3,0.384927,35.0,27.07375
96,3,0.395925,36.0,28.693486
96,3,0.406923,37.0,30.313257
96,3,0.417921,38.0,31.932993
96,3,0.428918,39.0,33.552764
96,3,0.439916,40.0,35.838857
96,3,0.450914,41.0,38.724661
96,3,0.461912,42.0,41.610527
96,3,0.47291,43.0,44.49633
96,3,0.483908,44.0,47.382196
96,3,0.494906,45.0,50.268
96,3,0.505904,46.0,53.153804
96,3,0.516902,47.0,56.03967
96,3,0.5279,48.0,58.925473
96,3,0.538898,49.0,60.987602
96,3,0.549895,50.0,61.265
96,3,0.560893,51.0,61.542398
96,3,0.571891,52.0,61.819801
96,3,0.582889,53.0,62.097199
96,3,0.593887,54.0,62.266985
96,3,0.604885,55.0,60.5
96,3,0.615883,56.0,58.733015
96,3,0.626881,57.0,56.965992
96,3,0.637879,58.0,55.199008
96,3,0.648877,59.0,53.431985
96,3,0.659875,60.0,51.665
96,3,0.670873,61.0,49.898015
96,3,0.68187,62.0,48.130992
96,3,0.692868,63.0,46.364008
96,3,0.703866,64.0,44.596985
96,3,0.714864,65.0,41.6712
96,3,0.725862,66.0,37.702514
96,3,0.73686,67.0,33.733743
96,3,0.747858,68.0,29.765057
96,3,0.758856,69.0,25.796286
96,3,0.769854,70.0,21.8276
96,3,0.780852,71.0,17.858914
96,3,0.79185,72.0,16.539395
96,3,0.802847,73.0,15.367105
96,3,0.813845,74.0,14.19479
96,3,0.824843,75.0,13.0225
96,3,0.835841,76.0,11.85021
96,3,0.846839,77.0,10.677895
96,3,0.857837,78.0,9.505605
96,3,0.868835,79.0,8.33329
96,3,0.879833,80.0,7.161
96,3,0.890831,81.0,5.98871
96,3,0.901829,82.0,5.383601
96,3,0.912827,83.0,5.558399
96,3,0.923824,84.0,5.733201
96,3,0.934822,85.0,5.908
96,3,0.94582,86.0,6.082799
96,3,0.956818,87.0,6.257601
96,3,0.967816,88.0,6.432399
96,3,0.978814,89.0,6.607201
96,3,0.989812,90.0,6.782
96,3,1.00081,91.0,6.844117
96,3,1.011808,92.0,6.483656
96,3,1.022806,93.0,6.123202
96,3,1.033804,94.0,5.76274
96,3,1.044801,95.0,5.402286
96,3,1.055799,96.0,5.041832
96,3,1.066797,97.0,4.68137
96,3,1.077795,98.0,4.320916
96,3,1.088793,99.0,3.960454
96,3,1.099791,100.0,3.6
96,4,0.0,0.0,3.6
96,4,0.010998,1.0,3.823549
96,4,0.021996,2.0,4.047098
96,4,0.032994,3.0,4.270652
96,4,0.043992,4.0,4.494201
96,4,0.05499,5.0,4.71775
96,4,0.065987,6.0,4.941299
96,4,0.076985,7.0,5.164848
96,4,0.087983,8.0,5.388402
96,4,0.098981,9.0,5.611951
96,4,0.109979,10.0,5.8355
96,4,0.120977,11.0,6.059049
96,4,0.131975,12.0,6.333729
96,4,0.142973,13.0,6.774604
96,4,0.153971,14.0,7.215469
96,4,0.164969,15.0,7.656333
96,4,0.175967,16.0,8.097198
96,4,0.186964,17.0,8.538062
96,4,0.197962,18.0,8.978938
96,4,0.20896,19.0,9.419802
96,4,0.219958,20.0,9.860667
96,4,0.230956,21.0,10.718493
96,4,0.241954,22.0,12.171986
96,4,0.252952,23.0,13.625514
96,4,0.26395,24.0,15.079007
96,4,0.274948,25.0,16.5325
96,4,0.285946,26.0,17.985993
96,4,0.296944,27.0,19.481585
96,4,0.307941,28.0,21.014637
96,4,0.318939,29.0,22.547652
96,4,0.329937,30.0,24.080667
96,4,0.340935,31.0,25.613682
96,4,0.351933,32.0,27.146696
96,4,0.362931,33.0,28.679748
96,4,0.373929,34.0,30.212763
96,4,0.384927,35.0,31.745778
96,4,0.395925,36.0,33.278793
96,4,0.406923,37.0,34.811808
96,4,0.417921,38.0,36.344859
96,4,0.428918,39.0,37.877874
96,4,0.439916,40.0,40.0052
96,4,0.450914,41.0,43.558863
96,4,0.461912,42.0,47.112526
96,4,0.47291,43.0,50.666274
96,4,0.483908,44.0,54.219937
96,4,0.494906,45.0,57.7736
96,4,0.505904,46.0,61.327263
96,4,0.516902,47.0,64.880926
96,4,0.5279,48.0,64.624395
96,4,0.538898,49.0,64.129698
96,4,0.549895,50.0,63.635
96,4,0.560893,51.0,63.140302
96,4,0.571891,52.0,62.645605
96,4,0.582889,53.0,62.150895
96,4,0.593887,54.0,61.656198
96,4,0.604885,55.0,61.1615
96,4,0.615883,56.0,60.666802
96,4,0.626881,57.0,60.172105
96,4,0.637879,58.0,59.677395
96,4,0.648877,59.0,58.91029
96,4,0.659875,60.0,56.872
96,4,0.670873,61.0,54.83371
96,4,0.68187,62.0,52.79542
96,4,0.692868,63.0,50.75708
96,4,0.703866,64.0,48.71879
96,4,0.714864,65.0,46.6805
96,4,0.725862,66.0,44.64221
96,4,0.73686,67.0,42.60392
96,4,0.747858,68.0,40.56558
96,4,0.758856,69.0,38.52729
96,4,0.769854,70.0,36.489
96,4,0.780852,71.0,34.45071
96,4,0.79185,72.0,32.41242
96,4,0.802847,73.0,30.37408
96,4,0.813845,74.0,28.33579
96,4,0.824843,75.0,26.2975
96,4,0.835841,76.0,24.25921
96,4,0.846839,77.0,20.54365
96,4,0.857837,78.0,15.337017
96,4,0.868835,79.0,10.130508
96,4,0.879833,80.0,4.924
96,4,0.890831,81.0,0.477594
96,4,0.901829,82.0,1.732188
96,4,0.912827,83.0,2.986812
96,4,0.923824,84.0,4.241406
96,4,0.934822,85.0,5.496
96,4,0.94582,86.0,6.750594
96,4,0.956818,87.0,7.68049
96,4,0.967816,88.0,7.555065
96,4,0.978814,89.0,7.429644
96,4,0.989812,90.0,7.304222
96,4,1.00081,91.0,7.178801
96,4,1.011808,92.0,7.053379
96,4,1.022806,93.0,6.927954
96,4,1.033804,94.0,6.802533
96,4,1.044801,95.0,6.677111
96,4,1.055799,96.0,6.551689
96,4,1.066797,97.0,6.426268
96,4,1.077795,98.0,6.300843
96,4,1.088793,99.0,6.175422
96,4,1.099791,100.0,6.05
96,5,0.0,0.0,6.05
96,5,0.010998,1.0,5.874801
96,5,0.021996,2.0,5.699602
96,5,0.032994,3.0,5.524398
96,5,0.043992,4.0,5.349199
96,5,0.05499,5.0,5.174
96,5,0.065987,6.0,4.998801
96,5,0.076985,7.0,4.823602
96,5,0.087983,8.0,4.648398
96,5,0.098981,9.0,4.473199
96,5,0.109979,10.0,4.298
96,5,0.120977,11.0,4.155711
96,5,0.131975,12.0,4.781423
96,5,0.142973,13.0,5.407148
96,5,0.153971,14.0,6.03286
96,5,0.164969,15.0,6.658571
96,5,0.175967,16.0,7.284283
96,5,0.186964,17.0,7.909994
96,5,0.197962,18.0,8.53572
96,5,0.20896,19.0,9.161431
96,5,0.219958,20.0,9.787143
96,5,0.230956,21.0,10.70032
96,5,0.241954,22.0,11.961945
96,5,0.252952,23.0,13.223598
96,5,0.26395,24.0,14.485223
96,5,0.274948,25.0,15.7201
96,5,0.285946,26.0,16.875223
96,5,0.296944,27.0,18.030345
96,5,0.307941,28.0,19.185492
96,5,0.318939,29.0,20.340615
96,5,0.329937,30.0,21.495737
96,5,0.340935,31.0,22.650859
96,5,0.351933,32.0,23.805981
96,5,0.362931,33.0,24.961129
96,5,0.373929,34.0,26.116251
96,5,0.384927,35.0,27.271373
96,5,0.395925,36.0,28.426495
96,5,0.406923,37.0,29.581617
96,5,0.417921,38.0,30.736765
96,5,0.428918,39.0,31.891887
96,5,0.439916,40.0,33.047009
96,5,0.450914,41.0,34.202131
96,5,0.461912,42.0,35.357253
96,5,0.47291,43.0,36.512401
96,5,0.483908,44.0,37.667523
96,5,0.494906,45.0,38.822645
96,5,0.505904,46.0,50.717935
96,5,0.516902,47.0,59.093868
96,5,0.5279,48.0,58.938132
96,5,0.538898,49.0,58.782399
96,5,0.549895,50.0,58.626667
96,5,0.560893,51.0,58.470934
96,5,0.571891,52.0,58.315201
96,5,0.582889,53.0,58.159465
96,5,0.593887,54.0,58.003733
96,5,0.604885,55.0,57.6025
96,5,0.615883,56.0,56.252006
96,5,0.626881,57.0,54.901512
96,5,0.637879,58.0,53.550988
96,5,0.648877,59.0,52.200494
96,5,0.659875,60.0,50.85
96,5,0.670873,61.0,49.499506
96,5,0.68187,62.0,48.149012
96,5,0.692868,63.0,46.798488
96,5,0.703866,64.0,45.447994
96,5,0.714864,65.0,43.058
96,5,0.725862,66.0,40.021214
96,5,0.73686,67.0,36.984427
96,5,0.747858,68.0,33.947573
96,5,0.758856,69.0,30.910786
96,5,0.769854,70.0,27.874
96,5,0.780852,71.0,24.837214
96,5,0.79185,72.0,21.800427
96,5,0.802847,73.0,19.155662
96,5,0.813845,74.0,17.105831
96,5,0.824843,75.0,15.056
96,5,0.835841,76.0,13.006169
96,5,0.846839,77.0,10.956338
96,5,0.857837,78.0,8.906462
96,5,0.868835,79.0,6.856631
96,5,0.879833,80.0,5.9735
96,5,0.890831,81.0,6.052887
96,5,0.901829,82.0,6.132274
96,5,0.912827,83.0,6.211663
96,5,0.923824,84.0,6.29105
96,5,0.934822,85.0,6.370437
96,5,0.94582,86.0,6.449825
96,5,0.956818,87.0,6.529212
96,5,0.967816,88.0,6.608601
96,5,0.978814,89.0,6.687988
96,5,0.989812,90.0,6.767375
96,5,1.00081,91.0,6.641515
96,5,1.011808,92.0,6.37246
96,5,1.022806,93.0,6.103398
96,5,1.033804,94.0,5.834342
96,5,1.044801,95.0,5.565286
96,5,1.055799,96.0,5.29623
96,5,1.066797,97.0,5.027174
96,5,1.077795,98.0,4.758112
96,5,1.088793,99.0,4.489056
96,5,1.099791,100.0,4.22
96,6,0.0,0.0,4.22
96,6,0.010998,1.0,4.054027
96,6,0.021996,2.0,3.888058
96,6,0.032994,3.0,3.722085
96,6,0.043992,4.0,3.556116
96,6,0.05499,5.0,3.390143
96,6,0.065987,6.0,3.22417
96,6,0.076985,7.0,3.058201
96,6,0.087983,8.0,2.892228
96,6,0.098981,9.0,2.726259
96,6,0.109979,10.0,2.811333
96,6,0.120977,11.0,3.109803
96,6,0.131975,12.0,3.408265
96,6,0.142973,13.0,3.706735
96,6,0.153971,14.0,4.005197
96,6,0.164969,15.0,4.303667
96,6,0.175967,16.0,4.602136
96,6,0.186964,17.0,4.900599
96,6,0.197962,18.0,5.330574
96,6,0.20896,19.0,5.933138
96,6,0.219958,20.0,6.535714
96,6,0.230956,21.0,7.138291
96,6,0.241954,22.0,7.740854
96,6,0.252952,23.0,8.343431
96,6,0.26395,24.0,8.945995
96,6,0.274948,25.0,9.548571
96,6,0.285946,26.0,10.151148
96,6,0.296944,27.0,10.753712
96,6,0.307941,28.0,12.503768
96,6,0.318939,29.0,14.285664
96,6,0.329937,30.0,16.0676
96,6,0.340935,31.0,17.849536
96,6,0.351933,32.0,19.631432
96,6,0.362931,33.0,21.413368
96,6,0.373929,34.0,23.277581
96,6,0.384927,35.0,25.44025
96,6,0.395925,36.0,27.602919
96,6,0.406923,37.0,29.76554
96,6,0.417921,38.0,31.92821
96,6,0.428918,39.0,34.090831
96,6,0.439916,40.0,36.2535
96,6,0.450914,41.0,38.416169
96,6,0.461912,42.0,40.57879
96,6,0.47291,43.0,42.74146
96,6,0.483908,44.0,44.904081
96,6,0.494906,45.0,46.5595
96,6,0.505904,46.0,47.470941
96,6,0.516902,47.0,48.382363
96,6,0.5279,48.0,49.293804
96,6,0.538898,49.0,50.205225
96,6,0.549895,50.0,51.116667
96,6,0.560893,51.0,52.028108
96,6,0.571891,52.0,52.939529
96,6,0.582889,53.0,53.576975
96,6,0.593887,54.0,53.5668
96,6,0.604885,55.0,53.556625
96,6,0.615883,56.0,53.54645
96,6,0.626881,57.0,53.536275
96,6,0.637879,58.0,53.5261
96,6,0.648877,59.0,53.515925
96,6,0.659875,60.0,53.50575
96,6,0.670873,61.0,53.495575
96,6,0.68187,62.0,53.4854
96,6,0.692868,63.0,53.475225
96,6,0.703866,64.0,51.734111
96,6,0.714864,65.0,48.1658
96,6,0.725862,66.0,44.597489
96,6,0.73686,67.0,41.029256
96,6,0.747858,68.0,37.460944
96,6,0.758856,69.0,33.892711
96,6,0.769854,70.0,30.3244
96,6,0.780852,71.0,27.991759
96,6,0.79185,72.0,26.116808
96,6,0.802847,73.0,24.241817
96,6,0.813845,74.0,22.366866
96,6,0.824843,75.0,20.491875
96,6,0.835841,76.0,18.616884
96,6,0.846839,77.0,16.741933
96,6,0.857837,78.0,14.866942
96,6,0.868835,79.0,12.991991
96,6,0.879833,80.0,11.117
96,6,0.890831,81.0,9.242009
96,6,0.901829,82.0,8.499158
96,6,0.912827,83.0,7.856175
96,6,0.923824,84.0,7.213206
96,6,0.934822,85.0,6.570222
96,6,0.94582,86.0,5.927239
96,6,0.956818,87.0,5.284269
96,6,0.967816,88.0,4.641286
96,6,0.978814,89.0,3.998317
96,6,0.989812,90.0,3.355333
96,6,1.00081,91.0,2.71235
96,6,1.011808,92.0,2.069381
96,6,1.022806,93.0,1.426397
96,6,1.033804,94.0,1.723595
96,6,1.044801,95.0,2.323
96,6,1.055799,96.0,2.922405
96,6,1.066797,97.0,3.521797
96,6,1.077795,98.0,4.121203
96,6,1.088793,99.0,4.720595
96,6,1.099791,100.0,5.32
96,7,0.0,0.0,5.32
96,7,0.010998,1.0,5.1408
96,7,0.021996,2.0,4.9616
96,7,0.032994,3.0,4.7824
96,7,0.043992,4.0,4.6032
96,7,0.05499,5.0,4.424
96,7,0.065987,6.0,4.2448
96,7,0.076985,7.0,4.268182
96,7,0.087983,8.0,4.359091
96,7,0.098981,9.0,4.45
96,7,0.109979,10.0,4.540909
96,7,0.120977,11.0,4.631818
96,7,0.131975,12.0,4.722727
96,7,0.142973,13.0,4.813636
96,7,0.153971,14.0,4.904545
96,7,0.164969,15.0,4.995455
96,7,0.175967,16.0,5.086364
96,7,0.186964,17.0,5.177273
96,7,0.197962,18.0,5.268182
96,7,0.20896,19.0,5.359091
96,7,0.219958,20.0,5.45
96,7,0.230956,21.0,6.4148
96,7,0.241954,22.0,7.3796
96,7,0.252952,23.0,8.3444
96,7,0.26395,24.0,9.3092
96,7,0.274948,25.0,10.274
96,7,0.285946,26.0,11.2388
96,7,0.296944,27.0,12.426286
96,7,0.307941,28.0,13.688
96,7,0.318939,29.0,14.949714
96,7,0.329937,30.0,16.211429
96,7,0.340935,31.0,17.473143
96,7,0.351933,32.0,18.734857
96,7,0.362931,33.0,19.996571
96,7,0.373929,34.0,21.258286
96,7,0.384927,35.0,22.52
96,7,0.395925,36.0,26.898
96,7,0.406923,37.0,31.276
96,7,0.417921,38.0,35.654
96,7,0.428918,39.0,40.032
96,7,0.439916,40.0,44.41
96,7,0.450914,41.0,46.805
96,7,0.461912,42.0,49.2
96,7,0.47291,43.0,51.595
96,7,0.483908,44.0,53.99
96,7,0.494906,45.0,56.385
96,7,0.505904,46.0,58.78
96,7,0.516902,47.0,61.175
96,7,0.5279,48.0,63.57
96,7,0.538898,49.0,65.965
96,7,0.549895,50.0,68.36
96,7,0.560893,51.0,67.5168
96,7,0.571891,52.0,66.6736
96,7,0.582889,53.0,65.8304
96,7,0.593887,54.0,64.9872
96,7,0.604885,55.0,64.144
96,7,0.615883,56.0,63.3008
96,7,0.626881,57.0,61.12125
96,7,0.637879,58.0,58.49625
96,7,0.648877,59.0,55.87125
96,7,0.659875,60.0,53.24625
96,7,0.670873,61.0,50.62125
96,7,0.68187,62.0,47.99625
96,7,0.692868,63.0,45.37125
96,7,0.703866,64.0,42.74625
96,7,0.714864,65.0,40.12125
96,7,0.725862,66.0,37.49625
96,7,0.73686,67.0,34.635
96,7,0.747858,68.0,31.695
96,7,0.758856,69.0,28.755
96,7,0.769854,70.0,25.815
96,7,0.780852,71.0,22.875
96,7,0.79185,72.0,19.935
96,7,0.802847,73.0,16.995
96,7,0.813845,74.0,14.682
96,7,0.824843,75.0,14.25
96,7,0.835841,76.0,13.818
96,7,0.846839,77.0,13.386
96,7,0.857837,78.0,12.954
96,7,0.868835,79.0,12.522
96,7,0.879833,80.0,12.09
96,7,0.890831,81.0,11.658
96,7,0.901829,82.0,11.226
96,7,0.912827,83.0,10.794
96,7,0.923824,84.0,10.364
96,7,0.934822,85.0,9.94
96,7,0.94582,86.0,9.516
96,7,0.956818,87.0,9.092
96,7,0.967816,88.0,8.668
96,7,0.978814,89.0,8.244
96,7,0.989812,90.0,7.82
96,7,1.00081,91.0,7.74
96,7,1.011808,92.0,7.66
96,7,1.022806,93.0,7.58
96,7,1.033804,94.0,7.5
96,7,1.044801,95.0,7.42
96,7,1.055799,96.0,7.34
96,7,1.066797,97.0,7.26
96,7,1.077795,98.0,7.18
96,7,1.088793,99.0,7.1
96,7,1.099791,100.0,7.02
96,8,0.0,0.0,7.02
96,8,0.010998,1.0,6.943787
96,8,0.021996,2.0,6.867574
96,8,0.032994,3.0,6.791363
96,8,0.043992,4.0,6.71515
96,8,0.05499,5.0,6.638937
96,8,0.065987,6.0,6.562725
96,8,0.076985,7.0,6.486512
96,8,0.087983,8.0,6.410301
96,8,0.098981,9.0,6.334088
96,8,0.109979,10.0,6.257875
96,8,0.120977,11.0,6.181662
96,8,0.131975,12.0,6.156248
96,8,0.142973,13.0,6.930752
96,8,0.153971,14.0,7.705276
96,8,0.164969,15.0,8.4798
96,8,0.175967,16.0,9.254324
96,8,0.186964,17.0,10.028848
96,8,0.197962,18.0,10.803352
96,8,0.20896,19.0,11.577876
96,8,0.219958,20.0,12.549333
96,8,0.230956,21.0,13.653722
96,8,0.241954,22.0,14.758111
96,8,0.252952,23.0,15.862473
96,8,0.26395,24.0,16.966861
96,8,0.274948,25.0,18.07125
96,8,0.285946,26.0,19.175639
96,8,0.296944,27.0,20.280027
96,8,0.307941,28.0,21.384389
96,8,0.318939,29.0,22.856425
96,8,0.329937,30.0,24.533667
96,8,0.340935,31.0,26.210908
96,8,0.351933,32.0,27.88815
96,8,0.362931,33.0,29.56535
96,8,0.373929,34.0,31.242592
96,8,0.384927,35.0,32.919833
96,8,0.395925,36.0,34.597075
96,8,0.406923,37.0,36.274316
96,8,0.417921,38.0,37.951517
96,8,0.428918,39.0,39.628759
96,8,0.439916,40.0,41.306
96,8,0.450914,41.0,42.983241
96,8,0.461912,42.0,45.048114
96,8,0.47291,43.0,48.580286
96,8,0.483908,44.0,52.112543
96,8,0.494906,45.0,55.6448
96,8,0.505904,46.0,59.177057
96,8,0.516902,47.0,62.709314
96,8,0.5279,48.0,66.241486
96,8,0.538898,49.0,69.773743
96,8,0.549895,50.0,70.42625
96,8,0.560893,51.0,70.099623
96,8,0.571891,52.0,69.772997
96,8,0.582889,53.0,69.446378
96,8,0.593887,54.0,69.119752
96,8,0.604885,55.0,68.793125
96,8,0.615883,56.0,68.466498
96,8,0.626881,57.0,68.139872
96,8,0.637879,58.0,67.813253
96,8,0.648877,59.0,67.486627
96,8,0.659875,60.0,67.16
96,8,0.670873,61.0,66.833373
96,8,0.68187,62.0,63.631482
96,8,0.692868,63.0,59.737518
96,8,0.703866,64.0,55.843459
96,8,0.714864,65.0,51.9494
96,8,0.725862,66.0,48.055341
96,8,0.73686,67.0,44.161282
96,8,0.747858,68.0,40.267318
96,8,0.758856,69.0,37.132133
96,8,0.769854,70.0,35.44875
96,8,0.780852,71.0,33.765367
96,8,0.79185,72.0,32.081984
96,8,0.802847,73.0,30.398641
96,8,0.813845,74.0,28.715258
96,8,0.824843,75.0,27.031875
96,8,0.835841,76.0,25.348492
96,8,0.846839,77.0,23.665109
96,8,0.857837,78.0,21.981766
96,8,0.868835,79.0,20.298383
96,8,0.879833,80.0,18.615
96,8,0.890831,81.0,17.491739
96,8,0.901829,82.0,17.198277
96,8,0.912827,83.0,16.904823
96,8,0.923824,84.0,16.611361
96,8,0.934822,85.0,16.3179
96,8,0.94582,86.0,16.024439
96,8,0.956818,87.0,15.730977
96,8,0.967816,88.0,15.437523
96,8,0.978814,89.0,15.275888
96,8,0.989812,90.0,15.122625
96,8,1.00081,91.0,14.969362
96,8,1.011808,92.0,14.816099
96,8,1.022806,93.0,14.662839
96,8,1.033804,94.0,14.509576
96,8,1.044801,95.0,14.356312
96,8,1.055799,96.0,14.203049
96,8,1.066797,97.0,14.049786
96,8,1.077795,98.0,13.896526
96,8,1.088793,99.0,13.743263
96,8,1.099791,100.0,13.59
96,9,0.0,0.0,13.59
96,9,0.010998,1.0,13.109419
96,9,0.021996,2.0,12.628838
96,9,0.032994,3.0,12.148246
96,9,0.043992,4.0,11.667665
96,9,0.05499,5.0,11.187083
96,9,0.065987,6.0,10.706502
96,9,0.076985,7.0,10.225921
96,9,0.087983,8.0,9.745329
96,9,0.098981,9.0,9.801026
96,9,0.109979,10.0,10.00725
96,9,0.120977,11.0,10.213474
96,9,0.131975,12.0,10.419698
96,9,0.142973,13.0,10.625927
96,9,0.153971,14.0,10.832151
96,9,0.164969,15.0,11.038375
96,9,0.175967,16.0,11.244599
96,9,0.186964,17.0,11.450823
96,9,0.197962,18.0,11.657052
96,9,0.20896,19.0,11.863276
96,9,0.219958,20.0,12.6656
96,9,0.230956,21.0,13.597076
96,9,0.241954,22.0,14.528552
96,9,0.252952,23.0,15.460048
96,9,0.26395,24.0,16.391524
96,9,0.274948,25.0,17.323
96,9,0.285946,26.0,18.254476
96,9,0.296944,27.0,19.505626
96,9,0.307941,28.0,20.765811
96,9,0.318939,29.0,22.025968
96,9,0.329937,30.0,23.286125
96,9,0.340935,31.0,24.546282
96,9,0.351933,32.0,25.806439
96,9,0.362931,33.0,27.066624
96,9,0.373929,34.0,28.326781
96,9,0.384927,35.0,29.586938
96,9,0.395925,36.0,30.847094
96,9,0.406923,37.0,32.144065
96,9,0.417921,38.0,36.093435
96,9,0.428918,39.0,40.042718
96,9,0.439916,40.0,43.992
96,9,0.450914,41.0,47.941282
96,9,0.461912,42.0,51.890565
96,9,0.47291,43.0,55.839935
96,9,0.483908,44.0,59.206995
96,9,0.494906,45.0,59.614536
96,9,0.505904,46.0,60.022078
96,9,0.516902,47.0,60.429619
96,9,0.5279,48.0,60.837169
96,9,0.538898,49.0,61.24471
96,9,0.549895,50.0,61.652252
96,9,0.560893,51.0,62.059793
96,9,0.571891,52.0,62.467334
96,9,0.582889,53.0,62.874884
96,9,0.593887,54.0,63.282426
96,9,0.604885,55.0,63.689967
96,9,0.615883,56.0,64.097508
96,9,0.626881,57.0,64.505049
96,9,0.637879,58.0,63.461867
96,9,0.648877,59.0,59.995001
96,9,0.659875,60.0,56.528136
96,9,0.670873,61.0,53.06127
96,9,0.68187,62.0,49.594404
96,9,0.692868,63.0,46.127461
96,9,0.703866,64.0,43.418688
96,9,0.714864,65.0,40.720438
96,9,0.725862,66.0,38.022187
96,9,0.73686,67.0,35.323937
96,9,0.747858,68.0,32.625626
96,9,0.758856,69.0,29.927375
96,9,0.769854,70.0,27.229125
96,9,0.780852,71.0,24.530875
96,9,0.79185,72.0,21.832624
96,9,0.802847,73.0,19.134313
96,9,0.813845,74.0,16.478228
96,9,0.824843,75.0,15.31875
96,9,0.835841,76.0,14.159272
96,9,0.846839,77.0,12.999794
96,9,0.857837,78.0,11.84029
96,9,0.868835,79.0,10.680811
96,9,0.879833,80.0,9.521333
96,9,0.890831,81.0,8.361855
96,9,0.901829,82.0,7.202377
96,9,0.912827,83.0,7.175239
96,9,0.923824,84.0,7.416801
96,9,0.934822,85.0,7.658364
96,9,0.94582,86.0,7.899926
96,9,0.956818,87.0,8.141489
96,9,0.967816,88.0,8.383057
96,9,0.978814,89.0,8.624619
96,9,0.989812,90.0,8.866182
96,9,1.00081,91.0,9.107744
96,9,1.011808,92.0,9.349307
96,9,1.022806,93.0,9.590875
96,9,1.033804,94.0,9.832437
96,9,1.044801,95.0,10.074
96,9,1.055799,96.0,10.315563
96,9,1.066797,97.0,10.557125
96,9,1.077795,98.0,11.246408
96,9,1.088793,99.0,12.093204
96,9,1.099791,100.0,12.94
96,10,0.0,0.0,12.94
96,10,0.010998,1.0,12.772801
96,10,0.021996,2.0,12.605599
96,10,0.032994,3.0,12.438401
96,10,0.043992,4.0,12.271199
96,10,0.05499,5.0,12.104
96,10,0.065987,6.0,11.936801
96,10,0.076985,7.0,11.769599
96,10,0.087983,8.0,11.602401
96,10,0.098981,9.0,11.435199
96,10,0.109979,10.0,11.268
96,10,0.120977,11.0,11.100801
96,10,0.131975,12.0,10.984601
96,10,0.142973,13.0,11.140399
96,10,0.153971,14.0,11.296201
96,10,0.164969,15.0,11.452
96,10,0.175967,16.0,11.607799
96,10,0.186964,17.0,11.763601
96,10,0.197962,18.0,12.318047
96,10,0.20896,19.0,12.919405
96,10,0.219958,20.0,13.52075
96,10,0.230956,21.0,14.122095
96,10,0.241954,22.0,14.723453
96,10,0.252952,23.0,15.324797
96,10,0.26395,24.0,15.926155
96,10,0.274948,25.0,16.5275
96,10,0.285946,26.0,17.128845
96,10,0.296944,27.0,17.730203
96,10,0.307941,28.0,18.845925
96,10,0.318939,29.0,20.843484
96,10,0.329937,30.0,22.841
96,10,0.340935,31.0,24.838516
96,10,0.351933,32.0,26.836075
96,10,0.362931,33.0,28.833591
96,10,0.373929,34.0,30.83115
96,10,0.384927,35.0,32.828667
96,10,0.395925,36.0,35.113878
96,10,0.406923,37.0,37.718811
96,10,0.417921,38.0,40.323689
96,10,0.428918,39.0,42.928622
96,10,0.439916,40.0,45.5335
96,10,0.450914,41.0,48.138378
96,10,0.461912,42.0,50.743311
96,10,0.47291,43.0,53.348189
96,10,0.483908,44.0,55.953122
96,10,0.494906,45.0,58.558
96,10,0.505904,46.0,61.162878
96,10,0.516902,47.0,61.724802
96,10,0.5279,48.0,62.173198
96,10,0.538898,49.0,62.621604
96,10,0.549895,50.0,63.07
96,10,0.560893,51.0,63.518396
96,10,0.571891,52.0,63.966802
96,10,0.582889,53.0,63.497159
96,10,0.593887,54.0,61.453682
96,10,0.604885,55.0,59.41025
96,10,0.615883,56.0,57.366818
96,10,0.626881,57.0,55.323341
96,10,0.637879,58.0,53.279909
96,10,0.648877,59.0,51.236432
96,10,0.659875,60.0,49.193
96,10,0.670873,61.0,47.149568
96,10,0.68187,62.0,45.106091
96,10,0.692868,63.0,43.062659
96,10,0.703866,64.0,39.230204
96,10,0.714864,65.0,35.0624
96,10,0.725862,66.0,30.894596
96,10,0.73686,67.0,26.726702
96,10,0.747858,68.0,22.558898
96,10,0.758856,69.0,18.391004
96,10,0.769854,70.0,15.154889
96,10,0.780852,71.0,14.527472
96,10,0.79185,72.0,13.900042
96,10,0.802847,73.0,13.272625
96,10,0.813845,74.0,12.645195
96,10,0.824843,75.0,12.017778
96,10,0.835841,76.0,11.390361
96,10,0.846839,77.0,10.762931
96,10,0.857837,78.0,10.135514
96,10,0.868835,79.0,9.508084
96,10,0.879833,80.0,8.880667
96,10,0.890831,81.0,8.25325
96,10,0.901829,82.0,7.953361
96,10,0.912827,83.0,8.103839
96,10,0.923824,84.0,8.254321
96,10,0.934822,85.0,8.4048
96,10,0.94582,86.0,8.555279
96,10,0.956818,87.0,8.705761
96,10,0.967816,88.0,8.856239
96,10,0.978814,89.0,8.764799
96,10,0.989812,90.0,8.628
96,10,1.00081,91.0,8.491201
96,10,1.011808,92.0,8.354399
96,10,1.022806,93.0,8.217601
96,10,1.033804,94.0,8.080799
96,10,1.044801,95.0,7.944
96,10,1.055799,96.0,7.807201
96,10,1.066797,97.0,7.670399
96,10,1.077795,98.0,7.533601
96,10,1.088793,99.0,7.396799
96,10,1.099791,100.0,7.26
96,11,0.0,0.0,7.26
96,11,0.010998,1.0,7.532021
96,11,0.021996,2.0,7.804043
96,11,0.032994,3.0,8.076057
96,11,0.043992,4.0,8.348079
96,11,0.05499,5.0,8.6201
96,11,0.065987,6.0,8.892121
96,11,0.076985,7.0,9.164143
96,11,0.087983,8.0,9.486196
96,11,0.098981,9.0,9.851348
96,11,0.109979,10.0,10.2165
96,11,0.120977,11.0,10.581652
96,11,0.131975,12.0,10.946804
96,11,0.142973,13.0,11.311946
96,11,0.153971,14.0,11.677098
96,11,0.164969,15.0,12.04225
96,11,0.175967,16.0,12.407402
96,11,0.186964,17.0,12.772554
96,11,0.197962,18.0,13.137696
96,11,0.20896,19.0,13.502848
96,11,0.219958,20.0,14.3468
96,11,0.230956,21.0,15.513946
96,11,0.241954,22.0,16.681091
96,11,0.252952,23.0,17.848209
96,11,0.26395,24.0,19.015354
96,11,0.274948,25.0,20.1825
96,11,0.285946,26.0,21.349646
96,11,0.296944,27.0,22.617756
96,11,0.307941,28.0,24.536431
96,11,0.318939,29.0,26.455153
96,11,0.329937,30.0,28.373875
96,11,0.340935,31.0,30.292597
96,11,0.351933,32.0,32.211319
96,11,0.362931,33.0,34.129994
96,11,0.373929,34.0,36.048716
96,11,0.384927,35.0,37.967438
96,11,0.395925,36.0,39.886159
96,11,0.406923,37.0,41.804881
96,11,0.417921,38.0,43.723556
96,11,0.428918,39.0,45.693464
96,11,0.439916,40.0,47.876
96,11,0.450914,41.0,50.058536
96,11,0.461912,42.0,52.241071
96,11,0.47291,43.0,54.423554
96,11,0.483908,44.0,56.606089
96,11,0.494906,45.0,58.788625
96,11,0.505904,46.0,60.971161
96,11,0.516902,47.0,63.153696
96,11,0.5279,48.0,65.336179
96,11,0.538898,49.0,67.518714
96,11,0.549895,50.0,69.70125
96,11,0.560893,51.0,70.835971
96,11,0.571891,52.0,68.888941
96,11,0.582889,53.0,66.941959
96,11,0.593887,54.0,64.994929
96,11,0.604885,55.0,63.0479
96,11,0.615883,56.0,61.100871
96,11,0.626881,57.0,59.153841
96,11,0.637879,58.0,57.206859
96,11,0.648877,59.0,54.14825
96,11,0.659875,60.0,50.796
96,11,0.670873,61.0,47.44375
96,11,0.68187,62.0,44.091501
96,11,0.692868,63.0,40.739333
96,11,0.703866,64.0,37.387083
96,11,0.714864,65.0,34.034833
96,11,0.725862,66.0,30.682584
96,11,0.73686,67.0,27.330334
96,11,0.747858,68.0,25.88051
96,11,0.758856,69.0,24.804318
96,11,0.769854,70.0,23.728125
96,11,0.780852,71.0,22.651932
96,11,0.79185,72.0,21.57574
96,11,0.802847,73.0,20.499573
96,11,0.813845,74.0,19.42338
96,11,0.824843,75.0,18.347188
96,11,0.835841,76.0,17.270995
96,11,0.846839,77.0,16.194802
96,11,0.857837,78.0,15.118635
96,11,0.868835,79.0,14.042443
96,11,0.879833,80.0,13.9648
96,11,0.890831,81.0,14.00366
96,11,0.901829,82.0,14.04252
96,11,0.912827,83.0,14.08138
96,11,0.923824,84.0,14.12024
96,11,0.934822,85.0,14.1591
96,11,0.94582,86.0,14.19796
96,11,0.956818,87.0,14.132354
96,11,0.967816,88.0,13.929869
96,11,0.978814,89.0,13.727379
96,11,0.989812,90.0,13.524889
96,11,1.00081,91.0,13.322399
96,11,1.011808,92.0,13.119909
96,11,1.022806,93.0,12.917424
96,11,1.033804,94.0,12.714934
96,11,1.044801,95.0,12.512444
96,11,1.055799,96.0,12.309955
96,11,1.066797,97.0,12.107465
96,11,1.077795,98.0,11.90498
96,11,1.088793,99.0,11.70249
96,11,1.099791,100.0,11.5
97,2,0.0,0.0,3.07
97,2,0.010998,1.0,3.63422
97,2,0.021996,2.0,4.198451
97,2,0.032994,3.0,4.762671
97,2,0.043992,4.0,5.326891
97,2,0.05499,5.0,5.891122
97,2,0.065987,6.0,6.455342
97,2,0.076985,7.0,6.622528
97,2,0.087983,8.0,6.709674
97,2,0.098981,9.0,6.79682
97,2,0.109979,10.0,6.883967
97,2,0.120977,11.0,6.971113
97,2,0.131975,12.0,7.058259
97,2,0.142973,13.0,7.145407
97,2,0.153971,14.0,7.232553
97,2,0.164969,15.0,7.319699
97,2,0.175967,16.0,7.406847
97,2,0.186964,17.0,8.10278
97,2,0.197962,18.0,8.821566
97,2,0.20896,19.0,9.540367
97,2,0.219958,20.0,10.259153
97,2,0.230956,21.0,10.977953
97,2,0.241954,22.0,11.696739
97,2,0.252952,23.0,12.415525
97,2,0.26395,24.0,13.186576
97,2,0.274948,25.0,13.99825
97,2,0.285946,26.0,14.809924
97,2,0.296944,27.0,15.621615
97,2,0.307941,28.0,16.433289
97,2,0.318939,29.0,17.244963
97,2,0.329937,30.0,18.056653
97,2,0.340935,31.0,18.868327
97,2,0.351933,32.0,19.680018
97,2,0.362931,33.0,20.491692
97,2,0.373929,34.0,22.62492
97,2,0.384927,35.0,25.340688
97,2,0.395925,36.0,28.056402
97,2,0.406923,37.0,30.772116
97,2,0.417921,38.0,33.487884
97,2,0.428918,39.0,36.203598
97,2,0.439916,40.0,38.919312
97,2,0.450914,41.0,41.816134
97,2,0.461912,42.0,45.150266
97,2,0.47291,43.0,48.484398
97,2,0.483908,44.0,51.818597
97,2,0.494906,45.0,55.152729
97,2,0.505904,46.0,58.486929
97,2,0.516902,47.0,61.821061
97,2,0.5279,48.0,65.155193
97,2,0.538898,49.0,68.489392
97,2,0.549895,50.0,68.562444
97,2,0.560893,51.0,66.939772
97,2,0.571891,52.0,65.317066
97,2,0.582889,53.0,63.694394
97,2,0.593887,54.0,62.071721
97,2,0.604885,55.0,60.449016
97,2,0.615883,56.0,58.826343
97,2,0.626881,57.0,56.852154
97,2,0.637879,58.0,53.859658
97,2,0.648877,59.0,50.867161
97,2,0.659875,60.0,47.874605
97,2,0.670873,61.0,44.882108
97,2,0.68187,62.0,41.889612
97,2,0.692868,63.0,38.897055
97,2,0.703866,64.0,35.904559
97,2,0.714864,65.0,32.912062
97,2,0.725862,66.0,30.45531
97,2,0.73686,67.0,28.324623
97,2,0.747858,68.0,26.193936
97,2,0.758856,69.0,24.063206
97,2,0.769854,70.0,21.93252
97,2,0.780852,71.0,19.80179
97,2,0.79185,72.0,17.671103
97,2,0.802847,73.0,15.813472
97,2,0.813845,74.0,14.921727
97,2,0.824843,75.0,14.03
97,2,0.835841,76.0,13.138273
97,2,0.846839,77.0,12.246528
97,2,0.857837,78.0,11.354801
97,2,0.868835,79.0,10.463075
97,2,0.879833,80.0,9.57133
97,2,0.890831,81.0,8.679603
97,2,0.901829,82.0,7.787858
97,2,0.912827,83.0,7.21
97,2,0.923824,84.0,7.21
97,2,0.934822,85.0,7.21
97,2,0.94582,86.0,7.21
97,2,0.956818,87.0,7.21
97,2,0.967816,88.0,7.21
97,2,0.978814,89.0,7.21
97,2,0.989812,90.0,7.21
97,2,1.00081,91.0,7.035759
97,2,1.011808,92.0,6.83512
97,2,1.022806,93.0,6.634482
97,2,1.033804,94.0,6.433839
97,2,1.044801,95.0,6.233201
97,2,1.055799,96.0,6.032558
97,2,1.066797,97.0,5.83192
97,2,1.077795,98.0,5.631281
97,2,1.088793,99.0,5.430639
97,2,1.099791,100.0,5.23
97,3,0.0,0.0,5.23
97,3,0.010998,1.0,5.71058
97,3,0.021996,2.0,6.191159
97,3,0.032994,3.0,6.671751
97,3,0.043992,4.0,7.15233
97,3,0.05499,5.0,7.63291
97,3,0.065987,6.0,8.11349
97,3,0.076985,7.0,8.594081
97,3,0.087983,8.0,8.805854
97,3,0.098981,9.0,8.922189
97,3,0.109979,10.0,9.038524
97,3,0.120977,11.0,9.154862
97,3,0.131975,12.0,9.271197
97,3,0.142973,13.0,9.387532
97,3,0.153971,14.0,9.503867
97,3,0.164969,15.0,9.620205
97,3,0.175967,16.0,9.73654
97,3,0.186964,17.0,9.852876
97,3,0.197962,18.0,9.969211
97,3,0.20896,19.0,10.085549
97,3,0.219958,20.0,10.838433
97,3,0.230956,21.0,11.616643
97,3,0.241954,22.0,12.394853
97,3,0.252952,23.0,13.173081
97,3,0.26395,24.0,13.95129
97,3,0.274948,25.0,14.7295
97,3,0.285946,26.0,15.50771
97,3,0.296944,27.0,16.285919
97,3,0.307941,28.0,17.064147
97,3,0.318939,29.0,17.842357
97,3,0.329937,30.0,18.620567
97,3,0.340935,31.0,19.398776
97,3,0.351933,32.0,20.177004
97,3,0.362931,33.0,23.779347
97,3,0.373929,34.0,28.515972
97,3,0.384927,35.0,33.252596
97,3,0.395925,36.0,37.989334
97,3,0.406923,37.0,42.725959
97,3,0.417921,38.0,47.462583
97,3,0.428918,39.0,49.640258
97,3,0.439916,40.0,51.276349
97,3,0.450914,41.0,52.912401
97,3,0.461912,42.0,54.548452
97,3,0.47291,43.0,56.184504
97,3,0.483908,44.0,57.820595
97,3,0.494906,45.0,59.456647
97,3,0.505904,46.0,61.092698
97,3,0.516902,47.0,62.72875
97,3,0.5279,48.0,62.897705
97,3,0.538898,49.0,63.056498
97,3,0.549895,50.0,63.215292
97,3,0.560893,51.0,63.374085
97,3,0.571891,52.0,63.532878
97,3,0.582889,53.0,63.691675
97,3,0.593887,54.0,63.850468
97,3,0.604885,55.0,64.009262
97,3,0.615883,56.0,64.168055
97,3,0.626881,57.0,64.326852
97,3,0.637879,58.0,64.485645
97,3,0.648877,59.0,63.733382
97,3,0.659875,60.0,59.691372
97,3,0.670873,61.0,55.649265
97,3,0.68187,62.0,51.607255
97,3,0.692868,63.0,47.565245
97,3,0.703866,64.0,43.523235
97,3,0.714864,65.0,39.481128
97,3,0.725862,66.0,35.439118
97,3,0.73686,67.0,32.804817
97,3,0.747858,68.0,30.405935
97,3,0.758856,69.0,28.006996
97,3,0.769854,70.0,25.608114
97,3,0.780852,71.0,23.209231
97,3,0.79185,72.0,20.810349
97,3,0.802847,73.0,18.41141
97,3,0.813845,74.0,16.012528
97,3,0.824843,75.0,13.613646
97,3,0.835841,76.0,11.214764
97,3,0.846839,77.0,8.815882
97,3,0.857837,78.0,6.61328
97,3,0.868835,79.0,6.65404
97,3,0.879833,80.0,6.6948
97,3,0.890831,81.0,6.73556
97,3,0.901829,82.0,6.77632
97,3,0.912827,83.0,6.81708
97,3,0.923824,84.0,6.85784
97,3,0.934822,85.0,6.8986
97,3,0.94582,86.0,6.93936
97,3,0.956818,87.0,6.98012
97,3,0.967816,88.0,7.02088
97,3,0.978814,89.0,7.06164
97,3,0.989812,90.0,7.1024
97,3,1.00081,91.0,7.14316
97,3,1.011808,92.0,6.751441
97,3,1.022806,93.0,6.272514
97,3,1.033804,94.0,5.793575
97,3,1.044801,95.0,5.314648
97,3,1.055799,96.0,4.83572
97,3,1.066797,97.0,4.356793
97,3,1.077795,98.0,3.877854
97,3,1.088793,99.0,3.398927
97,3,1.099791,100.0,2.92
97,4,0.0,0.0,2.92
97,4,0.010998,1.0,2.8884
97,4,0.021996,2.0,2.8568
97,4,0.032994,3.0,2.8252
97,4,0.043992,4.0,2.7936
97,4,0.05499,5.0,2.762
97,4,0.065987,6.0,2.904301
97,4,0.076985,7.0,3.058349
97,4,0.087983,8.0,3.212401
97,4,0.098981,9.0,3.366449
97,4,0.109979,10.0,3.5205
97,4,0.120977,11.0,3.674551
97,4,0.131975,12.0,3.828599
97,4,0.142973,13.0,3.982651
97,4,0.153971,14.0,4.136699
97,4,0.164969,15.0,4.29075
97,4,0.175967,16.0,4.988807
97,4,0.186964,17.0,5.814347
97,4,0.197962,18.0,6.639903
97,4,0.20896,19.0,7.465443
97,4,0.219958,20.0,8.291
97,4,0.230956,21.0,9.116557
97,4,0.241954,22.0,9.942097
97,4,0.252952,23.0,10.70794
97,4,0.26395,24.0,11.255995
97,4,0.274948,25.0,11.804063
97,4,0.285946,26.0,12.35213
97,4,0.296944,27.0,12.900185
97,4,0.307941,28.0,13.448252
97,4,0.318939,29.0,13.996308
97,4,0.329937,30.0,14.544375
97,4,0.340935,31.0,15.092442
97,4,0.351933,32.0,15.640498
97,4,0.362931,33.0,16.351527
97,4,0.373929,34.0,18.738614
97,4,0.384927,35.0,21.12575
97,4,0.395925,36.0,23.512886
97,4,0.406923,37.0,25.899973
97,4,0.417921,38.0,28.28711
97,4,0.428918,39.0,30.674197
97,4,0.439916,40.0,33.061333
97,4,0.450914,41.0,35.685074
97,4,0.461912,42.0,38.551422
97,4,0.47291,43.0,41.417828
97,4,0.483908,44.0,44.284176
97,4,0.494906,45.0,47.150583
97,4,0.505904,46.0,50.01699
97,4,0.516902,47.0,52.883338
97,4,0.5279,48.0,55.749745
97,4,0.538898,49.0,55.9903
97,4,0.549895,50.0,55.935
97,4,0.560893,51.0,55.8797
97,4,0.571891,52.0,55.8244
97,4,0.582889,53.0,55.7691
97,4,0.593887,54.0,55.7138
97,4,0.604885,55.0,55.6585
97,4,0.615883,56.0,54.935981
97,4,0.626881,57.0,52.684509
97,4,0.637879,58.0,50.432991
97,4,0.648877,59.0,48.181519
97,4,0.659875,60.0,45.93
97,4,0.670873,61.0,43.678481
97,4,0.68187,62.0,41.427009
97,4,0.692868,63.0,39.175491
97,4,0.703866,64.0,36.924019
97,4,0.714864,65.0,34.6725
97,4,0.725862,66.0,32.367546
97,4,0.73686,67.0,29.814561
97,4,0.747858,68.0,27.261523
97,4,0.758856,69.0,24.708538
97,4,0.769854,70.0,22.1555
97,4,0.780852,71.0,19.602462
97,4,0.79185,72.0,17.049477
97,4,0.802847,73.0,14.496439
97,4,0.813845,74.0,13.040028
97,4,0.824843,75.0,12.370278
97,4,0.835841,76.0,11.700528
97,4,0.846839,77.0,11.030792
97,4,0.857837,78.0,10.361042
97,4,0.868835,79.0,9.691306
97,4,0.879833,80.0,9.021556
97,4,0.890831,81.0,8.351806
97,4,0.901829,82.0,7.682069
97,4,0.912827,83.0,7.012319
97,4,0.923824,84.0,6.342583
97,4,0.934822,85.0,5.8066
97,4,0.94582,86.0,5.84136
97,4,0.956818,87.0,5.87612
97,4,0.967816,88.0,5.91088
97,4,0.978814,89.0,5.94564
97,4,0.989812,90.0,5.9804
97,4,1.00081,91.0,6.01516
97,4,1.011808,92.0,5.74023
97,4,1.022806,93.0,5.415199
97,4,1.033804,94.0,5.090174
97,4,1.044801,95.0,4.765143
97,4,1.055799,96.0,4.440112
97,4,1.066797,97.0,4.115087
97,4,1.077795,98.0,3.790056
97,4,1.088793,99.0,3.465031
97,4,1.099791,100.0,3.14
97,5,0.0,0.0,3.14
97,5,0.010998,1.0,3.764794
97,5,0.021996,2.0,4.389603
97,5,0.032994,3.0,5.014397
97,5,0.043992,4.0,5.639206
97,5,0.05499,5.0,6.264
97,5,0.065987,6.0,6.888794
97,5,0.076985,7.0,7.513603
97,5,0.087983,8.0,8.138397
97,5,0.098981,9.0,8.763206
97,5,0.109979,10.0,9.342143
97,5,0.120977,11.0,9.641354
97,5,0.131975,12.0,9.940573
97,5,0.142973,13.0,10.239784
97,5,0.153971,14.0,10.539003
97,5,0.164969,15.0,10.838214
97,5,0.175967,16.0,11.137426
97,5,0.186964,17.0,11.436644
97,5,0.197962,18.0,11.735856
97,5,0.20896,19.0,12.035074
97,5,0.219958,20.0,12.615
97,5,0.230956,21.0,13.910738
97,5,0.241954,22.0,15.206506
97,5,0.252952,23.0,16.502244
97,5,0.26395,24.0,17.798012
97,5,0.274948,25.0,19.09375
97,5,0.285946,26.0,20.389488
97,5,0.296944,27.0,21.685256
97,5,0.307941,28.0,22.980994
97,5,0.318939,29.0,25.349309
97,5,0.329937,30.0,27.935714
97,5,0.340935,31.0,30.522119
97,5,0.351933,32.0,33.108583
97,5,0.362931,33.0,35.694988
97,5,0.373929,34.0,38.281452
97,5,0.384927,35.0,40.867857
97,5,0.395925,36.0,43.454262
97,5,0.406923,37.0,46.040726
97,5,0.417921,38.0,48.627131
97,5,0.428918,39.0,49.796344
97,5,0.439916,40.0,50.924444
97,5,0.450914,41.0,52.052545
97,5,0.461912,42.0,53.180672
97,5,0.47291,43.0,54.308773
97,5,0.483908,44.0,55.436899
97,5,0.494906,45.0,56.565
97,5,0.505904,46.0,57.693101
97,5,0.516902,47.0,58.821227
97,5,0.5279,48.0,59.949328
97,5,0.538898,49.0,61.077455
97,5,0.549895,50.0,62.205556
97,5,0.560893,51.0,63.060058
97,5,0.571891,52.0,63.263121
97,5,0.582889,53.0,63.466179
97,5,0.593887,54.0,63.669242
97,5,0.604885,55.0,63.8723
97,5,0.615883,56.0,64.075358
97,5,0.626881,57.0,64.278421
97,5,0.637879,58.0,63.332257
97,5,0.648877,59.0,59.002131
97,5,0.659875,60.0,54.672105
97,5,0.670873,61.0,50.342079
97,5,0.68187,62.0,46.011954
97,5,0.692868,63.0,41.681928
97,5,0.703866,64.0,37.351802
97,5,0.714864,65.0,33.239349
97,5,0.725862,66.0,30.763023
97,5,0.73686,67.0,28.28664
97,5,0.747858,68.0,25.810314
97,5,0.758856,69.0,23.333931
97,5,0.769854,70.0,20.857605
97,5,0.780852,71.0,18.381279
97,5,0.79185,72.0,15.904896
97,5,0.802847,73.0,13.42857
97,5,0.813845,74.0,10.952187
97,5,0.824843,75.0,8.475861
97,5,0.835841,76.0,5.999535
97,5,0.846839,77.0,6.045132
97,5,0.857837,78.0,6.241315
97,5,0.868835,79.0,6.437502
97,5,0.879833,80.0,6.633684
97,5,0.890831,81.0,6.829867
97,5,0.901829,82.0,7.026054
97,5,0.912827,83.0,7.222236
97,5,0.923824,84.0,6.980377
97,5,0.934822,85.0,6.634106
97,5,0.94582,86.0,6.287836
97,5,0.956818,87.0,5.941557
97,5,0.967816,88.0,5.595287
97,5,0.978814,89.0,5.249008
97,5,0.989812,90.0,4.902737
97,5,1.00081,91.0,4.556467
97,5,1.011808,92.0,4.210188
97,5,1.022806,93.0,3.863918
97,5,1.033804,94.0,3.517639
97,5,1.044801,95.0,3.171369
97,5,1.055799,96.0,2.825098
97,5,1.066797,97.0,2.47882
97,5,1.077795,98.0,2.132549
97,5,1.088793,99.0,1.786271
97,5,1.099791,100.0,1.44
97,6,0.0,0.0,1.44
97,6,0.010998,1.0,1.171469
97,6,0.021996,2.0,0.902932
97,6,0.032994,3.0,0.634401
97,6,0.043992,4.0,0.399089
97,6,0.05499,5.0,0.761714
97,6,0.065987,6.0,1.12434
97,6,0.076985,7.0,1.486973
97,6,0.087983,8.0,1.849598
97,6,0.098981,9.0,2.212232
97,6,0.109979,10.0,2.574857
97,6,0.120977,11.0,2.937483
97,6,0.131975,12.0,3.300116
97,6,0.142973,13.0,3.662741
97,6,0.153971,14.0,4.376647
97,6,0.164969,15.0,5.1564
97,6,0.175967,16.0,5.936153
97,6,0.186964,17.0,6.715923
97,6,0.197962,18.0,7.495677
97,6,0.20896,19.0,8.275447
97,6,0.219958,20.0,8.931
97,6,0.230956,21.0,9.238797
97,6,0.241954,22.0,9.546601
97,6,0.252952,23.0,9.854399
97,6,0.26395,24.0,10.162203
97,6,0.274948,25.0,10.47
97,6,0.285946,26.0,10.777797
97,6,0.296944,27.0,11.085601
97,6,0.307941,28.0,11.393399
97,6,0.318939,29.0,11.701203
97,6,0.329937,30.0,12.009
97,6,0.340935,31.0,12.316797
97,6,0.351933,32.0,12.624601
97,6,0.362931,33.0,12.932399
97,6,0.373929,34.0,13.240203
97,6,0.384927,35.0,13.548
97,6,0.395925,36.0,15.977959
97,6,0.406923,37.0,20.766021
97,6,0.417921,38.0,25.553979
97,6,0.428918,39.0,30.342041
97,6,0.439916,40.0,34.114034
97,6,0.450914,41.0,36.585609
97,6,0.461912,42.0,39.057237
97,6,0.47291,43.0,41.528813
97,6,0.483908,44.0,44.000441
97,6,0.494906,45.0,46.472017
97,6,0.505904,46.0,48.943592
97,6,0.516902,47.0,51.415221
97,6,0.5279,48.0,53.886796
97,6,0.538898,49.0,56.358425
97,6,0.549895,50.0,58.83
97,6,0.560893,51.0,58.032007
97,6,0.571891,52.0,57.233997
97,6,0.582889,53.0,56.436003
97,6,0.593887,54.0,55.637993
97,6,0.604885,55.0,54.84
97,6,0.615883,56.0,54.042007
97,6,0.626881,57.0,52.811078
97,6,0.637879,58.0,50.984922
97,6,0.648877,59.0,49.158727
97,6,0.659875,60.0,47.332571
97,6,0.670873,61.0,45.506416
97,6,0.68187,62.0,43.680221
97,6,0.692868,63.0,41.854065
97,6,0.703866,64.0,40.02787
97,6,0.714864,65.0,38.201714
97,6,0.725862,66.0,36.201166
97,6,0.73686,67.0,33.54656
97,6,0.747858,68.0,30.892011
97,6,0.758856,69.0,28.237406
97,6,0.769854,70.0,25.582857
97,6,0.780852,71.0,22.928308
97,6,0.79185,72.0,20.273703
97,6,0.802847,73.0,17.619154
97,6,0.813845,74.0,15.328125
97,6,0.824843,75.0,14.267647
97,6,0.835841,76.0,13.207169
97,6,0.846839,77.0,12.146668
97,6,0.857837,78.0,11.086189
97,6,0.868835,79.0,10.025688
97,6,0.879833,80.0,8.96521
97,6,0.890831,81.0,7.904732
97,6,0.901829,82.0,6.844231
97,6,0.912827,83.0,5.783752
97,6,0.923824,84.0,4.723251
97,6,0.934822,85.0,4.567
97,6,0.94582,86.0,4.651866
97,6,0.956818,87.0,4.736734
97,6,0.967816,88.0,4.8216
97,6,0.978814,89.0,4.906467
97,6,0.989812,90.0,4.991333
97,6,1.00081,91.0,5.076199
97,6,1.011808,92.0,5.161067
97,6,1.022806,93.0,5.335466
97,6,1.033804,94.0,5.520402
97,6,1.044801,95.0,5.705333
97,6,1.055799,96.0,5.890265
97,6,1.066797,97.0,6.075201
97,6,1.077795,98.0,6.260133
97,6,1.088793,99.0,6.445068
97,6,1.099791,100.0,6.63
97,7,0.0,0.0,6.63
97,7,0.010998,1.0,6.245197
97,7,0.021996,2.0,5.860402
97,7,0.032994,3.0,5.475598
97,7,0.043992,4.0,5.090803
97,7,0.05499,5.0,4.706
97,7,0.065987,6.0,4.321197
97,7,0.076985,7.0,3.936402
97,7,0.087983,8.0,3.551598
97,7,0.098981,9.0,3.166803
97,7,0.109979,10.0,3.079434
97,7,0.120977,11.0,3.244888
97,7,0.131975,12.0,3.410339
97,7,0.142973,13.0,3.575793
97,7,0.153971,14.0,3.741244
97,7,0.164969,15.0,3.906698
97,7,0.175967,16.0,4.072152
97,7,0.186964,17.0,4.237603
97,7,0.197962,18.0,4.403057
97,7,0.20896,19.0,4.568508
97,7,0.219958,20.0,5.384494
97,7,0.230956,21.0,6.2064
97,7,0.241954,22.0,7.028289
97,7,0.252952,23.0,7.850195
97,7,0.26395,24.0,8.672083
97,7,0.274948,25.0,9.493989
97,7,0.285946,26.0,10.315895
97,7,0.296944,27.0,11.137783
97,7,0.307941,28.0,12.316505
97,7,0.318939,29.0,13.505115
97,7,0.329937,30.0,14.69375
97,7,0.340935,31.0,15.882385
97,7,0.351933,32.0,17.070995
97,7,0.362931,33.0,18.25963
97,7,0.373929,34.0,19.44824
97,7,0.384927,35.0,20.636875
97,7,0.395925,36.0,21.82551
97,7,0.406923,37.0,23.01412
97,7,0.417921,38.0,24.38481
97,7,0.428918,39.0,26.696046
97,7,0.439916,40.0,29.007333
97,7,0.450914,41.0,31.31862
97,7,0.461912,42.0,33.629856
97,7,0.47291,43.0,35.941144
97,7,0.483908,44.0,38.25238
97,7,0.494906,45.0,40.563667
97,7,0.505904,46.0,42.836989
97,7,0.516902,47.0,44.446009
97,7,0.5279,48.0,46.055065
97,7,0.538898,49.0,47.664085
97,7,0.549895,50.0,49.27314
97,7,0.560893,51.0,50.882196
97,7,0.571891,52.0,52.491216
97,7,0.582889,53.0,54.100272
97,7,0.593887,54.0,55.709292
97,7,0.604885,55.0,57.318347
97,7,0.615883,56.0,58.927403
97,7,0.626881,57.0,59.999195
97,7,0.637879,58.0,58.100338
97,7,0.648877,59.0,56.201523
97,7,0.659875,60.0,54.302667
97,7,0.670873,61.0,52.40381
97,7,0.68187,62.0,50.504995
97,7,0.692868,63.0,48.606138
97,7,0.703866,64.0,46.780314
97,7,0.714864,65.0,45.065597
97,7,0.725862,66.0,43.35088
97,7,0.73686,67.0,41.636202
97,7,0.747858,68.0,39.921485
97,7,0.758856,69.0,38.206806
97,7,0.769854,70.0,36.49209
97,7,0.780852,71.0,34.777373
97,7,0.79185,72.0,33.062694
97,7,0.802847,73.0,31.347978
97,7,0.813845,74.0,29.633299
97,7,0.824843,75.0,27.918582
97,7,0.835841,76.0,26.168213
97,7,0.846839,77.0,24.343608
97,7,0.857837,78.0,22.518963
97,7,0.868835,79.0,20.694359
97,7,0.879833,80.0,18.869714
97,7,0.890831,81.0,17.04507
97,7,0.901829,82.0,15.220465
97,7,0.912827,83.0,13.395821
97,7,0.923824,84.0,11.571216
97,7,0.934822,85.0,9.746571
97,7,0.94582,86.0,9.414104
97,7,0.956818,87.0,9.31479
97,7,0.967816,88.0,9.215473
97,7,0.978814,89.0,9.116159
97,7,0.989812,90.0,9.016842
97,7,1.00081,91.0,8.917525
97,7,1.011808,92.0,8.82164
97,7,1.022806,93.0,8.912686
97,7,1.033804,94.0,9.00373
97,7,1.044801,95.0,9.094775
97,7,1.055799,96.0,9.185821
97,7,1.066797,97.0,9.276865
97,7,1.077795,98.0,9.367911
97,7,1.088793,99.0,9.458954
97,7,1.099791,100.0,9.55
97,8,0.0,0.0,9.55
97,8,0.010998,1.0,9.271652
97,8,0.021996,2.0,8.993299
97,8,0.032994,3.0,8.714951
97,8,0.043992,4.0,8.436598
97,8,0.05499,5.0,8.15825
97,8,0.065987,6.0,7.879902
97,8,0.076985,7.0,7.601549
97,8,0.087983,8.0,7.323201
97,8,0.098981,9.0,7.044848
97,8,0.109979,10.0,6.7665
97,8,0.120977,11.0,6.838876
97,8,0.131975,12.0,7.300962
97,8,0.142973,13.0,7.763038
97,8,0.153971,14.0,8.225124
97,8,0.164969,15.0,8.6872
97,8,0.175967,16.0,9.149276
97,8,0.186964,17.0,9.611362
97,8,0.197962,18.0,9.948999
97,8,0.20896,19.0,10.272003
97,8,0.219958,20.0,10.595
97,8,0.230956,21.0,10.917997
97,8,0.241954,22.0,11.241001
97,8,0.252952,23.0,11.563999
97,8,0.26395,24.0,11.887003
97,8,0.274948,25.0,12.21
97,8,0.285946,26.0,12.532997
97,8,0.296944,27.0,12.856001
97,8,0.307941,28.0,13.88263
97,8,0.318939,29.0,16.115539
97,8,0.329937,30.0,18.3484
97,8,0.340935,31.0,20.581261
97,8,0.351933,32.0,22.81417
97,8,0.362931,33.0,25.04703
97,8,0.373929,34.0,27.279939
97,8,0.384927,35.0,29.143333
97,8,0.395925,36.0,30.908207
97,8,0.406923,37.0,32.673119
97,8,0.417921,38.0,34.437992
97,8,0.428918,39.0,36.202904
97,8,0.439916,40.0,37.967778
97,8,0.450914,41.0,39.732652
97,8,0.461912,42.0,41.497563
97,8,0.47291,43.0,43.262437
97,8,0.483908,44.0,45.027348
97,8,0.494906,45.0,46.792222
97,8,0.505904,46.0,48.557096
97,8,0.516902,47.0,50.209527
97,8,0.5279,48.0,51.855673
97,8,0.538898,49.0,53.501854
97,8,0.549895,50.0,55.148
97,8,0.560893,51.0,56.794146
97,8,0.571891,52.0,58.440327
97,8,0.582889,53.0,59.134437
97,8,0.593887,54.0,58.196459
97,8,0.604885,55.0,57.2585
97,8,0.615883,56.0,56.320541
97,8,0.626881,57.0,55.382563
97,8,0.637879,58.0,54.444604
97,8,0.648877,59.0,53.506625
97,8,0.659875,60.0,52.568667
97,8,0.670873,61.0,51.630708
97,8,0.68187,62.0,50.692729
97,8,0.692868,63.0,49.754771
97,8,0.703866,64.0,48.816792
97,8,0.714864,65.0,47.878833
97,8,0.725862,66.0,46.940875
97,8,0.73686,67.0,46.002896
97,8,0.747858,68.0,45.064937
97,8,0.758856,69.0,38.043502
97,8,0.769854,70.0,26.598
97,8,0.780852,71.0,15.152498
97,8,0.79185,72.0,13.764296
97,8,0.802847,73.0,12.934954
97,8,0.813845,74.0,12.105593
97,8,0.824843,75.0,11.27625
97,8,0.835841,76.0,10.446907
97,8,0.846839,77.0,9.617546
97,8,0.857837,78.0,8.788204
97,8,0.868835,79.0,7.958843
97,8,0.879833,80.0,7.1295
97,8,0.890831,81.0,6.300157
97,8,0.901829,82.0,6.148537
97,8,0.912827,83.0,6.928797
97,8,0.923824,84.0,7.709073
97,8,0.934822,85.0,8.489333
97,8,0.94582,86.0,9.269593
97,8,0.956818,87.0,10.04987
97,8,0.967816,88.0,10.83013
97,8,0.978814,89.0,11.610407
97,8,0.989812,90.0,11.7925
97,8,1.00081,91.0,11.436253
97,8,1.011808,92.0,11.079998
97,8,1.022806,93.0,10.723752
97,8,1.033804,94.0,10.367497
97,8,1.044801,95.0,10.01125
97,8,1.055799,96.0,9.655003
97,8,1.066797,97.0,9.298748
97,8,1.077795,98.0,8.942502
97,8,1.088793,99.0,8.586247
97,8,1.099791,100.0,8.23
97,9,0.0,0.0,8.23
97,9,0.010998,1.0,8.368667
97,9,0.021996,2.0,8.507333
97,9,0.032994,3.0,8.646
97,9,0.043992,4.0,8.784667
97,9,0.05499,5.0,8.923333
97,9,0.065987,6.0,9.062
97,9,0.076985,7.0,9.200667
97,9,0.087983,8.0,9.283187
97,9,0.098981,9.0,9.30956
97,9,0.109979,10.0,9.335934
97,9,0.120977,11.0,9.362308
97,9,0.131975,12.0,9.388681
97,9,0.142973,13.0,9.415055
97,9,0.153971,14.0,9.441429
97,9,0.164969,15.0,9.467802
97,9,0.175967,16.0,10.185
97,9,0.186964,17.0,10.965
97,9,0.197962,18.0,11.745
97,9,0.20896,19.0,12.525
97,9,0.219958,20.0,13.305
97,9,0.230956,21.0,14.085
97,9,0.241954,22.0,14.865
97,9,0.252952,23.0,15.611946
97,9,0.26395,24.0,16.312617
97,9,0.274948,25.0,17.013289
97,9,0.285946,26.0,17.71396
97,9,0.296944,27.0,18.414631
97,9,0.307941,28.0,19.115302
97,9,0.318939,29.0,19.815973
97,9,0.329937,30.0,20.516644
97,9,0.340935,31.0,21.217315
97,9,0.351933,32.0,21.917987
97,9,0.362931,33.0,22.618658
97,9,0.373929,34.0,23.319329
97,9,0.384927,35.0,24.02
97,9,0.395925,36.0,28.74
97,9,0.406923,37.0,33.46
97,9,0.417921,38.0,38.18
97,9,0.428918,39.0,42.288571
97,9,0.439916,40.0,44.562857
97,9,0.450914,41.0,46.837143
97,9,0.461912,42.0,49.111429
97,9,0.47291,43.0,51.385714
97,9,0.483908,44.0,53.66
97,9,0.494906,45.0,55.934286
97,9,0.505904,46.0,58.208571
97,9,0.516902,47.0,60.482857
97,9,0.5279,48.0,61.223077
97,9,0.538898,49.0,60.429231
97,9,0.549895,50.0,59.635385
97,9,0.560893,51.0,58.841538
97,9,0.571891,52.0,58.047692
97,9,0.582889,53.0,57.253846
97,9,0.593887,54.0,56.46
97,9,0.604885,55.0,55.666154
97,9,0.615883,56.0,53.338067
97,9,0.626881,57.0,50.870504
97,9,0.637879,58.0,48.402941
97,9,0.648877,59.0,45.935378
97,9,0.659875,60.0,43.467815
97,9,0.670873,61.0,41.000252
97,9,0.68187,62.0,38.532689
97,9,0.692868,63.0,36.065126
97,9,0.703866,64.0,33.597563
97,9,0.714864,65.0,31.13
97,9,0.725862,66.0,29.106
97,9,0.73686,67.0,27.082
97,9,0.747858,68.0,25.058
97,9,0.758856,69.0,23.034
97,9,0.769854,70.0,21.01
97,9,0.780852,71.0,18.986
97,9,0.79185,72.0,16.962
97,9,0.802847,73.0,14.938
97,9,0.813845,74.0,13.325714
97,9,0.824843,75.0,12.948571
97,9,0.835841,76.0,12.571429
97,9,0.846839,77.0,12.194286
97,9,0.857837,78.0,11.817143
97,9,0.868835,79.0,11.44
97,9,0.879833,80.0,11.062857
97,9,0.890831,81.0,10.685714
97,9,0.901829,82.0,10.308571
97,9,0.912827,83.0,9.9824
97,9,0.923824,84.0,9.7072
97,9,0.934822,85.0,9.432
97,9,0.94582,86.0,9.1568
97,9,0.956818,87.0,8.8816
97,9,0.967816,88.0,8.6064
97,9,0.978814,89.0,8.274222
97,9,0.989812,90.0,7.771111
97,9,1.00081,91.0,7.268
97,9,1.011808,92.0,6.764889
97,9,1.022806,93.0,6.261778
97,9,1.033804,94.0,5.758667
97,9,1.044801,95.0,5.255556
97,9,1.055799,96.0,4.752444
97,9,1.066797,97.0,4.249333
97,9,1.077795,98.0,3.746222
97,9,1.088793,99.0,3.243111
97,9,1.099791,100.0,2.74
97,10,0.0,0.0,2.74
97,10,0.010998,1.0,3.451949
97,10,0.021996,2.0,4.163915
97,10,0.032994,3.0,4.875864
97,10,0.043992,4.0,5.587813
97,10,0.05499,5.0,6.29978
97,10,0.065987,6.0,7.011729
97,10,0.076985,7.0,7.723695
97,10,0.087983,8.0,8.281036
97,10,0.098981,9.0,8.525869
97,10,0.109979,10.0,8.770708
97,10,0.120977,11.0,9.015541
97,10,0.131975,12.0,9.260375
97,10,0.142973,13.0,9.505214
97,10,0.153971,14.0,9.750047
97,10,0.164969,15.0,9.99488
97,10,0.175967,16.0,10.239719
97,10,0.186964,17.0,10.484552
97,10,0.197962,18.0,10.729385
97,10,0.20896,19.0,10.974224
97,10,0.219958,20.0,11.557274
97,10,0.230956,21.0,12.849558
97,10,0.241954,22.0,14.141811
97,10,0.252952,23.0,15.434063
97,10,0.26395,24.0,16.726347
97,10,0.274948,25.0,18.0186
97,10,0.285946,26.0,19.310853
97,10,0.296944,27.0,20.603137
97,10,0.307941,28.0,22.215283
97,10,0.318939,29.0,23.93135
97,10,0.329937,30.0,25.647458
97,10,0.340935,31.0,27.363525
97,10,0.351933,32.0,29.079634
97,10,0.362931,33.0,30.7957
97,10,0.373929,34.0,32.511767
97,10,0.384927,35.0,34.227875
97,10,0.395925,36.0,35.943942
97,10,0.406923,37.0,37.660008
97,10,0.417921,38.0,39.376117
97,10,0.428918,39.0,41.092183
97,10,0.439916,40.0,42.80825
97,10,0.450914,41.0,44.524358
97,10,0.461912,42.0,46.240425
97,10,0.47291,43.0,47.956491
97,10,0.483908,44.0,49.6726
97,10,0.494906,45.0,51.388667
97,10,0.505904,46.0,54.141038
97,10,0.516902,47.0,57.609507
97,10,0.5279,48.0,61.077976
97,10,0.538898,49.0,64.546531
97,10,0.549895,50.0,67.822524
97,10,0.560893,51.0,67.476149
97,10,0.571891,52.0,67.129765
97,10,0.582889,53.0,66.78339
97,10,0.593887,54.0,66.437015
97,10,0.604885,55.0,66.090632
97,10,0.615883,56.0,65.744257
97,10,0.626881,57.0,65.397873
97,10,0.637879,58.0,65.051498
97,10,0.648877,59.0,64.705123
97,10,0.659875,60.0,64.358739
97,10,0.670873,61.0,62.492878
97,10,0.68187,62.0,58.807712
97,10,0.692868,63.0,55.122455
97,10,0.703866,64.0,51.437289
97,10,0.714864,65.0,47.752123
97,10,0.725862,66.0,44.066866
97,10,0.73686,67.0,40.3817
97,10,0.747858,68.0,36.696534
97,10,0.758856,69.0,34.016565
97,10,0.769854,70.0,31.464763
97,10,0.780852,71.0,28.912897
97,10,0.79185,72.0,26.361095
97,10,0.802847,73.0,23.809293
97,10,0.813845,74.0,21.257427
97,10,0.824843,75.0,18.705625
97,10,0.835841,76.0,16.153823
97,10,0.846839,77.0,13.601957
97,10,0.857837,78.0,11.050155
97,10,0.868835,79.0,8.498353
97,10,0.879833,80.0,5.946487
97,10,0.890831,81.0,5.645791
97,10,0.901829,82.0,5.98743
97,10,0.912827,83.0,6.329062
97,10,0.923824,84.0,6.670693
97,10,0.934822,85.0,7.012332
97,10,0.94582,86.0,7.353963
97,10,0.956818,87.0,7.695595
97,10,0.967816,88.0,8.011701
97,10,0.978814,89.0,8.119058
97,10,0.989812,90.0,8.226416
97,10,1.00081,91.0,8.333776
97,10,1.011808,92.0,8.441133
97,10,1.022806,93.0,8.54849
97,10,1.033804,94.0,8.65585
97,10,1.044801,95.0,8.763208
97,10,1.055799,96.0,8.870568
97,10,1.066797,97.0,8.977925
97,10,1.077795,98.0,9.085283
97,10,1.088793,99.0,9.192643
97,10,1.099791,100.0,9.3
97,11,0.0,0.0,9.3
97,11,0.010998,1.0,9.336136
97,11,0.021996,2.0,9.372272
97,11,0.032994,3.0,9.408408
97,11,0.043992,4.0,9.444544
97,11,0.05499,5.0,9.48068
97,11,0.065987,6.0,9.516816
97,11,0.076985,7.0,9.552951
97,11,0.087983,8.0,9.589088
97,11,0.098981,9.0,9.591802
97,11,0.109979,10.0,9.59365
97,11,0.120977,11.0,9.595498
97,11,0.131975,12.0,9.597347
97,11,0.142973,13.0,9.599195
97,11,0.153971,14.0,9.601043
97,11,0.164969,15.0,9.602892
97,11,0.175967,16.0,9.60474
97,11,0.186964,17.0,9.606588
97,11,0.197962,18.0,9.608437
97,11,0.20896,19.0,9.731977
97,11,0.219958,20.0,10.52307
97,11,0.230956,21.0,11.314146
97,11,0.241954,22.0,12.105239
97,11,0.252952,23.0,12.896332
97,11,0.26395,24.0,13.687407
97,11,0.274948,25.0,14.4785
97,11,0.285946,26.0,15.190231
97,11,0.296944,27.0,15.778521
97,11,0.307941,28.0,16.366824
97,11,0.318939,29.0,16.955127
97,11,0.329937,30.0,17.543416
97,11,0.340935,31.0,18.131719
97,11,0.351933,32.0,18.720009
97,11,0.362931,33.0,19.308312
97,11,0.373929,34.0,19.896615
97,11,0.384927,35.0,20.484904
97,11,0.395925,36.0,21.794883
97,11,0.406923,37.0,23.164773
97,11,0.417921,38.0,24.534632
97,11,0.428918,39.0,25.904522
97,11,0.439916,40.0,27.274412
97,11,0.450914,41.0,28.644272
97,11,0.461912,42.0,30.014162
97,11,0.47291,43.0,31.384052
97,11,0.483908,44.0,32.753911
97,11,0.494906,45.0,34.772612
97,11,0.505904,46.0,37.567253
97,11,0.516902,47.0,40.361955
97,11,0.5279,48.0,43.156657
97,11,0.538898,49.0,45.951298
97,11,0.549895,50.0,48.746
97,11,0.560893,51.0,51.540702
97,11,0.571891,52.0,54.335343
97,11,0.582889,53.0,57.130045
97,11,0.593887,54.0,59.924747
97,11,0.604885,55.0,62.719388
97,11,0.615883,56.0,62.980614
97,11,0.626881,57.0,61.78439
97,11,0.637879,58.0,60.588139
97,11,0.648877,59.0,59.391888
97,11,0.659875,60.0,58.195664
97,11,0.670873,61.0,56.999413
97,11,0.68187,62.0,55.803162
97,11,0.692868,63.0,53.87154
97,11,0.703866,64.0,51.831888
97,11,0.714864,65.0,49.792236
97,11,0.725862,66.0,47.752629
97,11,0.73686,67.0,45.712977
97,11,0.747858,68.0,43.673325
97,11,0.758856,69.0,41.633718
97,11,0.769854,70.0,39.594066
97,11,0.780852,71.0,37.554459
97,11,0.79185,72.0,35.514807
97,11,0.802847,73.0,33.457119
97,11,0.813845,74.0,31.066641
97,11,0.824843,75.0,28.676111
97,11,0.835841,76.0,26.285581
97,11,0.846839,77.0,23.895104
97,11,0.857837,78.0,21.504574
97,11,0.868835,79.0,19.114044
97,11,0.879833,80.0,16.723566
97,11,0.890831,81.0,14.333036
97,11,0.901829,82.0,14.140539
97,11,0.912827,83.0,14.098379
97,11,0.923824,84.0,14.056218
97,11,0.934822,85.0,14.014058
97,11,0.94582,86.0,13.971898
97,11,0.956818,87.0,13.929737
97,11,0.967816,88.0,13.887577
97,11,0.978814,89.0,13.845416
97,11,0.989812,90.0,13.803256
97,11,1.00081,91.0,13.761096
97,11,1.011808,92.0,13.718647
97,11,1.022806,93.0,13.665066
97,11,1.033804,94.0,13.611486
97,11,1.044801,95.0,13.557904
97,11,1.055799,96.0,13.504324
97,11,1.066797,97.0,13.450743
97,11,1.077795,98.0,13.397161
97,11,1.088793,99.0,13.343581
97,11,1.099791,100.0,13.29
97,12,0.0,0.0,13.29
97,12,0.010998,1.0,12.612812
97,12,0.021996,2.0,11.93564
97,12,0.032994,3.0,11.258452
97,12,0.043992,4.0,10.58128
97,12,0.05499,5.0,9.904092
97,12,0.065987,6.0,9.22692
97,12,0.076985,7.0,8.549732
97,12,0.087983,8.0,7.87256
97,12,0.098981,9.0,7.195372
97,12,0.109979,10.0,7.260886
97,12,0.120977,11.0,7.936366
97,12,0.131975,12.0,8.61186
97,12,0.142973,13.0,9.28734
97,12,0.153971,14.0,9.962834
97,12,0.164969,15.0,10.638314
97,12,0.175967,16.0,11.313809
97,12,0.186964,17.0,11.732365
97,12,0.197962,18.0,12.086029
97,12,0.20896,19.0,12.439701
97,12,0.219958,20.0,12.793365
97,12,0.230956,21.0,13.147037
97,12,0.241954,22.0,13.500701
97,12,0.252952,23.0,13.854373
97,12,0.26395,24.0,14.208037
97,12,0.274948,25.0,14.561708
97,12,0.285946,26.0,14.91538
97,12,0.296944,27.0,15.269044
97,12,0.307941,28.0,16.541187
97,12,0.318939,29.0,17.815791
97,12,0.329937,30.0,19.090424
97,12,0.340935,31.0,20.365028
97,12,0.351933,32.0,21.63966
97,12,0.362931,33.0,22.914265
97,12,0.373929,34.0,24.188897
97,12,0.384927,35.0,25.463529
97,12,0.395925,36.0,26.738134
97,12,0.406923,37.0,28.012766
97,12,0.417921,38.0,29.28737
97,12,0.428918,39.0,30.562003
97,12,0.439916,40.0,31.836607
97,12,0.450914,41.0,33.111239
97,12,0.461912,42.0,35.0295
97,12,0.47291,43.0,40.71775
97,12,0.483908,44.0,46.406125
97,12,0.494906,45.0,52.094375
97,12,0.505904,46.0,57.275571
97,12,0.516902,47.0,57.648368
97,12,0.5279,48.0,58.021174
97,12,0.538898,49.0,58.393972
97,12,0.549895,50.0,58.766778
97,12,0.560893,51.0,59.139584
97,12,0.571891,52.0,59.512381
97,12,0.582889,53.0,59.885187
97,12,0.593887,54.0,60.257985
97,12,0.604885,55.0,58.727727
97,12,0.615883,56.0,57.187159
97,12,0.626881,57.0,55.646557
97,12,0.637879,58.0,54.10599
97,12,0.648877,59.0,52.565388
97,12,0.659875,60.0,51.024786
97,12,0.670873,61.0,49.484219
97,12,0.68187,62.0,47.943617
97,12,0.692868,63.0,46.403049
97,12,0.703866,64.0,43.647058
97,12,0.714864,65.0,39.870939
97,12,0.725862,66.0,36.094737
97,12,0.73686,67.0,32.318535
97,12,0.747858,68.0,28.542416
97,12,0.758856,69.0,24.766213
97,12,0.769854,70.0,20.990094
97,12,0.780852,71.0,17.213892
97,12,0.79185,72.0,14.689347
97,12,0.802847,73.0,13.739432
97,12,0.813845,74.0,12.789539
97,12,0.824843,75.0,11.839625
97,12,0.835841,76.0,10.889711
97,12,0.846839,77.0,9.939818
97,12,0.857837,78.0,8.989903
97,12,0.868835,79.0,8.04001
97,12,0.879833,80.0,7.090096
97,12,0.890831,81.0,6.140203
97,12,0.901829,82.0,5.190288
97,12,0.912827,83.0,5.724599
97,12,0.923824,84.0,7.087439
97,12,0.934822,85.0,8.450279
97,12,0.94582,86.0,9.813089
97,12,0.956818,87.0,11.175928
97,12,0.967816,88.0,12.538738
97,12,0.978814,89.0,13.901578
97,12,0.989812,90.0,13.639277
97,12,1.00081,91.0,13.178345
97,12,1.011808,92.0,12.717413
97,12,1.022806,93.0,12.256492
97,12,1.033804,94.0,11.79556
97,12,1.044801,95.0,11.334638
97,12,1.055799,96.0,10.873707
97,12,1.066797,97.0,10.412785
97,12,1.077795,98.0,9.951853
97,12,1.088793,99.0,9.490932
97,12,1.099791,100.0,9.03
97,13,0.0,0.0,9.03
97,13,0.010998,1.0,9.165039
97,13,0.021996,2.0,9.300081
97,13,0.032994,3.0,9.43512
97,13,0.043992,4.0,9.570162
97,13,0.05499,5.0,9.705202
97,13,0.065987,6.0,9.840244
97,13,0.076985,7.0,9.975283
97,13,0.087983,8.0,10.099859
97,13,0.098981,9.0,10.219251
97,13,0.109979,10.0,10.338644
97,13,0.120977,11.0,10.458038
97,13,0.131975,12.0,10.577431
97,13,0.142973,13.0,10.696825
97,13,0.153971,14.0,10.816218
97,13,0.164969,15.0,10.935613
97,13,0.175967,16.0,11.055005
97,13,0.186964,17.0,11.174397
97,13,0.197962,18.0,11.833665
97,13,0.20896,19.0,12.722306
97,13,0.219958,20.0,13.610964
97,13,0.230956,21.0,14.499604
97,13,0.241954,22.0,15.388262
97,13,0.252952,23.0,16.276902
97,13,0.26395,24.0,17.126363
97,13,0.274948,25.0,17.940185
97,13,0.285946,26.0,18.754008
97,13,0.296944,27.0,19.567846
97,13,0.307941,28.0,20.381669
97,13,0.318939,29.0,21.195508
97,13,0.329937,30.0,22.00933
97,13,0.340935,31.0,22.823169
97,13,0.351933,32.0,23.636991
97,13,0.362931,33.0,24.45083
97,13,0.373929,34.0,25.264653
97,13,0.384927,35.0,27.433407
97,13,0.395925,36.0,31.604264
97,13,0.406923,37.0,35.775038
97,13,0.417921,38.0,39.945895
97,13,0.428918,39.0,44.116668
97,13,0.439916,40.0,47.262018
97,13,0.450914,41.0,49.546525
97,13,0.461912,42.0,51.831032
97,13,0.47291,43.0,54.115585
97,13,0.483908,44.0,56.400093
97,13,0.494906,45.0,58.684646
97,13,0.505904,46.0,60.969153
97,13,0.516902,47.0,63.253706
97,13,0.5279,48.0,65.538213
97,13,0.538898,49.0,67.822766
97,13,0.549895,50.0,67.61809
97,13,0.560893,51.0,65.585681
97,13,0.571891,52.0,63.553231
97,13,0.582889,53.0,61.520822
97,13,0.593887,54.0,59.488372
97,13,0.604885,55.0,57.455963
97,13,0.615883,56.0,55.423513
97,13,0.626881,57.0,53.191195
97,13,0.637879,58.0,50.344333
97,13,0.648877,59.0,47.497528
97,13,0.659875,60.0,44.650723
97,13,0.670873,61.0,41.803861
97,13,0.68187,62.0,38.957056
97,13,0.692868,63.0,36.110194
97,13,0.703866,64.0,33.263389
97,13,0.714864,65.0,30.416527
97,13,0.725862,66.0,27.569722
97,13,0.73686,67.0,25.093602
97,13,0.747858,68.0,23.2742
97,13,0.758856,69.0,21.454835
97,13,0.769854,70.0,19.635433
97,13,0.780852,71.0,17.816067
97,13,0.79185,72.0,15.996666
97,13,0.802847,73.0,14.455611
97,13,0.813845,74.0,14.158177
97,13,0.824843,75.0,13.86075
97,13,0.835841,76.0,13.563323
97,13,0.846839,77.0,13.265889
97,13,0.857837,78.0,12.968462
97,13,0.868835,79.0,12.671029
97,13,0.879833,80.0,12.373601
97,13,0.890831,81.0,12.076168
97,13,0.901829,82.0,11.77874
97,13,0.912827,83.0,11.603811
97,13,0.923824,84.0,11.717193
97,13,0.934822,85.0,11.830575
97,13,0.94582,86.0,11.943959
97,13,0.956818,87.0,12.057341
97,13,0.967816,88.0,12.170725
97,13,0.978814,89.0,12.284107
97,13,0.989812,90.0,12.397491
97,13,1.00081,91.0,12.510873
97,13,1.011808,92.0,12.130007
97,13,1.022806,93.0,11.371249
97,13,1.033804,94.0,10.612505
97,13,1.044801,95.0,9.853747
97,13,1.055799,96.0,9.095004
97,13,1.066797,97.0,8.336245
97,13,1.077795,98.0,7.577502
97,13,1.088793,99.0,6.818743
97,13,1.099791,100.0,6.06
98,2,0.0,0.0,11.78
98,2,0.010998,1.0,11.309648
98,2,0.021996,2.0,10.839287
98,2,0.032994,3.0,10.368935
98,2,0.043992,4.0,9.898574
98,2,0.05499,5.0,9.428222
98,2,0.065987,6.0,8.957871
98,2,0.076985,7.0,8.487509
98,2,0.087983,8.0,8.017158
98,2,0.098981,9.0,7.546796
98,2,0.109979,10.0,7.076444
98,2,0.120977,11.0,6.606093
98,2,0.131975,12.0,6.318003
98,2,0.142973,13.0,7.001997
98,2,0.153971,14.0,7.686006
98,2,0.164969,15.0,8.37
98,2,0.175967,16.0,9.053994
98,2,0.186964,17.0,9.738003
98,2,0.197962,18.0,10.007199
98,2,0.20896,19.0,10.227602
98,2,0.219958,20.0,10.448
98,2,0.230956,21.0,10.668398
98,2,0.241954,22.0,10.888801
98,2,0.252952,23.0,11.109199
98,2,0.26395,24.0,11.329602
98,2,0.274948,25.0,11.55
98,2,0.285946,26.0,11.770398
98,2,0.296944,27.0,11.990801
98,2,0.307941,28.0,12.211199
98,2,0.318939,29.0,12.431602
98,2,0.329937,30.0,12.652
98,2,0.340935,31.0,14.062944
98,2,0.351933,32.0,15.899128
98,2,0.362931,33.0,17.735272
98,2,0.373929,34.0,19.571456
98,2,0.384927,35.0,21.4076
98,2,0.395925,36.0,23.243744
98,2,0.406923,37.0,25.14746
98,2,0.417921,38.0,27.41129
98,2,0.428918,39.0,29.675169
98,2,0.439916,40.0,31.939
98,2,0.450914,41.0,34.202831
98,2,0.461912,42.0,36.46671
98,2,0.47291,43.0,38.73054
98,2,0.483908,44.0,40.994419
98,2,0.494906,45.0,43.25825
98,2,0.505904,46.0,45.522081
98,2,0.516902,47.0,47.78596
98,2,0.5279,48.0,50.203989
98,2,0.538898,49.0,52.712021
98,2,0.549895,50.0,55.22
98,2,0.560893,51.0,57.727979
98,2,0.571891,52.0,60.236011
98,2,0.582889,53.0,61.898679
98,2,0.593887,54.0,62.112242
98,2,0.604885,55.0,62.3258
98,2,0.615883,56.0,62.539358
98,2,0.626881,57.0,62.752921
98,2,0.637879,58.0,62.966479
98,2,0.648877,59.0,63.180042
98,2,0.659875,60.0,63.3936
98,2,0.670873,61.0,63.607158
98,2,0.68187,62.0,63.820721
98,2,0.692868,63.0,64.034279
98,2,0.703866,64.0,64.247842
98,2,0.714864,65.0,64.4614
98,2,0.725862,66.0,63.555644
98,2,0.73686,67.0,58.452178
98,2,0.747858,68.0,53.348822
98,2,0.758856,69.0,48.245356
98,2,0.769854,70.0,43.142
98,2,0.780852,71.0,38.038644
98,2,0.79185,72.0,35.54015
98,2,0.802847,73.0,33.18645
98,2,0.813845,74.0,30.8327
98,2,0.824843,75.0,28.479
98,2,0.835841,76.0,26.1253
98,2,0.846839,77.0,23.77155
98,2,0.857837,78.0,21.41785
98,2,0.868835,79.0,19.0641
98,2,0.879833,80.0,16.7104
98,2,0.890831,81.0,14.3567
98,2,0.901829,82.0,12.00295
98,2,0.912827,83.0,9.64925
98,2,0.923824,84.0,7.2955
98,2,0.934822,85.0,7.540323
98,2,0.94582,86.0,8.478056
98,2,0.956818,87.0,9.331314
98,2,0.967816,88.0,9.065062
98,2,0.978814,89.0,8.798803
98,2,0.989812,90.0,8.53255
98,2,1.00081,91.0,8.266298
98,2,1.011808,92.0,8.000039
98,2,1.022806,93.0,7.733786
98,2,1.033804,94.0,7.467528
98,2,1.044801,95.0,7.201275
98,2,1.055799,96.0,6.935022
98,2,1.066797,97.0,6.668764
98,2,1.077795,98.0,6.402511
98,2,1.088793,99.0,6.136253
98,2,1.099791,100.0,5.87
98,3,0.0,0.0,5.87
98,3,0.010998,1.0,5.683701
98,3,0.021996,2.0,5.497399
98,3,0.032994,3.0,5.311101
98,3,0.043992,4.0,5.124799
98,3,0.05499,5.0,4.9385
98,3,0.065987,6.0,4.752201
98,3,0.076985,7.0,4.6664
98,3,0.087983,8.0,4.6016
98,3,0.098981,9.0,4.536799
98,3,0.109979,10.0,4.472
98,3,0.120977,11.0,4.407201
98,3,0.131975,12.0,4.3424
98,3,0.142973,13.0,4.2776
98,3,0.153971,14.0,4.212799
98,3,0.164969,15.0,4.148
98,3,0.175967,16.0,4.083201
98,3,0.186964,17.0,4.0184
98,3,0.197962,18.0,4.761246
98,3,0.20896,19.0,5.824384
98,3,0.219958,20.0,6.8875
98,3,0.230956,21.0,7.950616
98,3,0.241954,22.0,9.013754
98,3,0.252952,23.0,9.770097
98,3,0.26395,24.0,10.438805
98,3,0.274948,25.0,11.1075
98,3,0.285946,26.0,11.776195
98,3,0.296944,27.0,12.444903
98,3,0.307941,28.0,13.113597
98,3,0.318939,29.0,13.782305
98,3,0.329937,30.0,14.451
98,3,0.340935,31.0,15.119695
98,3,0.351933,32.0,15.788403
98,3,0.362931,33.0,16.457097
98,3,0.373929,34.0,18.489022
98,3,0.384927,35.0,21.2025
98,3,0.395925,36.0,23.915978
98,3,0.406923,37.0,26.629511
98,3,0.417921,38.0,29.342989
98,3,0.428918,39.0,32.056522
98,3,0.439916,40.0,34.7915
98,3,0.450914,41.0,37.548515
98,3,0.461912,42.0,40.305586
98,3,0.47291,43.0,43.062601
98,3,0.483908,44.0,45.819672
98,3,0.494906,45.0,48.576687
98,3,0.505904,46.0,51.333703
98,3,0.516902,47.0,54.090774
98,3,0.5279,48.0,56.847789
98,3,0.538898,49.0,59.60486
98,3,0.549895,50.0,60.1875
98,3,0.560893,51.0,59.422056
98,3,0.571891,52.0,58.656597
98,3,0.582889,53.0,57.891153
98,3,0.593887,54.0,57.125694
98,3,0.604885,55.0,56.06105
98,3,0.615883,56.0,54.85497
98,3,0.626881,57.0,53.648865
98,3,0.637879,58.0,52.442785
98,3,0.648877,59.0,51.23668
98,3,0.659875,60.0,50.0306
98,3,0.670873,61.0,48.82452
98,3,0.68187,62.0,47.618415
98,3,0.692868,63.0,46.412335
98,3,0.703866,64.0,45.20623
98,3,0.714864,65.0,44.00015
98,3,0.725862,66.0,42.79407
98,3,0.73686,67.0,41.014131
98,3,0.747858,68.0,38.086583
98,3,0.758856,69.0,35.158976
98,3,0.769854,70.0,32.231429
98,3,0.780852,71.0,29.303881
98,3,0.79185,72.0,26.376274
98,3,0.802847,73.0,23.448726
98,3,0.813845,74.0,20.521119
98,3,0.824843,75.0,17.593571
98,3,0.835841,76.0,15.708145
98,3,0.846839,77.0,14.287928
98,3,0.857837,78.0,12.867739
98,3,0.868835,79.0,11.447522
98,3,0.879833,80.0,10.027333
98,3,0.890831,81.0,8.607145
98,3,0.901829,82.0,7.186928
98,3,0.912827,83.0,6.339278
98,3,0.923824,84.0,6.935445
98,3,0.934822,85.0,7.5316
98,3,0.94582,86.0,8.127755
98,3,0.956818,87.0,8.723922
98,3,0.967816,88.0,9.320078
98,3,0.978814,89.0,9.793896
98,3,0.989812,90.0,9.289
98,3,1.00081,91.0,8.784104
98,3,1.011808,92.0,8.279198
98,3,1.022806,93.0,7.774302
98,3,1.033804,94.0,7.269396
98,3,1.044801,95.0,6.7645
98,3,1.055799,96.0,6.259604
98,3,1.066797,97.0,5.754698
98,3,1.077795,98.0,5.249802
98,3,1.088793,99.0,4.744896
98,3,1.099791,100.0,4.24
98,4,0.0,0.0,4.24
98,4,0.010998,1.0,4.903681
98,4,0.021996,2.0,5.567361
98,4,0.032994,3.0,6.231042
98,4,0.043992,4.0,6.894723
98,4,0.05499,5.0,7.29848
98,4,0.065987,6.0,7.294576
98,4,0.076985,7.0,7.290672
98,4,0.087983,8.0,7.286768
98,4,0.098981,9.0,7.282864
98,4,0.109979,10.0,7.27896
98,4,0.120977,11.0,7.275056
98,4,0.131975,12.0,7.271152
98,4,0.142973,13.0,7.267248
98,4,0.153971,14.0,7.263344
98,4,0.164969,15.0,7.25944
98,4,0.175967,16.0,7.255536
98,4,0.186964,17.0,7.251632
98,4,0.197962,18.0,7.247728
98,4,0.20896,19.0,7.243824
98,4,0.219958,20.0,7.272925
98,4,0.230956,21.0,8.880074
98,4,0.241954,22.0,10.487222
98,4,0.252952,23.0,12.09437
98,4,0.26395,24.0,13.701518
98,4,0.274948,25.0,15.308667
98,4,0.285946,26.0,16.915815
98,4,0.296944,27.0,18.370287
98,4,0.307941,28.0,19.802539
98,4,0.318939,29.0,21.234791
98,4,0.329937,30.0,22.667043
98,4,0.340935,31.0,24.099295
98,4,0.351933,32.0,25.531547
98,4,0.362931,33.0,26.963799
98,4,0.373929,34.0,28.396051
98,4,0.384927,35.0,29.828303
98,4,0.395925,36.0,31.260556
98,4,0.406923,37.0,32.692808
98,4,0.417921,38.0,34.125024
98,4,0.428918,39.0,35.557276
98,4,0.439916,40.0,36.989528
98,4,0.450914,41.0,38.42178
98,4,0.461912,42.0,39.854032
98,4,0.47291,43.0,41.286284
98,4,0.483908,44.0,44.462752
98,4,0.494906,45.0,47.912028
98,4,0.505904,46.0,51.361304
98,4,0.516902,47.0,54.810581
98,4,0.5279,48.0,57.100752
98,4,0.538898,49.0,57.299184
98,4,0.549895,50.0,57.497616
98,4,0.560893,51.0,57.696048
98,4,0.571891,52.0,57.89448
98,4,0.582889,53.0,58.092912
98,4,0.593887,54.0,58.291344
98,4,0.604885,55.0,58.489776
98,4,0.615883,56.0,58.688208
98,4,0.626881,57.0,58.88664
98,4,0.637879,58.0,59.085072
98,4,0.648877,59.0,59.283504
98,4,0.659875,60.0,59.481936
98,4,0.670873,61.0,59.680368
98,4,0.68187,62.0,59.8788
98,4,0.692868,63.0,60.077227
98,4,0.703866,64.0,54.262182
98,4,0.714864,65.0,47.667521
98,4,0.725862,66.0,41.072859
98,4,0.73686,67.0,34.478198
98,4,0.747858,68.0,29.578544
98,4,0.758856,69.0,27.479424
98,4,0.769854,70.0,25.380305
98,4,0.780852,71.0,23.281185
98,4,0.79185,72.0,21.182065
98,4,0.802847,73.0,19.082945
98,4,0.813845,74.0,16.983826
98,4,0.824843,75.0,14.884706
98,4,0.835841,76.0,12.785586
98,4,0.846839,77.0,10.686466
98,4,0.857837,78.0,8.587347
98,4,0.868835,79.0,6.488227
98,4,0.879833,80.0,4.389107
98,4,0.890831,81.0,2.289987
98,4,0.901829,82.0,1.414341
98,4,0.912827,83.0,2.079323
98,4,0.923824,84.0,2.744305
98,4,0.934822,85.0,3.409287
98,4,0.94582,86.0,4.074269
98,4,0.956818,87.0,4.739251
98,4,0.967816,88.0,5.404216
98,4,0.978814,89.0,6.069198
98,4,0.989812,90.0,6.356151
98,4,1.00081,91.0,6.522536
98,4,1.011808,92.0,6.688921
98,4,1.022806,93.0,6.855306
98,4,1.033804,94.0,7.02169
98,4,1.044801,95.0,7.188075
98,4,1.055799,96.0,7.35446
98,4,1.066797,97.0,7.520845
98,4,1.077795,98.0,7.68723
98,4,1.088793,99.0,7.853615
98,4,1.099791,100.0,8.02
98,5,0.0,0.0,8.02
98,5,0.010998,1.0,7.714273
98,5,0.021996,2.0,7.408547
98,5,0.032994,3.0,7.10282
98,5,0.043992,4.0,6.797094
98,5,0.05499,5.0,6.491367
98,5,0.065987,6.0,6.18564
98,5,0.076985,7.0,5.87992
98,5,0.087983,8.0,5.654732
98,5,0.098981,9.0,5.581722
98,5,0.109979,10.0,5.508711
98,5,0.120977,11.0,5.435701
98,5,0.131975,12.0,5.36269
98,5,0.142973,13.0,5.28968
98,5,0.153971,14.0,5.216669
98,5,0.164969,15.0,5.143659
98,5,0.175967,16.0,5.070648
98,5,0.186964,17.0,4.997638
98,5,0.197962,18.0,4.924627
98,5,0.20896,19.0,4.976646
98,5,0.219958,20.0,5.992738
98,5,0.230956,21.0,7.008831
98,5,0.241954,22.0,8.024923
98,5,0.252952,23.0,9.041015
98,5,0.26395,24.0,10.057108
98,5,0.274948,25.0,11.0732
98,5,0.285946,26.0,11.685962
98,5,0.296944,27.0,12.241215
98,5,0.307941,28.0,12.796468
98,5,0.318939,29.0,13.351722
98,5,0.329937,30.0,13.906975
98,5,0.340935,31.0,14.462228
98,5,0.351933,32.0,15.01747
98,5,0.362931,33.0,15.572723
98,5,0.373929,34.0,16.127976
98,5,0.384927,35.0,16.683229
98,5,0.395925,36.0,17.238482
98,5,0.406923,37.0,21.09655
98,5,0.417921,38.0,26.194131
98,5,0.428918,39.0,31.291712
98,5,0.439916,40.0,36.222651
98,5,0.450914,41.0,38.816571
98,5,0.461912,42.0,41.410491
98,5,0.47291,43.0,44.004411
98,5,0.483908,44.0,46.598279
98,5,0.494906,45.0,49.192199
98,5,0.505904,46.0,51.786119
98,5,0.516902,47.0,54.380039
98,5,0.5279,48.0,56.97396
98,5,0.538898,49.0,59.56788
98,5,0.549895,50.0,62.1618
98,5,0.560893,51.0,64.75572
98,5,0.571891,52.0,67.34964
98,5,0.582889,53.0,67.24097
98,5,0.593887,54.0,65.233627
98,5,0.604885,55.0,63.226284
98,5,0.615883,56.0,61.21894
98,5,0.626881,57.0,59.211638
98,5,0.637879,58.0,57.247687
98,5,0.648877,59.0,55.31319
98,5,0.659875,60.0,53.378692
98,5,0.670873,61.0,51.444195
98,5,0.68187,62.0,49.509698
98,5,0.692868,63.0,47.575201
98,5,0.703866,64.0,45.640704
98,5,0.714864,65.0,43.706207
98,5,0.725862,66.0,41.77171
98,5,0.73686,67.0,39.837213
98,5,0.747858,68.0,37.902716
98,5,0.758856,69.0,35.968258
98,5,0.769854,70.0,33.712345
98,5,0.780852,71.0,30.16802
98,5,0.79185,72.0,26.623696
98,5,0.802847,73.0,23.079372
98,5,0.813845,74.0,19.535048
98,5,0.824843,75.0,15.990724
98,5,0.835841,76.0,12.4464
98,5,0.846839,77.0,11.652858
98,5,0.857837,78.0,11.245568
98,5,0.868835,79.0,10.838278
98,5,0.879833,80.0,10.430988
98,5,0.890831,81.0,10.023699
98,5,0.901829,82.0,9.616417
98,5,0.912827,83.0,9.209127
98,5,0.923824,84.0,8.801837
98,5,0.934822,85.0,8.394547
98,5,0.94582,86.0,7.987257
98,5,0.956818,87.0,8.288423
98,5,0.967816,88.0,8.75543
98,5,0.978814,89.0,9.222437
98,5,0.989812,90.0,9.689445
98,5,1.00081,91.0,10.156452
98,5,1.011808,92.0,10.636971
98,5,1.022806,93.0,11.122351
98,5,1.033804,94.0,11.607721
98,5,1.044801,95.0,12.093101
98,5,1.055799,96.0,12.578481
98,5,1.066797,97.0,13.06386
98,5,1.077795,98.0,13.54924
98,5,1.088793,99.0,14.03462
98,5,1.099791,100.0,14.52
98,6,0.0,0.0,14.52
98,6,0.010998,1.0,13.765073
98,6,0.021996,2.0,13.01013
98,6,0.032994,3.0,12.255203
98,6,0.043992,4.0,11.50026
98,6,0.05499,5.0,10.745333
98,6,0.065987,6.0,9.990406
98,6,0.076985,7.0,9.235463
98,6,0.087983,8.0,8.570618
98,6,0.098981,9.0,8.671492
98,6,0.109979,10.0,8.772364
98,6,0.120977,11.0,8.873235
98,6,0.131975,12.0,8.97411
98,6,0.142973,13.0,9.074981
98,6,0.153971,14.0,9.175855
98,6,0.164969,15.0,9.276727
98,6,0.175967,16.0,9.377599
98,6,0.186964,17.0,9.478473
98,6,0.197962,18.0,9.579345
98,6,0.20896,19.0,9.680219
98,6,0.219958,20.0,9.781091
98,6,0.230956,21.0,9.881963
98,6,0.241954,22.0,9.982837
98,6,0.252952,23.0,11.297991
98,6,0.26395,24.0,13.321517
98,6,0.274948,25.0,15.345
98,6,0.285946,26.0,17.368483
98,6,0.296944,27.0,19.392009
98,6,0.307941,28.0,21.495368
98,6,0.318939,29.0,23.735708
98,6,0.329937,30.0,25.976
98,6,0.340935,31.0,28.216292
98,6,0.351933,32.0,30.456632
98,6,0.362931,33.0,32.696924
98,6,0.373929,34.0,34.937264
98,6,0.384927,35.0,37.177556
98,6,0.395925,36.0,39.417847
98,6,0.406923,37.0,41.658187
98,6,0.417921,38.0,43.898479
98,6,0.428918,39.0,46.138819
98,6,0.439916,40.0,48.282951
98,6,0.450914,41.0,50.34054
98,6,0.461912,42.0,52.398173
98,6,0.47291,43.0,54.455762
98,6,0.483908,44.0,56.513395
98,6,0.494906,45.0,58.1045
98,6,0.505904,46.0,57.503155
98,6,0.516902,47.0,56.901797
98,6,0.5279,48.0,56.300453
98,6,0.538898,49.0,55.699095
98,6,0.549895,50.0,55.09775
98,6,0.560893,51.0,54.496405
98,6,0.571891,52.0,53.895047
98,6,0.582889,53.0,53.293703
98,6,0.593887,54.0,52.692345
98,6,0.604885,55.0,52.091
98,6,0.615883,56.0,49.209764
98,6,0.626881,57.0,45.09605
98,6,0.637879,58.0,40.982424
98,6,0.648877,59.0,36.868711
98,6,0.659875,60.0,32.755085
98,6,0.670873,61.0,29.818714
98,6,0.68187,62.0,28.190393
98,6,0.692868,63.0,26.562107
98,6,0.703866,64.0,24.933786
98,6,0.714864,65.0,23.3055
98,6,0.725862,66.0,21.677214
98,6,0.73686,67.0,20.048893
98,6,0.747858,68.0,18.420607
98,6,0.758856,69.0,16.792286
98,6,0.769854,70.0,15.164
98,6,0.780852,71.0,13.535714
98,6,0.79185,72.0,12.908798
98,6,0.802847,73.0,12.337536
98,6,0.813845,74.0,11.766262
98,6,0.824843,75.0,11.195
98,6,0.835841,76.0,10.623738
98,6,0.846839,77.0,10.052464
98,6,0.857837,78.0,9.481202
98,6,0.868835,79.0,8.909745
98,6,0.879833,80.0,8.335
98,6,0.890831,81.0,7.760255
98,6,0.901829,82.0,7.185498
98,6,0.912827,83.0,6.610752
98,6,0.923824,84.0,6.035995
98,6,0.934822,85.0,5.46125
98,6,0.94582,86.0,4.886505
98,6,0.956818,87.0,4.311748
98,6,0.967816,88.0,3.737002
98,6,0.978814,89.0,3.162245
98,6,0.989812,90.0,2.8095
98,6,1.00081,91.0,2.656551
98,6,1.011808,92.0,2.503599
98,6,1.022806,93.0,2.350651
98,6,1.033804,94.0,2.197699
98,6,1.044801,95.0,2.04475
98,6,1.055799,96.0,1.891801
98,6,1.066797,97.0,1.738849
98,6,1.077795,98.0,1.585901
98,6,1.088793,99.0,1.432949
98,6,1.099791,100.0,1.28
98,7,0.0,0.0,1.28
98,7,0.010998,1.0,1.748468
98,7,0.021996,2.0,2.216945
98,7,0.032994,3.0,2.685413
98,7,0.043992,4.0,3.153881
98,7,0.05499,5.0,3.622349
98,7,0.065987,6.0,4.090826
98,7,0.076985,7.0,4.559294
98,7,0.087983,8.0,5.027762
98,7,0.098981,9.0,5.496238
98,7,0.109979,10.0,5.964706
98,7,0.120977,11.0,6.433174
98,7,0.131975,12.0,6.901642
98,7,0.142973,13.0,7.370119
98,7,0.153971,14.0,7.838587
98,7,0.164969,15.0,8.453957
98,7,0.175967,16.0,9.334376
98,7,0.186964,17.0,10.214812
98,7,0.197962,18.0,11.095231
98,7,0.20896,19.0,11.975651
98,7,0.219958,20.0,12.856087
98,7,0.230956,21.0,13.728832
98,7,0.241954,22.0,14.597731
98,7,0.252952,23.0,15.46663
98,7,0.26395,24.0,16.335545
98,7,0.274948,25.0,17.204444
98,7,0.285946,26.0,18.073344
98,7,0.296944,27.0,18.942259
98,7,0.307941,28.0,19.811158
98,7,0.318939,29.0,20.680057
98,7,0.329937,30.0,21.548957
98,7,0.340935,31.0,23.007293
98,7,0.351933,32.0,25.268384
98,7,0.362931,33.0,27.529474
98,7,0.373929,34.0,29.790607
98,7,0.384927,35.0,32.051697
98,7,0.395925,36.0,34.312788
98,7,0.406923,37.0,36.573878
98,7,0.417921,38.0,38.835011
98,7,0.428918,39.0,41.096101
98,7,0.439916,40.0,43.357192
98,7,0.450914,41.0,45.801867
98,7,0.461912,42.0,49.079719
98,7,0.47291,43.0,52.357511
98,7,0.483908,44.0,55.635302
98,7,0.494906,45.0,56.901193
98,7,0.505904,46.0,57.265002
98,7,0.516902,47.0,57.628812
98,7,0.5279,48.0,57.992622
98,7,0.538898,49.0,58.356438
98,7,0.549895,50.0,58.720248
98,7,0.560893,51.0,59.084058
98,7,0.571891,52.0,59.447874
98,7,0.582889,53.0,59.811684
98,7,0.593887,54.0,58.102136
98,7,0.604885,55.0,54.399454
98,7,0.615883,56.0,50.696703
98,7,0.626881,57.0,46.994021
98,7,0.637879,58.0,43.291339
98,7,0.648877,59.0,39.588588
98,7,0.659875,60.0,37.195216
98,7,0.670873,61.0,35.090361
98,7,0.68187,62.0,32.985507
98,7,0.692868,63.0,30.880613
98,7,0.703866,64.0,28.775758
98,7,0.714864,65.0,26.670903
98,7,0.725862,66.0,24.566049
98,7,0.73686,67.0,22.461155
98,7,0.747858,68.0,20.3563
98,7,0.758856,69.0,18.251445
98,7,0.769854,70.0,17.468399
98,7,0.780852,71.0,17.38932
98,7,0.79185,72.0,17.31024
98,7,0.802847,73.0,17.213623
98,7,0.813845,74.0,17.060926
98,7,0.824843,75.0,16.908232
98,7,0.835841,76.0,16.755537
98,7,0.846839,77.0,16.60284
98,7,0.857837,78.0,16.450146
98,7,0.868835,79.0,16.297452
98,7,0.879833,80.0,16.144757
98,7,0.890831,81.0,15.99206
98,7,0.901829,82.0,15.839366
98,7,0.912827,83.0,15.686671
98,7,0.923824,84.0,15.533974
98,7,0.934822,85.0,15.38128
98,7,0.94582,86.0,13.945683
98,7,0.956818,87.0,12.179572
98,7,0.967816,88.0,10.413428
98,7,0.978814,89.0,9.132586
98,7,0.989812,90.0,8.640535
98,7,1.00081,91.0,8.148484
98,7,1.011808,92.0,7.656424
98,7,1.022806,93.0,7.164374
98,7,1.033804,94.0,6.672323
98,7,1.044801,95.0,6.180263
98,7,1.055799,96.0,5.688212
98,7,1.066797,97.0,5.196161
98,7,1.077795,98.0,4.704111
98,7,1.088793,99.0,4.212051
98,7,1.099791,100.0,3.72
98,8,0.0,0.0,3.72
98,8,0.010998,1.0,4.412593
98,8,0.021996,2.0,5.105185
98,8,0.032994,3.0,5.797778
98,8,0.043992,4.0,6.490353
98,8,0.05499,5.0,7.182946
98,8,0.065987,6.0,7.857511
98,8,0.076985,7.0,8.404135
98,8,0.087983,8.0,8.950759
98,8,0.098981,9.0,9.497384
98,8,0.109979,10.0,10.043995
98,8,0.120977,11.0,10.590619
98,8,0.131975,12.0,11.137243
98,8,0.142973,13.0,11.683868
98,8,0.153971,14.0,12.230492
98,8,0.164969,15.0,12.777116
98,8,0.175967,16.0,13.323727
98,8,0.186964,17.0,13.870352
98,8,0.197962,18.0,14.416976
98,8,0.20896,19.0,14.963601
98,8,0.219958,20.0,17.098414
98,8,0.230956,21.0,19.989945
98,8,0.241954,22.0,22.881406
98,8,0.252952,23.0,25.772938
98,8,0.26395,24.0,28.664469
98,8,0.274948,25.0,31.556
98,8,0.285946,26.0,33.933139
98,8,0.296944,27.0,36.091078
98,8,0.307941,28.0,38.249017
98,8,0.318939,29.0,40.406904
98,8,0.329937,30.0,42.564843
98,8,0.340935,31.0,44.722782
98,8,0.351933,32.0,46.880721
98,8,0.362931,33.0,49.03866
98,8,0.373929,34.0,51.196599
98,8,0.384927,35.0,53.354486
98,8,0.395925,36.0,55.512425
98,8,0.406923,37.0,57.670364
98,8,0.417921,38.0,59.828303
98,8,0.428918,39.0,61.986242
98,8,0.439916,40.0,64.144181
98,8,0.450914,41.0,64.703657
98,8,0.461912,42.0,64.761028
98,8,0.47291,43.0,64.8184
98,8,0.483908,44.0,64.875771
98,8,0.494906,45.0,64.933143
98,8,0.505904,46.0,64.990515
98,8,0.516902,47.0,65.047885
98,8,0.5279,48.0,65.105257
98,8,0.538898,49.0,65.162628
98,8,0.549895,50.0,65.22
98,8,0.560893,51.0,64.539511
98,8,0.571891,52.0,62.160021
98,8,0.582889,53.0,59.780532
98,8,0.593887,54.0,57.401101
98,8,0.604885,55.0,55.021612
98,8,0.615883,56.0,52.642122
98,8,0.626881,57.0,50.262633
98,8,0.637879,58.0,47.883144
98,8,0.648877,59.0,45.503655
98,8,0.659875,60.0,42.440731
98,8,0.670873,61.0,38.042865
98,8,0.68187,62.0,33.644999
98,8,0.692868,63.0,29.247132
98,8,0.703866,64.0,24.849266
98,8,0.714864,65.0,20.4514
98,8,0.725862,66.0,17.025599
98,8,0.73686,67.0,16.324283
98,8,0.747858,68.0,15.622968
98,8,0.758856,69.0,14.921653
98,8,0.769854,70.0,14.220337
98,8,0.780852,71.0,13.519022
98,8,0.79185,72.0,12.817724
98,8,0.802847,73.0,12.116408
98,8,0.813845,74.0,11.415093
98,8,0.824843,75.0,10.713778
98,8,0.835841,76.0,10.012462
98,8,0.846839,77.0,9.311147
98,8,0.857837,78.0,8.609832
98,8,0.868835,79.0,7.908534
98,8,0.879833,80.0,8.286402
98,8,0.890831,81.0,8.906443
98,8,0.901829,82.0,9.526483
98,8,0.912827,83.0,10.146523
98,8,0.923824,84.0,10.766563
98,8,0.934822,85.0,11.386589
98,8,0.94582,86.0,12.006629
98,8,0.956818,87.0,12.156863
98,8,0.967816,88.0,11.724026
98,8,0.978814,89.0,11.291189
98,8,0.989812,90.0,10.858351
98,8,1.00081,91.0,10.425525
98,8,1.011808,92.0,9.992687
98,8,1.022806,93.0,9.55985
98,8,1.033804,94.0,9.127013
98,8,1.044801,95.0,8.694176
98,8,1.055799,96.0,8.261338
98,8,1.066797,97.0,7.828512
98,8,1.077795,98.0,7.395674
98,8,1.088793,99.0,6.962837
98,8,1.099791,100.0,6.53
98,9,0.0,0.0,6.53
98,9,0.010998,1.0,7.057528
98,9,0.021996,2.0,7.585069
98,9,0.032994,3.0,8.112597
98,9,0.043992,4.0,8.640139
98,9,0.05499,5.0,9.020333
98,9,0.065987,6.0,9.110399
98,9,0.076985,7.0,9.200467
98,9,0.087983,8.0,9.290533
98,9,0.098981,9.0,9.380601
98,9,0.109979,10.0,9.470667
98,9,0.120977,11.0,9.560732
98,9,0.131975,12.0,9.6508
98,9,0.142973,13.0,9.740866
98,9,0.153971,14.0,9.830934
98,9,0.164969,15.0,9.921
98,9,0.175967,16.0,10.011066
98,9,0.186964,17.0,10.101134
98,9,0.197962,18.0,10.1912
98,9,0.20896,19.0,10.281268
98,9,0.219958,20.0,10.371333
98,9,0.230956,21.0,11.482661
98,9,0.241954,22.0,12.861024
98,9,0.252952,23.0,14.239351
98,9,0.26395,24.0,15.617714
98,9,0.274948,25.0,16.996042
98,9,0.285946,26.0,18.374369
98,9,0.296944,27.0,19.602418
98,9,0.307941,28.0,20.719394
98,9,0.318939,29.0,21.836399
98,9,0.329937,30.0,22.953375
98,9,0.340935,31.0,24.070351
98,9,0.351933,32.0,25.187356
98,9,0.362931,33.0,26.304332
98,9,0.373929,34.0,27.421336
98,9,0.384927,35.0,28.538313
98,9,0.395925,36.0,29.655289
98,9,0.406923,37.0,30.772293
98,9,0.417921,38.0,31.889269
98,9,0.428918,39.0,33.074324
98,9,0.439916,40.0,34.677692
98,9,0.450914,41.0,36.281061
98,9,0.461912,42.0,37.88447
98,9,0.47291,43.0,39.487838
98,9,0.483908,44.0,41.091247
98,9,0.494906,45.0,42.694615
98,9,0.505904,46.0,44.297984
98,9,0.516902,47.0,45.901393
98,9,0.5279,48.0,47.504761
98,9,0.538898,49.0,49.01694
98,9,0.549895,50.0,50.491791
98,9,0.560893,51.0,51.966642
98,9,0.571891,52.0,53.44153
98,9,0.582889,53.0,54.916381
98,9,0.593887,54.0,56.391269
98,9,0.604885,55.0,57.866119
98,9,0.615883,56.0,59.34097
98,9,0.626881,57.0,60.815858
98,9,0.637879,58.0,62.290709
98,9,0.648877,59.0,63.765597
98,9,0.659875,60.0,65.240448
98,9,0.670873,61.0,66.715299
98,9,0.68187,62.0,68.190187
98,9,0.692868,63.0,65.012971
98,9,0.703866,64.0,60.840891
98,9,0.714864,65.0,56.668917
98,9,0.725862,66.0,52.496942
98,9,0.73686,67.0,48.324862
98,9,0.747858,68.0,44.152888
98,9,0.758856,69.0,41.172711
98,9,0.769854,70.0,38.966815
98,9,0.780852,71.0,36.760919
98,9,0.79185,72.0,34.554967
98,9,0.802847,73.0,32.34907
98,9,0.813845,74.0,30.143118
98,9,0.824843,75.0,27.937222
98,9,0.835841,76.0,25.731326
98,9,0.846839,77.0,23.525374
98,9,0.857837,78.0,21.319478
98,9,0.868835,79.0,19.113526
98,9,0.879833,80.0,16.90763
98,9,0.890831,81.0,14.701733
98,9,0.901829,82.0,12.495781
98,9,0.912827,83.0,11.208712
98,9,0.923824,84.0,10.492993
98,9,0.934822,85.0,9.777292
98,9,0.94582,86.0,9.061591
98,9,0.956818,87.0,8.345871
98,9,0.967816,88.0,7.63017
98,9,0.978814,89.0,7.259152
98,9,0.989812,90.0,7.407409
98,9,1.00081,91.0,7.555667
98,9,1.011808,92.0,7.703928
98,9,1.022806,93.0,7.852186
98,9,1.033804,94.0,8.000447
98,9,1.044801,95.0,8.148705
98,9,1.055799,96.0,8.296962
98,9,1.066797,97.0,8.445223
98,9,1.077795,98.0,8.593481
98,9,1.088793,99.0,8.741742
98,9,1.099791,100.0,8.89
98,10,0.0,0.0,8.89
98,10,0.010998,1.0,8.742036
98,10,0.021996,2.0,8.594068
98,10,0.032994,3.0,8.446104
98,10,0.043992,4.0,8.29814
98,10,0.05499,5.0,8.150172
98,10,0.065987,6.0,8.002208
98,10,0.076985,7.0,7.854241
98,10,0.087983,8.0,7.706277
98,10,0.098981,9.0,7.558312
98,10,0.109979,10.0,7.410345
98,10,0.120977,11.0,7.363952
98,10,0.131975,12.0,7.409611
98,10,0.142973,13.0,7.455271
98,10,0.153971,14.0,7.50093
98,10,0.164969,15.0,7.546589
98,10,0.175967,16.0,7.592249
98,10,0.186964,17.0,7.637908
98,10,0.197962,18.0,7.683567
98,10,0.20896,19.0,7.729228
98,10,0.219958,20.0,8.56751
98,10,0.230956,21.0,9.419451
98,10,0.241954,22.0,10.271374
98,10,0.252952,23.0,11.123298
98,10,0.26395,24.0,11.975238
98,10,0.274948,25.0,12.82
98,10,0.285946,26.0,13.316396
98,10,0.296944,27.0,13.812803
98,10,0.307941,28.0,14.309199
98,10,0.318939,29.0,14.805596
98,10,0.329937,30.0,15.302002
98,10,0.340935,31.0,15.798398
98,10,0.351933,32.0,16.294805
98,10,0.362931,33.0,16.791201
98,10,0.373929,34.0,17.287598
98,10,0.384927,35.0,17.784004
98,10,0.395925,36.0,18.2804
98,10,0.406923,37.0,18.776797
98,10,0.417921,38.0,23.494142
98,10,0.428918,39.0,28.513951
98,10,0.439916,40.0,33.53376
98,10,0.450914,41.0,38.553669
98,10,0.461912,42.0,43.282759
98,10,0.47291,43.0,45.345287
98,10,0.483908,44.0,47.407854
98,10,0.494906,45.0,49.470382
98,10,0.505904,46.0,51.53295
98,10,0.516902,47.0,53.595477
98,10,0.5279,48.0,55.658005
98,10,0.538898,49.0,57.720573
98,10,0.549895,50.0,59.7831
98,10,0.560893,51.0,61.845627
98,10,0.571891,52.0,63.908195
98,10,0.582889,53.0,65.970723
98,10,0.593887,54.0,67.973628
98,10,0.604885,55.0,64.746987
98,10,0.615883,56.0,61.52041
98,10,0.626881,57.0,59.086794
98,10,0.637879,58.0,57.195524
98,10,0.648877,59.0,55.304253
98,10,0.659875,60.0,53.412945
98,10,0.670873,61.0,51.521675
98,10,0.68187,62.0,49.630404
98,10,0.692868,63.0,47.739096
98,10,0.703866,64.0,45.847825
98,10,0.714864,65.0,43.956555
98,10,0.725862,66.0,42.065247
98,10,0.73686,67.0,40.173976
98,10,0.747858,68.0,38.282706
98,10,0.758856,69.0,34.850758
98,10,0.769854,70.0,29.919886
98,10,0.780852,71.0,24.988917
98,10,0.79185,72.0,20.058046
98,10,0.802847,73.0,15.127174
98,10,0.813845,74.0,13.340989
98,10,0.824843,75.0,13.089503
98,10,0.835841,76.0,12.838018
98,10,0.846839,77.0,12.586527
98,10,0.857837,78.0,12.335041
98,10,0.868835,79.0,12.083556
98,10,0.879833,80.0,11.832065
98,10,0.890831,81.0,11.58058
98,10,0.901829,82.0,11.329089
98,10,0.912827,83.0,11.077603
98,10,0.923824,84.0,10.826118
98,10,0.934822,85.0,10.574627
98,10,0.94582,86.0,10.689019
98,10,0.956818,87.0,11.162852
98,10,0.967816,88.0,11.636694
98,10,0.978814,89.0,12.110527
98,10,0.989812,90.0,11.676754
98,10,1.00081,91.0,11.204073
98,10,1.011808,92.0,10.731401
98,10,1.022806,93.0,10.258729
98,10,1.033804,94.0,9.786049
98,10,1.044801,95.0,9.313377
98,10,1.055799,96.0,8.840696
98,10,1.066797,97.0,8.368024
98,10,1.077795,98.0,7.895353
98,10,1.088793,99.0,7.422672
98,10,1.099791,100.0,6.95
98,11,0.0,0.0,6.95
98,11,0.010998,1.0,7.623687
98,11,0.021996,2.0,8.297375
98,11,0.032994,3.0,8.971062
98,11,0.043992,4.0,9.644733
98,11,0.05499,5.0,10.31842
98,11,0.065987,6.0,10.992108
98,11,0.076985,7.0,11.136538
98,11,0.087983,8.0,11.266528
98,11,0.098981,9.0,11.396518
98,11,0.109979,10.0,11.526504
98,11,0.120977,11.0,11.656494
98,11,0.131975,12.0,11.786484
98,11,0.142973,13.0,11.916474
98,11,0.153971,14.0,12.046464
98,11,0.164969,15.0,12.176454
98,11,0.175967,16.0,12.306441
98,11,0.186964,17.0,12.436431
98,11,0.197962,18.0,12.566421
98,11,0.20896,19.0,12.696411
98,11,0.219958,20.0,12.826401
98,11,0.230956,21.0,12.956391
98,11,0.241954,22.0,13.086377
98,11,0.252952,23.0,13.216367
98,11,0.26395,24.0,13.346357
98,11,0.274948,25.0,14.76125
98,11,0.285946,26.0,17.078935
98,11,0.296944,27.0,19.396621
98,11,0.307941,28.0,21.714306
98,11,0.318939,29.0,24.031934
98,11,0.329937,30.0,26.270518
98,11,0.340935,31.0,28.499192
98,11,0.351933,32.0,30.727865
98,11,0.362931,33.0,32.956539
98,11,0.373929,34.0,35.185213
98,11,0.384927,35.0,37.413831
98,11,0.395925,36.0,39.642504
98,11,0.406923,37.0,41.871178
98,11,0.417921,38.0,44.099852
98,11,0.428918,39.0,46.328525
98,11,0.439916,40.0,48.557199
98,11,0.450914,41.0,50.785817
98,11,0.461912,42.0,52.375617
98,11,0.47291,43.0,53.733169
98,11,0.483908,44.0,55.090721
98,11,0.494906,45.0,56.448273
98,11,0.505904,46.0,57.805826
98,11,0.516902,47.0,59.163344
98,11,0.5279,48.0,60.520896
98,11,0.538898,49.0,61.759911
98,11,0.549895,50.0,61.482889
98,11,0.560893,51.0,61.205867
98,11,0.571891,52.0,60.928845
98,11,0.582889,53.0,60.651823
98,11,0.593887,54.0,60.374808
98,11,0.604885,55.0,60.097787
98,11,0.615883,56.0,59.820765
98,11,0.626881,57.0,59.543743
98,11,0.637879,58.0,59.266721
98,11,0.648877,59.0,58.989699
98,11,0.659875,60.0,58.712684
98,11,0.670873,61.0,58.435662
98,11,0.68187,62.0,58.158641
98,11,0.692868,63.0,56.482656
98,11,0.703866,64.0,51.261302
98,11,0.714864,65.0,46.039948
98,11,0.725862,66.0,40.818724
98,11,0.73686,67.0,35.59737
98,11,0.747858,68.0,30.376016
98,11,0.758856,69.0,25.794528
98,11,0.769854,70.0,24.721703
98,11,0.780852,71.0,23.648878
98,11,0.79185,72.0,22.57608
98,11,0.802847,73.0,21.503254
98,11,0.813845,74.0,20.430429
98,11,0.824843,75.0,19.357604
98,11,0.835841,76.0,18.284779
98,11,0.846839,77.0,17.211954
98,11,0.857837,78.0,16.139129
98,11,0.868835,79.0,15.06633
98,11,0.879833,80.0,13.993505
98,11,0.890831,81.0,12.92068
98,11,0.901829,82.0,12.658983
98,11,0.912827,83.0,12.490595
98,11,0.923824,84.0,12.322206
98,11,0.934822,85.0,12.153822
98,11,0.94582,86.0,11.985433
98,11,0.956818,87.0,11.817044
98,11,0.967816,88.0,11.648656
98,11,0.978814,89.0,11.51559
98,11,0.989812,90.0,11.4969
98,11,1.00081,91.0,11.47821
98,11,1.011808,92.0,11.45952
98,11,1.022806,93.0,11.44083
98,11,1.033804,94.0,11.42214
98,11,1.044801,95.0,11.40345
98,11,1.055799,96.0,11.38476
98,11,1.066797,97.0,11.36607
98,11,1.077795,98.0,11.34738
98,11,1.088793,99.0,11.32869
98,11,1.099791,100.0,11.31
98,12,0.0,0.0,11.31
98,12,0.010998,1.0,11.112125
98,12,0.021996,2.0,10.914245
98,12,0.032994,3.0,10.71637
98,12,0.043992,4.0,10.518491
98,12,0.05499,5.0,10.320615
98,12,0.065987,6.0,10.12274
98,12,0.076985,7.0,9.924861
98,12,0.087983,8.0,9.726986
98,12,0.098981,9.0,9.529106
98,12,0.109979,10.0,9.331231
98,12,0.120977,11.0,9.133356
98,12,0.131975,12.0,8.945809
98,12,0.142973,13.0,8.888715
98,12,0.153971,14.0,8.831619
98,12,0.164969,15.0,8.774524
98,12,0.175967,16.0,8.717429
98,12,0.186964,17.0,8.660333
98,12,0.197962,18.0,8.603238
98,12,0.20896,19.0,8.546142
98,12,0.219958,20.0,8.489048
98,12,0.230956,21.0,8.431953
98,12,0.241954,22.0,8.915205
98,12,0.252952,23.0,10.085128
98,12,0.26395,24.0,11.255077
98,12,0.274948,25.0,12.425
98,12,0.285946,26.0,13.594923
98,12,0.296944,27.0,14.764872
98,12,0.307941,28.0,15.72324
98,12,0.318939,29.0,16.667112
98,12,0.329937,30.0,17.610963
98,12,0.340935,31.0,18.554814
98,12,0.351933,32.0,19.498686
98,12,0.362931,33.0,20.442537
98,12,0.373929,34.0,21.386408
98,12,0.384927,35.0,22.330259
98,12,0.395925,36.0,23.27411
98,12,0.406923,37.0,24.217982
98,12,0.417921,38.0,25.161833
98,12,0.428918,39.0,26.105705
98,12,0.439916,40.0,27.92
98,12,0.450914,41.0,30.445144
98,12,0.461912,42.0,32.970345
98,12,0.47291,43.0,35.495489
98,12,0.483908,44.0,38.020689
98,12,0.494906,45.0,40.545833
98,12,0.505904,46.0,43.070977
98,12,0.516902,47.0,45.596178
98,12,0.5279,48.0,47.83626
98,12,0.538898,49.0,49.390439
98,12,0.549895,50.0,50.944583
98,12,0.560893,51.0,52.498728
98,12,0.571891,52.0,54.052907
98,12,0.582889,53.0,55.607051
98,12,0.593887,54.0,57.161231
98,12,0.604885,55.0,58.715375
98,12,0.615883,56.0,60.269519
98,12,0.626881,57.0,61.823699
98,12,0.637879,58.0,63.377843
98,12,0.648877,59.0,63.516569
98,12,0.659875,60.0,60.094
98,12,0.670873,61.0,56.671431
98,12,0.68187,62.0,53.248785
98,12,0.692868,63.0,49.826215
98,12,0.703866,64.0,46.403569
98,12,0.714864,65.0,43.982741
98,12,0.725862,66.0,41.844745
98,12,0.73686,67.0,39.706702
98,12,0.747858,68.0,37.568706
98,12,0.758856,69.0,35.430662
98,12,0.769854,70.0,33.292667
98,12,0.780852,71.0,31.154671
98,12,0.79185,72.0,29.016627
98,12,0.802847,73.0,26.878632
98,12,0.813845,74.0,24.740588
98,12,0.824843,75.0,22.602593
98,12,0.835841,76.0,20.464597
98,12,0.846839,77.0,18.762355
98,12,0.857837,78.0,17.729045
98,12,0.868835,79.0,16.695711
98,12,0.879833,80.0,15.6624
98,12,0.890831,81.0,14.629089
98,12,0.901829,82.0,13.595755
98,12,0.912827,83.0,12.562445
98,12,0.923824,84.0,11.918546
98,12,0.934822,85.0,11.643222
98,12,0.94582,86.0,11.367899
98,12,0.956818,87.0,11.092569
98,12,0.967816,88.0,10.817246
98,12,0.978814,89.0,10.541916
98,12,0.989812,90.0,10.266593
98,12,1.00081,91.0,9.991269
98,12,1.011808,92.0,9.71594
98,12,1.022806,93.0,9.440616
98,12,1.033804,94.0,9.165286
98,12,1.044801,95.0,8.889963
98,12,1.055799,96.0,8.643467
98,12,1.066797,97.0,8.5926
98,12,1.077795,98.0,8.541734
98,12,1.088793,99.0,8.490866
98,12,1.099791,100.0,8.44
98,13,0.0,0.0,8.44
98,13,0.010998,1.0,8.204441
98,13,0.021996,2.0,7.968882
98,13,0.032994,3.0,7.733318
98,13,0.043992,4.0,7.497759
98,13,0.05499,5.0,7.2622
98,13,0.065987,6.0,7.026641
98,13,0.076985,7.0,6.791082
98,13,0.087983,8.0,6.555518
98,13,0.098981,9.0,6.319959
98,13,0.109979,10.0,6.0844
98,13,0.120977,11.0,5.848841
98,13,0.131975,12.0,5.613282
98,13,0.142973,13.0,5.590458
98,13,0.153971,14.0,6.540104
98,13,0.164969,15.0,7.48975
98,13,0.175967,16.0,8.439396
98,13,0.186964,17.0,9.389042
98,13,0.197962,18.0,10.316054
98,13,0.20896,19.0,10.824027
98,13,0.219958,20.0,11.332
98,13,0.230956,21.0,11.839973
98,13,0.241954,22.0,12.347946
98,13,0.252952,23.0,12.855929
98,13,0.26395,24.0,13.363902
98,13,0.274948,25.0,13.871875
98,13,0.285946,26.0,14.379848
98,13,0.296944,27.0,14.887821
98,13,0.307941,28.0,15.395804
98,13,0.318939,29.0,16.80924
98,13,0.329937,30.0,18.456333
98,13,0.340935,31.0,20.103426
98,13,0.351933,32.0,21.75052
98,13,0.362931,33.0,23.397647
98,13,0.373929,34.0,25.04474
98,13,0.384927,35.0,26.691833
98,13,0.395925,36.0,28.458344
98,13,0.406923,37.0,31.269799
98,13,0.417921,38.0,34.081312
98,13,0.428918,39.0,36.892767
98,13,0.439916,40.0,39.704222
98,13,0.450914,41.0,42.515677
98,13,0.461912,42.0,45.327132
98,13,0.47291,43.0,48.138646
98,13,0.483908,44.0,50.950101
98,13,0.494906,45.0,53.761556
98,13,0.505904,46.0,56.57301
98,13,0.516902,47.0,59.384465
98,13,0.5279,48.0,60.6166
98,13,0.538898,49.0,60.6283
98,13,0.549895,50.0,60.64
98,13,0.560893,51.0,60.6517
98,13,0.571891,52.0,60.6634
98,13,0.582889,53.0,59.949186
98,13,0.593887,54.0,58.295593
98,13,0.604885,55.0,56.642
98,13,0.615883,56.0,54.988407
98,13,0.626881,57.0,53.334814
98,13,0.637879,58.0,51.681186
98,13,0.648877,59.0,50.027593
98,13,0.659875,60.0,48.374
98,13,0.670873,61.0,46.720407
98,13,0.68187,62.0,44.354627
98,13,0.692868,63.0,41.157873
98,13,0.703866,64.0,37.961187
98,13,0.714864,65.0,34.7645
98,13,0.725862,66.0,31.567813
98,13,0.73686,67.0,28.371127
98,13,0.747858,68.0,25.174373
98,13,0.758856,69.0,21.977687
98,13,0.769854,70.0,20.4882
98,13,0.780852,71.0,19.510864
98,13,0.79185,72.0,18.533528
98,13,0.802847,73.0,17.556172
98,13,0.813845,74.0,16.578836
98,13,0.824843,75.0,15.6015
98,13,0.835841,76.0,14.624164
98,13,0.846839,77.0,13.646828
98,13,0.857837,78.0,12.669472
98,13,0.868835,79.0,11.692136
98,13,0.879833,80.0,10.7148
98,13,0.890831,81.0,9.737464
98,13,0.901829,82.0,8.760128
98,13,0.912827,83.0,8.817301
98,13,0.923824,84.0,8.9304
98,13,0.934822,85.0,9.0435
98,13,0.94582,86.0,9.1566
98,13,0.956818,87.0,9.269699
98,13,0.967816,88.0,8.856716
98,13,0.978814,89.0,8.328658
98,13,0.989812,90.0,7.8006
98,13,1.00081,91.0,7.272542
98,13,1.011808,92.0,6.744484
98,13,1.022806,93.0,6.216416
98,13,1.033804,94.0,5.688358
98,13,1.044801,95.0,5.1603
98,13,1.055799,96.0,4.632242
98,13,1.066797,97.0,4.104184
98,13,1.077795,98.0,3.576116
98,13,1.088793,99.0,3.048058
98,13,1.099791,100.0,2.52
98,14,0.0,0.0,2.52
98,14,0.010998,1.0,2.954827
98,14,0.021996,2.0,3.389655
98,14,0.032994,3.0,3.824482
98,14,0.043992,4.0,4.25931
98,14,0.05499,5.0,4.694137
98,14,0.065987,6.0,5.075807
98,14,0.076985,7.0,5.331399
98,14,0.087983,8.0,5.586996
98,14,0.098981,9.0,5.842594
98,14,0.109979,10.0,6.098191
98,14,0.120977,11.0,6.353789
98,14,0.131975,12.0,6.609386
98,14,0.142973,13.0,6.864984
98,14,0.153971,14.0,7.120581
98,14,0.164969,15.0,7.376179
98,14,0.175967,16.0,7.631776
98,14,0.186964,17.0,7.887374
98,14,0.197962,18.0,8.142971
98,14,0.20896,19.0,9.101989
98,14,0.219958,20.0,10.874028
98,14,0.230956,21.0,12.646067
98,14,0.241954,22.0,14.418106
98,14,0.252952,23.0,16.034437
98,14,0.26395,24.0,16.970718
98,14,0.274948,25.0,17.907
98,14,0.285946,26.0,18.843282
98,14,0.296944,27.0,19.779563
98,14,0.307941,28.0,20.715845
98,14,0.318939,29.0,21.652127
98,14,0.329937,30.0,22.588409
98,14,0.340935,31.0,23.52469
98,14,0.351933,32.0,24.46095
98,14,0.362931,33.0,25.397232
98,14,0.373929,34.0,26.333514
98,14,0.384927,35.0,27.269796
98,14,0.395925,36.0,28.206077
98,14,0.406923,37.0,29.142359
98,14,0.417921,38.0,32.52027
98,14,0.428918,39.0,36.08831
98,14,0.439916,40.0,39.65635
98,14,0.450914,41.0,43.22439
98,14,0.461912,42.0,46.79243
98,14,0.47291,43.0,49.844629
98,14,0.483908,44.0,51.113314
98,14,0.494906,45.0,52.382028
98,14,0.505904,46.0,53.650743
98,14,0.516902,47.0,54.919457
98,14,0.5279,48.0,56.188171
98,14,0.538898,49.0,57.456886
98,14,0.549895,50.0,58.7256
98,14,0.560893,51.0,59.994314
98,14,0.571891,52.0,61.263029
98,14,0.582889,53.0,62.531743
98,14,0.593887,54.0,63.800457
98,14,0.604885,55.0,65.069172
98,14,0.615883,56.0,66.337886
98,14,0.626881,57.0,67.606571
98,14,0.637879,58.0,64.65699
98,14,0.648877,59.0,61.557896
98,14,0.659875,60.0,58.458801
98,14,0.670873,61.0,55.359707
98,14,0.68187,62.0,52.260613
98,14,0.692868,63.0,49.345946
98,14,0.703866,64.0,47.349218
98,14,0.714864,65.0,45.352491
98,14,0.725862,66.0,43.355763
98,14,0.73686,67.0,41.359036
98,14,0.747858,68.0,39.362309
98,14,0.758856,69.0,37.365628
98,14,0.769854,70.0,35.3689
98,14,0.780852,71.0,33.372173
98,14,0.79185,72.0,31.375445
98,14,0.802847,73.0,29.378718
98,14,0.813845,74.0,27.381991
98,14,0.824843,75.0,25.385263
98,14,0.835841,76.0,23.388536
98,14,0.846839,77.0,21.391808
98,14,0.857837,78.0,19.218333
98,14,0.868835,79.0,16.975656
98,14,0.879833,80.0,14.732979
98,14,0.890831,81.0,12.490302
98,14,0.901829,82.0,11.274717
98,14,0.912827,83.0,10.947764
98,14,0.923824,84.0,10.620811
98,14,0.934822,85.0,10.293858
98,14,0.94582,86.0,9.966905
98,14,0.956818,87.0,9.639951
98,14,0.967816,88.0,9.312998
98,14,0.978814,89.0,8.986045
98,14,0.989812,90.0,8.659092
98,14,1.00081,91.0,8.332139
98,14,1.011808,92.0,8.005186
98,14,1.022806,93.0,7.678233
98,14,1.033804,94.0,7.351287
98,14,1.044801,95.0,7.262353
98,14,1.055799,96.0,7.671883
98,14,1.066797,97.0,8.081412
98,14,1.077795,98.0,8.490941
98,14,1.088793,99.0,8.900471
98,14,1.099791,100.0,9.31
99,2,0.0,0.0,2.05
99,2,0.010998,1.0,2.041086
99,2,0.021996,2.0,2.032172
99,2,0.032994,3.0,2.023257
99,2,0.043992,4.0,2.014343
99,2,0.05499,5.0,2.005429
99,2,0.065987,6.0,1.996514
99,2,0.076985,7.0,1.9876
99,2,0.087983,8.0,1.978686
99,2,0.098981,9.0,2.004272
99,2,0.109979,10.0,3.340667
99,2,0.120977,11.0,4.677061
99,2,0.131975,12.0,6.013456
99,2,0.142973,13.0,7.167228
99,2,0.153971,14.0,7.486051
99,2,0.164969,15.0,7.804875
99,2,0.175967,16.0,8.123699
99,2,0.186964,17.0,8.442522
99,2,0.197962,18.0,8.761353
99,2,0.20896,19.0,9.080176
99,2,0.219958,20.0,9.399
99,2,0.230956,21.0,9.717824
99,2,0.241954,22.0,10.036647
99,2,0.252952,23.0,10.355478
99,2,0.26395,24.0,10.939203
99,2,0.274948,25.0,11.545
99,2,0.285946,26.0,12.150797
99,2,0.296944,27.0,12.756595
99,2,0.307941,28.0,13.362405
99,2,0.318939,29.0,13.968203
99,2,0.329937,30.0,14.574
99,2,0.340935,31.0,15.345094
99,2,0.351933,32.0,16.667189
99,2,0.362931,33.0,17.989311
99,2,0.373929,34.0,19.311406
99,2,0.384927,35.0,20.6335
99,2,0.395925,36.0,21.955594
99,2,0.406923,37.0,23.277689
99,2,0.417921,38.0,24.599811
99,2,0.428918,39.0,25.921906
99,2,0.439916,40.0,27.244
99,2,0.450914,41.0,28.566094
99,2,0.461912,42.0,31.817622
99,2,0.47291,43.0,35.120003
99,2,0.483908,44.0,38.422314
99,2,0.494906,45.0,41.724625
99,2,0.505904,46.0,45.026936
99,2,0.516902,47.0,48.329247
99,2,0.5279,48.0,51.631628
99,2,0.538898,49.0,54.933939
99,2,0.549895,50.0,58.23625
99,2,0.560893,51.0,61.538561
99,2,0.571891,52.0,62.581999
99,2,0.582889,53.0,62.738001
99,2,0.593887,54.0,62.894001
99,2,0.604885,55.0,63.05
99,2,0.615883,56.0,63.205999
99,2,0.626881,57.0,63.361999
99,2,0.637879,58.0,63.518001
99,2,0.648877,59.0,63.674001
99,2,0.659875,60.0,63.83
99,2,0.670873,61.0,62.285159
99,2,0.68187,62.0,60.153818
99,2,0.692868,63.0,58.022432
99,2,0.703866,64.0,55.891091
99,2,0.714864,65.0,53.75975
99,2,0.725862,66.0,51.628409
99,2,0.73686,67.0,49.497068
99,2,0.747858,68.0,47.365682
99,2,0.758856,69.0,45.234341
99,2,0.769854,70.0,43.103
99,2,0.780852,71.0,40.03465
99,2,0.79185,72.0,35.979967
99,2,0.802847,73.0,31.925199
99,2,0.813845,74.0,27.870516
99,2,0.824843,75.0,23.815833
99,2,0.835841,76.0,19.76115
99,2,0.846839,77.0,15.706467
99,2,0.857837,78.0,11.651699
99,2,0.868835,79.0,10.264064
99,2,0.879833,80.0,9.564667
99,2,0.890831,81.0,8.86527
99,2,0.901829,82.0,8.165873
99,2,0.912827,83.0,7.934638
99,2,0.923824,84.0,7.728719
99,2,0.934822,85.0,7.5228
99,2,0.94582,86.0,7.316881
99,2,0.956818,87.0,7.110962
99,2,0.967816,88.0,6.905038
99,2,0.978814,89.0,6.699119
99,2,0.989812,90.0,6.4932
99,2,1.00081,91.0,6.287281
99,2,1.011808,92.0,6.081362
99,2,1.022806,93.0,5.875438
99,2,1.033804,94.0,5.669519
99,2,1.044801,95.0,5.4715
99,2,1.055799,96.0,5.327201
99,2,1.066797,97.0,5.182901
99,2,1.077795,98.0,5.038599
99,2,1.088793,99.0,4.894299
99,2,1.099791,100.0,4.75
99,3,0.0,0.0,4.75
99,3,0.010998,1.0,5.030089
99,3,0.021996,2.0,5.310177
99,3,0.032994,3.0,5.59026
99,3,0.043992,4.0,5.870349
99,3,0.05499,5.0,6.150437
99,3,0.065987,6.0,6.430526
99,3,0.076985,7.0,6.710615
99,3,0.087983,8.0,6.990698
99,3,0.098981,9.0,7.270786
99,3,0.109979,10.0,7.550875
99,3,0.120977,11.0,7.755763
99,3,0.131975,12.0,7.912651
99,3,0.142973,13.0,8.069536
99,3,0.153971,14.0,8.226424
99,3,0.164969,15.0,8.383312
99,3,0.175967,16.0,8.540201
99,3,0.186964,17.0,8.697089
99,3,0.197962,18.0,8.853974
99,3,0.20896,19.0,9.010862
99,3,0.219958,20.0,9.16775
99,3,0.230956,21.0,9.514647
99,3,0.241954,22.0,10.532151
99,3,0.252952,23.0,11.549634
99,3,0.26395,24.0,12.567139
99,3,0.274948,25.0,13.584643
99,3,0.285946,26.0,14.602147
99,3,0.296944,27.0,15.619651
99,3,0.307941,28.0,16.637134
99,3,0.318939,29.0,17.654639
99,3,0.329937,30.0,19.138667
99,3,0.340935,31.0,23.748419
99,3,0.351933,32.0,28.358172
99,3,0.362931,33.0,32.967828
99,3,0.373929,34.0,37.041565
99,3,0.384927,35.0,39.358312
99,3,0.395925,36.0,41.67506
99,3,0.406923,37.0,43.991807
99,3,0.417921,38.0,46.308505
99,3,0.428918,39.0,48.625253
99,3,0.439916,40.0,50.942
99,3,0.450914,41.0,53.258747
99,3,0.461912,42.0,55.575495
99,3,0.47291,43.0,57.892193
99,3,0.483908,44.0,60.20894
99,3,0.494906,45.0,60.708667
99,3,0.505904,46.0,60.872934
99,3,0.516902,47.0,61.037201
99,3,0.5279,48.0,61.201465
99,3,0.538898,49.0,61.365733
99,3,0.549895,50.0,61.53
99,3,0.560893,51.0,61.694267
99,3,0.571891,52.0,61.750984
99,3,0.582889,53.0,59.845266
99,3,0.593887,54.0,57.939508
99,3,0.604885,55.0,56.03375
99,3,0.615883,56.0,54.127992
99,3,0.626881,57.0,52.222234
99,3,0.637879,58.0,50.316516
99,3,0.648877,59.0,48.410758
99,3,0.659875,60.0,46.505
99,3,0.670873,61.0,44.599242
99,3,0.68187,62.0,42.693484
99,3,0.692868,63.0,40.125625
99,3,0.703866,64.0,37.220146
99,3,0.714864,65.0,34.314667
99,3,0.725862,66.0,31.409188
99,3,0.73686,67.0,28.503709
99,3,0.747858,68.0,25.598291
99,3,0.758856,69.0,22.692812
99,3,0.769854,70.0,19.787333
99,3,0.780852,71.0,18.744463
99,3,0.79185,72.0,17.979594
99,3,0.802847,73.0,17.21474
99,3,0.813845,74.0,16.44987
99,3,0.824843,75.0,15.685
99,3,0.835841,76.0,14.92013
99,3,0.846839,77.0,14.15526
99,3,0.857837,78.0,13.390406
99,3,0.868835,79.0,12.625537
99,3,0.879833,80.0,11.860667
99,3,0.890831,81.0,11.095797
99,3,0.901829,82.0,10.47896
99,3,0.912827,83.0,10.52824
99,3,0.923824,84.0,10.57752
99,3,0.934822,85.0,10.6268
99,3,0.94582,86.0,10.67608
99,3,0.956818,87.0,10.72536
99,3,0.967816,88.0,10.77464
99,3,0.978814,89.0,10.696956
99,3,0.989812,90.0,10.561778
99,3,1.00081,91.0,10.426599
99,3,1.011808,92.0,10.291421
99,3,1.022806,93.0,10.156246
99,3,1.033804,94.0,10.021067
99,3,1.044801,95.0,9.885889
99,3,1.055799,96.0,9.750711
99,3,1.066797,97.0,9.615532
99,3,1.077795,98.0,9.480357
99,3,1.088793,99.0,9.345178
99,3,1.099791,100.0,9.21
99,4,0.0,0.0,9.21
99,4,0.010998,1.0,10.312295
99,4,0.021996,2.0,11.41459
99,4,0.032994,3.0,12.51691
99,4,0.043992,4.0,13.619205
99,4,0.05499,5.0,14.050375
99,4,0.065987,6.0,14.398948
99,4,0.076985,7.0,14.747522
99,4,0.087983,8.0,15.096103
99,4,0.098981,9.0,15.444677
99,4,0.109979,10.0,15.79325
99,4,0.120977,11.0,16.141823
99,4,0.131975,12.0,16.490397
99,4,0.142973,13.0,16.838978
99,4,0.153971,14.0,17.187552
99,4,0.164969,15.0,17.536125
99,4,0.175967,16.0,18.621467
99,4,0.186964,17.0,19.760984
99,4,0.197962,18.0,20.900527
99,4,0.20896,19.0,22.040044
99,4,0.219958,20.0,23.17956
99,4,0.230956,21.0,24.319077
99,4,0.241954,22.0,25.458594
99,4,0.252952,23.0,26.598137
99,4,0.26395,24.0,28.115722
99,4,0.274948,25.0,29.864034
99,4,0.285946,26.0,31.612345
99,4,0.296944,27.0,33.360657
99,4,0.307941,28.0,35.109007
99,4,0.318939,29.0,36.857319
99,4,0.329937,30.0,38.60563
99,4,0.340935,31.0,40.353942
99,4,0.351933,32.0,42.102253
99,4,0.362931,33.0,43.850604
99,4,0.373929,34.0,45.598915
99,4,0.384927,35.0,47.837438
99,4,0.395925,36.0,50.236389
99,4,0.406923,37.0,52.635341
99,4,0.417921,38.0,55.034346
99,4,0.428918,39.0,57.433298
99,4,0.439916,40.0,59.83225
99,4,0.450914,41.0,62.231202
99,4,0.461912,42.0,64.630154
99,4,0.47291,43.0,67.029159
99,4,0.483908,44.0,69.428111
99,4,0.494906,45.0,71.827062
99,4,0.505904,46.0,71.967031
99,4,0.516902,47.0,71.522775
99,4,0.5279,48.0,71.07851
99,4,0.538898,49.0,70.634255
99,4,0.549895,50.0,70.19
99,4,0.560893,51.0,69.745745
99,4,0.571891,52.0,69.30149
99,4,0.582889,53.0,68.857225
99,4,0.593887,54.0,68.412969
99,4,0.604885,55.0,66.7415
99,4,0.615883,56.0,60.324829
99,4,0.626881,57.0,53.908157
99,4,0.637879,58.0,47.491343
99,4,0.648877,59.0,41.477103
99,4,0.659875,60.0,39.257
99,4,0.670873,61.0,37.036897
99,4,0.68187,62.0,34.816795
99,4,0.692868,63.0,32.596643
99,4,0.703866,64.0,30.37654
99,4,0.714864,65.0,28.156437
99,4,0.725862,66.0,25.936335
99,4,0.73686,67.0,23.716232
99,4,0.747858,68.0,21.49608
99,4,0.758856,69.0,19.275978
99,4,0.769854,70.0,17.2265
99,4,0.780852,71.0,16.251954
99,4,0.79185,72.0,15.277409
99,4,0.802847,73.0,14.302841
99,4,0.813845,74.0,13.328296
99,4,0.824843,75.0,12.35375
99,4,0.835841,76.0,11.379204
99,4,0.846839,77.0,10.404659
99,4,0.857837,78.0,9.430091
99,4,0.868835,79.0,9.35
99,4,0.879833,80.0,9.35
99,4,0.890831,81.0,9.35
99,4,0.901829,82.0,9.35
99,4,0.912827,83.0,9.35
99,4,0.923824,84.0,9.35
99,4,0.934822,85.0,9.35
99,4,0.94582,86.0,9.35
99,4,0.956818,87.0,9.35
99,4,0.967816,88.0,9.35
99,4,0.978814,89.0,9.35
99,4,0.989812,90.0,9.0035
99,4,1.00081,91.0,8.642152
99,4,1.011808,92.0,8.280803
99,4,1.022806,93.0,7.919447
99,4,1.033804,94.0,7.558098
99,4,1.044801,95.0,7.19675
99,4,1.055799,96.0,6.835402
99,4,1.066797,97.0,6.474053
99,4,1.077795,98.0,6.112697
99,4,1.088793,99.0,5.751348
99,4,1.099791,100.0,5.39
99,5,0.0,0.0,5.39
99,5,0.010998,1.0,5.590113
99,5,0.021996,2.0,5.790227
99,5,0.032994,3.0,5.990345
99,5,0.043992,4.0,6.190458
99,5,0.05499,5.0,6.390571
99,5,0.065987,6.0,6.590685
99,5,0.076985,7.0,6.790798
99,5,0.087983,8.0,6.990916
99,5,0.098981,9.0,7.19103
99,5,0.109979,10.0,7.391143
99,5,0.120977,11.0,8.305994
99,5,0.131975,12.0,9.518655
99,5,0.142973,13.0,10.731345
99,5,0.153971,14.0,11.944006
99,5,0.164969,15.0,12.945636
99,5,0.175967,16.0,13.440798
99,5,0.186964,17.0,13.935959
99,5,0.197962,18.0,14.431132
99,5,0.20896,19.0,14.926293
99,5,0.219958,20.0,15.421455
99,5,0.230956,21.0,15.916616
99,5,0.241954,22.0,16.411777
99,5,0.252952,23.0,16.90695
99,5,0.26395,24.0,17.402111
99,5,0.274948,25.0,17.897273
99,5,0.285946,26.0,18.392434
99,5,0.296944,27.0,18.887595
99,5,0.307941,28.0,19.382768
99,5,0.318939,29.0,19.87793
99,5,0.329937,30.0,20.373091
99,5,0.340935,31.0,21.222383
99,5,0.351933,32.0,24.727766
99,5,0.362931,33.0,28.233234
99,5,0.373929,34.0,31.738617
99,5,0.384927,35.0,35.244
99,5,0.395925,36.0,38.749383
99,5,0.406923,37.0,41.981292
99,5,0.417921,38.0,44.324422
99,5,0.428918,39.0,46.667497
99,5,0.439916,40.0,49.010571
99,5,0.450914,41.0,51.353646
99,5,0.461912,42.0,53.69672
99,5,0.47291,43.0,56.039851
99,5,0.483908,44.0,58.382926
99,5,0.494906,45.0,60.726
99,5,0.505904,46.0,63.069074
99,5,0.516902,47.0,65.412149
99,5,0.5279,48.0,65.058262
99,5,0.538898,49.0,64.535797
99,5,0.549895,50.0,64.013333
99,5,0.560893,51.0,63.490869
99,5,0.571891,52.0,62.968405
99,5,0.582889,53.0,62.445928
99,5,0.593887,54.0,61.923464
99,5,0.604885,55.0,61.401
99,5,0.615883,56.0,60.712098
99,5,0.626881,57.0,58.774863
99,5,0.637879,58.0,56.837581
99,5,0.648877,59.0,54.900346
99,5,0.659875,60.0,52.963111
99,5,0.670873,61.0,51.025876
99,5,0.68187,62.0,49.088641
99,5,0.692868,63.0,47.151359
99,5,0.703866,64.0,45.214124
99,5,0.714864,65.0,43.276889
99,5,0.725862,66.0,41.339654
99,5,0.73686,67.0,39.402419
99,5,0.747858,68.0,37.465137
99,5,0.758856,69.0,35.527902
99,5,0.769854,70.0,32.978
99,5,0.780852,71.0,30.346413
99,5,0.79185,72.0,27.714825
99,5,0.802847,73.0,25.083175
99,5,0.813845,74.0,22.451587
99,5,0.824843,75.0,19.82
99,5,0.835841,76.0,17.188413
99,5,0.846839,77.0,14.556825
99,5,0.857837,78.0,11.925175
99,5,0.868835,79.0,9.293587
99,5,0.879833,80.0,8.26
99,5,0.890831,81.0,8.345
99,5,0.901829,82.0,8.429999
99,5,0.912827,83.0,8.515001
99,5,0.923824,84.0,8.6
99,5,0.934822,85.0,8.685
99,5,0.94582,86.0,8.77
99,5,0.956818,87.0,8.854999
99,5,0.967816,88.0,8.940001
99,5,0.978814,89.0,9.025
99,5,0.989812,90.0,9.11
99,5,1.00081,91.0,9.195
99,5,1.011808,92.0,9.128801
99,5,1.022806,93.0,9.030199
99,5,1.033804,94.0,8.9316
99,5,1.044801,95.0,8.833
99,5,1.055799,96.0,8.7344
99,5,1.066797,97.0,8.635801
99,5,1.077795,98.0,8.537199
99,5,1.088793,99.0,8.4386
99,5,1.099791,100.0,8.34
99,6,0.0,0.0,8.34
99,6,0.010998,1.0,8.708153
99,6,0.021996,2.0,9.076298
99,6,0.032994,3.0,9.444452
99,6,0.043992,4.0,9.812597
99,6,0.05499,5.0,10.18075
99,6,0.065987,6.0,10.496469
99,6,0.076985,7.0,10.776432
99,6,0.087983,8.0,11.056401
99,6,0.098981,9.0,11.336364
99,6,0.109979,10.0,11.616333
99,6,0.120977,11.0,11.896302
99,6,0.131975,12.0,12.176265
99,6,0.142973,13.0,12.456235
99,6,0.153971,14.0,12.916344
99,6,0.164969,15.0,13.566625
99,6,0.175967,16.0,14.216906
99,6,0.186964,17.0,14.867172
99,6,0.197962,18.0,15.517453
99,6,0.20896,19.0,16.167719
99,6,0.219958,20.0,16.818
99,6,0.230956,21.0,17.468281
99,6,0.241954,22.0,18.118547
99,6,0.252952,23.0,18.768828
99,6,0.26395,24.0,19.419094
99,6,0.274948,25.0,20.808333
99,6,0.285946,26.0,22.552282
99,6,0.296944,27.0,24.296192
99,6,0.307941,28.0,26.040141
99,6,0.318939,29.0,27.784051
99,6,0.329937,30.0,29.528
99,6,0.340935,31.0,31.271949
99,6,0.351933,32.0,33.015859
99,6,0.362931,33.0,34.759808
99,6,0.373929,34.0,36.503718
99,6,0.384927,35.0,38.247667
99,6,0.395925,36.0,39.991615
99,6,0.406923,37.0,42.650051
99,6,0.417921,38.0,46.174949
99,6,0.428918,39.0,49.699769
99,6,0.439916,40.0,53.224667
99,6,0.450914,41.0,56.749564
99,6,0.461912,42.0,60.274384
99,6,0.47291,43.0,63.799282
99,6,0.483908,44.0,67.324102
99,6,0.494906,45.0,69.392571
99,6,0.505904,46.0,69.324914
99,6,0.516902,47.0,69.257257
99,6,0.5279,48.0,69.1896
99,6,0.538898,49.0,69.121943
99,6,0.549895,50.0,69.054286
99,6,0.560893,51.0,68.986628
99,6,0.571891,52.0,68.918972
99,6,0.582889,53.0,68.851314
99,6,0.593887,54.0,68.783658
99,6,0.604885,55.0,66.250094
99,6,0.615883,56.0,63.575599
99,6,0.626881,57.0,60.901163
99,6,0.637879,58.0,58.226667
99,6,0.648877,59.0,55.552231
99,6,0.659875,60.0,52.877736
99,6,0.670873,61.0,50.203241
99,6,0.68187,62.0,47.528804
99,6,0.692868,63.0,44.854309
99,6,0.703866,64.0,40.706056
99,6,0.714864,65.0,34.313409
99,6,0.725862,66.0,27.920762
99,6,0.73686,67.0,21.528255
99,6,0.747858,68.0,17.571534
99,6,0.758856,69.0,16.811974
99,6,0.769854,70.0,16.052397
99,6,0.780852,71.0,15.29282
99,6,0.79185,72.0,14.53326
99,6,0.802847,73.0,13.773683
99,6,0.813845,74.0,13.014122
99,6,0.824843,75.0,12.254545
99,6,0.835841,76.0,11.494969
99,6,0.846839,77.0,10.735408
99,6,0.857837,78.0,9.975831
99,6,0.868835,79.0,9.705515
99,6,0.879833,80.0,9.866404
99,6,0.890831,81.0,10.027294
99,6,0.901829,82.0,10.188179
99,6,0.912827,83.0,10.349068
99,6,0.923824,84.0,10.509954
99,6,0.934822,85.0,10.670843
99,6,0.94582,86.0,10.831732
99,6,0.956818,87.0,10.8568
99,6,0.967816,88.0,10.7532
99,6,0.978814,89.0,10.649601
99,6,0.989812,90.0,10.546
99,6,1.00081,91.0,10.442399
99,6,1.011808,92.0,10.3388
99,6,1.022806,93.0,10.2352
99,6,1.033804,94.0,10.131601
99,6,1.044801,95.0,10.028
99,6,1.055799,96.0,9.924399
99,6,1.066797,97.0,9.8208
99,6,1.077795,98.0,9.7172
99,6,1.088793,99.0,9.613601
99,6,1.099791,100.0,9.51
99,7,0.0,0.0,9.51
99,7,0.010998,1.0,9.612028
99,7,0.021996,2.0,9.714057
99,7,0.032994,3.0,9.816085
99,7,0.043992,4.0,9.918113
99,7,0.05499,5.0,10.020142
99,7,0.065987,6.0,10.12217
99,7,0.076985,7.0,10.224198
99,7,0.087983,8.0,10.326226
99,7,0.098981,9.0,10.428255
99,7,0.109979,10.0,10.530283
99,7,0.120977,11.0,10.820537
99,7,0.131975,12.0,11.130604
99,7,0.142973,13.0,11.440671
99,7,0.153971,14.0,11.750738
99,7,0.164969,15.0,12.060805
99,7,0.175967,16.0,12.370872
99,7,0.186964,17.0,12.68094
99,7,0.197962,18.0,12.991007
99,7,0.20896,19.0,13.301074
99,7,0.219958,20.0,13.611141
99,7,0.230956,21.0,13.921208
99,7,0.241954,22.0,14.231275
99,7,0.252952,23.0,14.541342
99,7,0.26395,24.0,14.851409
99,7,0.274948,25.0,20.532187
99,7,0.285946,26.0,27.227079
99,7,0.296944,27.0,29.101742
99,7,0.307941,28.0,30.976404
99,7,0.318939,29.0,32.851067
99,7,0.329937,30.0,34.72573
99,7,0.340935,31.0,36.600393
99,7,0.351933,32.0,38.475056
99,7,0.362931,33.0,40.349719
99,7,0.373929,34.0,42.224382
99,7,0.384927,35.0,44.6125
99,7,0.395925,36.0,47.206
99,7,0.406923,37.0,49.7995
99,7,0.417921,38.0,52.393
99,7,0.428918,39.0,54.9865
99,7,0.439916,40.0,57.58
99,7,0.450914,41.0,60.1735
99,7,0.461912,42.0,62.767
99,7,0.47291,43.0,64.875375
99,7,0.483908,44.0,64.073
99,7,0.494906,45.0,63.270625
99,7,0.505904,46.0,62.46825
99,7,0.516902,47.0,61.665875
99,7,0.5279,48.0,60.8635
99,7,0.538898,49.0,60.061125
99,7,0.549895,50.0,59.25875
99,7,0.560893,51.0,58.456375
99,7,0.571891,52.0,57.654
99,7,0.582889,53.0,56.851625
99,7,0.593887,54.0,56.04925
99,7,0.604885,55.0,54.315037
99,7,0.615883,56.0,52.208088
99,7,0.626881,57.0,50.10114
99,7,0.637879,58.0,47.994191
99,7,0.648877,59.0,45.887243
99,7,0.659875,60.0,43.780294
99,7,0.670873,61.0,41.673346
99,7,0.68187,62.0,39.566397
99,7,0.692868,63.0,37.459449
99,7,0.703866,64.0,35.3525
99,7,0.714864,65.0,33.245551
99,7,0.725862,66.0,31.138603
99,7,0.73686,67.0,29.031654
99,7,0.747858,68.0,26.921351
99,7,0.758856,69.0,24.81
99,7,0.769854,70.0,22.698649
99,7,0.780852,71.0,20.587297
99,7,0.79185,72.0,18.475946
99,7,0.802847,73.0,16.364595
99,7,0.813845,74.0,14.253243
99,7,0.824843,75.0,13.159091
99,7,0.835841,76.0,12.471818
99,7,0.846839,77.0,11.784545
99,7,0.857837,78.0,11.097273
99,7,0.868835,79.0,10.41
99,7,0.879833,80.0,9.722727
99,7,0.890831,81.0,9.035455
99,7,0.901829,82.0,8.348182
99,7,0.912827,83.0,7.660909
99,7,0.923824,84.0,6.973636
99,7,0.934822,85.0,6.286364
99,7,0.94582,86.0,5.687115
99,7,0.956818,87.0,5.461971
99,7,0.967816,88.0,5.236827
99,7,0.978814,89.0,5.011683
99,7,0.989812,90.0,4.786538
99,7,1.00081,91.0,4.561394
99,7,1.011808,92.0,4.33625
99,7,1.022806,93.0,4.111106
99,7,1.033804,94.0,3.885962
99,7,1.044801,95.0,3.660817
99,7,1.055799,96.0,3.546
99,7,1.066797,97.0,3.707
99,7,1.077795,98.0,3.868
99,7,1.088793,99.0,4.029
99,7,1.099791,100.0,4.19
99,8,0.0,0.0,4.19
99,8,0.010998,1.0,4.433532
99,8,0.021996,2.0,4.677065
99,8,0.032994,3.0,4.920602
99,8,0.043992,4.0,5.164134
99,8,0.05499,5.0,5.407667
99,8,0.065987,6.0,5.651199
99,8,0.076985,7.0,5.894731
99,8,0.087983,8.0,6.138269
99,8,0.098981,9.0,6.381801
99,8,0.109979,10.0,6.625333
99,8,0.120977,11.0,6.868866
99,8,0.131975,12.0,7.311034
99,8,0.142973,13.0,7.984966
99,8,0.153971,14.0,8.658883
99,8,0.164969,15.0,9.3328
99,8,0.175967,16.0,10.006717
99,8,0.186964,17.0,10.680634
99,8,0.197962,18.0,11.357384
99,8,0.20896,19.0,12.086247
99,8,0.219958,20.0,12.815111
99,8,0.230956,21.0,13.543975
99,8,0.241954,22.0,14.272838
99,8,0.252952,23.0,15.001717
99,8,0.26395,24.0,15.730581
99,8,0.274948,25.0,16.459444
99,8,0.285946,26.0,17.188308
99,8,0.296944,27.0,17.917172
99,8,0.307941,28.0,18.646051
99,8,0.318939,29.0,19.374914
99,8,0.329937,30.0,21.09
99,8,0.340935,31.0,23.741989
99,8,0.351933,32.0,26.393978
99,8,0.362931,33.0,29.046022
99,8,0.373929,34.0,31.698011
99,8,0.384927,35.0,34.35
99,8,0.395925,36.0,37.001989
99,8,0.406923,37.0,39.653978
99,8,0.417921,38.0,42.306022
99,8,0.428918,39.0,44.906411
99,8,0.439916,40.0,47.462571
99,8,0.450914,41.0,50.018732
99,8,0.461912,42.0,52.574893
99,8,0.47291,43.0,55.131107
99,8,0.483908,44.0,57.687268
99,8,0.494906,45.0,60.243429
99,8,0.505904,46.0,62.799589
99,8,0.516902,47.0,65.35575
99,8,0.5279,48.0,66.319141
99,8,0.538898,49.0,66.051713
99,8,0.549895,50.0,65.784286
99,8,0.560893,51.0,65.516858
99,8,0.571891,52.0,65.249431
99,8,0.582889,53.0,64.981998
99,8,0.593887,54.0,64.71457
99,8,0.604885,55.0,64.447143
99,8,0.615883,56.0,64.179715
99,8,0.626881,57.0,61.655034
99,8,0.637879,58.0,57.559966
99,8,0.648877,59.0,53.464983
99,8,0.659875,60.0,49.37
99,8,0.670873,61.0,45.275017
99,8,0.68187,62.0,42.038362
99,8,0.692868,63.0,39.803067
99,8,0.703866,64.0,37.567819
99,8,0.714864,65.0,35.332571
99,8,0.725862,66.0,33.097324
99,8,0.73686,67.0,30.862076
99,8,0.747858,68.0,28.626781
99,8,0.758856,69.0,26.391534
99,8,0.769854,70.0,24.156286
99,8,0.780852,71.0,22.442719
99,8,0.79185,72.0,21.278295
99,8,0.802847,73.0,20.113847
99,8,0.813845,74.0,18.949424
99,8,0.824843,75.0,17.785
99,8,0.835841,76.0,16.620576
99,8,0.846839,77.0,15.456153
99,8,0.857837,78.0,14.291705
99,8,0.868835,79.0,13.127281
99,8,0.879833,80.0,12.266667
99,8,0.890831,81.0,11.694669
99,8,0.901829,82.0,11.122671
99,8,0.912827,83.0,10.550662
99,8,0.923824,84.0,9.978664
99,8,0.934822,85.0,9.406667
99,8,0.94582,86.0,8.834669
99,8,0.956818,87.0,8.262671
99,8,0.967816,88.0,7.690662
99,8,0.978814,89.0,7.118664
99,8,0.989812,90.0,6.546667
99,8,1.00081,91.0,5.974669
99,8,1.011808,92.0,5.865544
99,8,1.022806,93.0,5.768599
99,8,1.033804,94.0,5.671657
99,8,1.044801,95.0,5.574714
99,8,1.055799,96.0,5.477772
99,8,1.066797,97.0,5.380829
99,8,1.077795,98.0,5.283885
99,8,1.088793,99.0,5.186942
99,8,1.099791,100.0,5.09
99,9,0.0,0.0,5.09
99,9,0.010998,1.0,6.452595
99,9,0.021996,2.0,7.815154
99,9,0.032994,3.0,9.177749
99,9,0.043992,4.0,9.628974
99,9,0.05499,5.0,9.809268
99,9,0.065987,6.0,9.989563
99,9,0.076985,7.0,10.169853
99,9,0.087983,8.0,10.350147
99,9,0.098981,9.0,10.530437
99,9,0.109979,10.0,10.710732
99,9,0.120977,11.0,10.891026
99,9,0.131975,12.0,11.071316
99,9,0.142973,13.0,11.251611
99,9,0.153971,14.0,11.431901
99,9,0.164969,15.0,11.612195
99,9,0.175967,16.0,11.79249
99,9,0.186964,17.0,11.97278
99,9,0.197962,18.0,12.153074
99,9,0.20896,19.0,12.333364
99,9,0.219958,20.0,12.513659
99,9,0.230956,21.0,13.945754
99,9,0.241954,22.0,15.94679
99,9,0.252952,23.0,17.947877
99,9,0.26395,24.0,19.948913
99,9,0.274948,25.0,21.95
99,9,0.285946,26.0,23.554016
99,9,0.296944,27.0,25.157992
99,9,0.307941,28.0,26.762008
99,9,0.318939,29.0,28.365984
99,9,0.329937,30.0,29.97
99,9,0.340935,31.0,31.574016
99,9,0.351933,32.0,33.177992
99,9,0.362931,33.0,34.782008
99,9,0.373929,34.0,36.385984
99,9,0.384927,35.0,37.99
99,9,0.395925,36.0,39.594016
99,9,0.406923,37.0,41.197992
99,9,0.417921,38.0,43.149345
99,9,0.428918,39.0,45.447977
99,9,0.439916,40.0,47.746667
99,9,0.450914,41.0,50.045357
99,9,0.461912,42.0,52.343988
99,9,0.47291,43.0,54.642678
99,9,0.483908,44.0,56.94131
99,9,0.494906,45.0,59.24
99,9,0.505904,46.0,61.53869
99,9,0.516902,47.0,63.506202
99,9,0.5279,48.0,63.155798
99,9,0.538898,49.0,62.805404
99,9,0.549895,50.0,62.455
99,9,0.560893,51.0,62.104596
99,9,0.571891,52.0,61.754202
99,9,0.582889,53.0,61.403798
99,9,0.593887,54.0,61.053404
99,9,0.604885,55.0,60.703
99,9,0.615883,56.0,60.352596
99,9,0.626881,57.0,60.002202
99,9,0.637879,58.0,59.651798
99,9,0.648877,59.0,59.301404
99,9,0.659875,60.0,57.856
99,9,0.670873,61.0,55.753579
99,9,0.68187,62.0,53.651211
99,9,0.692868,63.0,51.548789
99,9,0.703866,64.0,49.446421
99,9,0.714864,65.0,47.344
99,9,0.725862,66.0,45.241579
99,9,0.73686,67.0,43.139211
99,9,0.747858,68.0,41.036789
99,9,0.758856,69.0,38.934421
99,9,0.769854,70.0,36.832
99,9,0.780852,71.0,34.729579
99,9,0.79185,72.0,32.585327
99,9,0.802847,73.0,30.147816
99,9,0.813845,74.0,27.710368
99,9,0.824843,75.0,25.272857
99,9,0.835841,76.0,22.835347
99,9,0.846839,77.0,20.397898
99,9,0.857837,78.0,17.960388
99,9,0.868835,79.0,15.522939
99,9,0.879833,80.0,13.085429
99,9,0.890831,81.0,10.647918
99,9,0.901829,82.0,8.21047
99,9,0.912827,83.0,6.325203
99,9,0.923824,84.0,6.832928
99,9,0.934822,85.0,7.340667
99,9,0.94582,86.0,7.848405
99,9,0.956818,87.0,8.356131
99,9,0.967816,88.0,8.524399
99,9,0.978814,89.0,8.353202
99,9,0.989812,90.0,8.182
99,9,1.00081,91.0,8.010798
99,9,1.011808,92.0,7.839601
99,9,1.022806,93.0,7.668399
99,9,1.033804,94.0,7.497202
99,9,1.044801,95.0,7.326
99,9,1.055799,96.0,7.154798
99,9,1.066797,97.0,6.983601
99,9,1.077795,98.0,6.812399
99,9,1.088793,99.0,6.641202
99,9,1.099791,100.0,6.47
99,10,0.0,0.0,6.47
99,10,0.010998,1.0,6.369846
99,10,0.021996,2.0,6.269691
99,10,0.032994,3.0,6.169537
99,10,0.043992,4.0,6.069383
99,10,0.05499,5.0,5.969227
99,10,0.065987,6.0,5.869074
99,10,0.076985,7.0,5.768918
99,10,0.087983,8.0,5.715439
99,10,0.098981,9.0,6.031333
99,10,0.109979,10.0,6.347234
99,10,0.120977,11.0,6.663128
99,10,0.131975,12.0,6.979023
99,10,0.142973,13.0,7.294924
99,10,0.153971,14.0,7.610818
99,10,0.164969,15.0,7.926712
99,10,0.175967,16.0,8.242613
99,10,0.186964,17.0,8.558507
99,10,0.197962,18.0,8.874402
99,10,0.20896,19.0,9.132406
99,10,0.219958,20.0,9.334208
99,10,0.230956,21.0,9.536015
99,10,0.241954,22.0,9.737817
99,10,0.252952,23.0,9.939619
99,10,0.26395,24.0,10.141425
99,10,0.274948,25.0,10.343228
99,10,0.285946,26.0,10.54503
99,10,0.296944,27.0,10.746836
99,10,0.307941,28.0,10.948638
99,10,0.318939,29.0,11.150441
99,10,0.329937,30.0,11.352247
99,10,0.340935,31.0,12.490681
99,10,0.351933,32.0,13.919486
99,10,0.362931,33.0,15.34826
99,10,0.373929,34.0,16.777035
99,10,0.384927,35.0,18.20584
99,10,0.395925,36.0,19.634615
99,10,0.406923,37.0,21.063389
99,10,0.417921,38.0,22.492194
99,10,0.428918,39.0,25.394889
99,10,0.439916,40.0,28.507078
99,10,0.450914,41.0,31.619334
99,10,0.461912,42.0,34.731523
99,10,0.47291,43.0,37.843713
99,10,0.483908,44.0,40.955969
99,10,0.494906,45.0,44.068158
99,10,0.505904,46.0,47.180414
99,10,0.516902,47.0,50.292603
99,10,0.5279,48.0,52.280231
99,10,0.538898,49.0,53.721714
99,10,0.549895,50.0,55.163167
99,10,0.560893,51.0,56.604619
99,10,0.571891,52.0,58.046102
99,10,0.582889,53.0,59.487554
99,10,0.593887,54.0,60.929006
99,10,0.604885,55.0,62.37049
99,10,0.615883,56.0,63.811942
99,10,0.626881,57.0,65.253425
99,10,0.637879,58.0,65.87547
99,10,0.648877,59.0,62.06456
99,10,0.659875,60.0,58.253567
99,10,0.670873,61.0,54.442657
99,10,0.68187,62.0,50.827645
99,10,0.692868,63.0,47.940332
99,10,0.703866,64.0,45.053081
99,10,0.714864,65.0,42.165829
99,10,0.725862,66.0,39.278517
99,10,0.73686,67.0,36.391266
99,10,0.747858,68.0,33.504014
99,10,0.758856,69.0,30.616702
99,10,0.769854,70.0,27.72945
99,10,0.780852,71.0,24.85713
99,10,0.79185,72.0,23.523438
99,10,0.802847,73.0,22.189746
99,10,0.813845,74.0,20.856025
99,10,0.824843,75.0,19.522333
99,10,0.835841,76.0,18.188641
99,10,0.846839,77.0,16.854921
99,10,0.857837,78.0,15.521229
99,10,0.868835,79.0,14.340387
99,10,0.879833,80.0,14.261466
99,10,0.890831,81.0,14.182548
99,10,0.901829,82.0,14.103628
99,10,0.912827,83.0,14.024709
99,10,0.923824,84.0,13.94579
99,10,0.934822,85.0,13.86687
99,10,0.94582,86.0,13.787952
99,10,0.956818,87.0,13.709033
99,10,0.967816,88.0,13.630113
99,10,0.978814,89.0,13.551194
99,10,0.989812,90.0,12.766713
99,10,1.00081,91.0,11.521026
99,10,1.011808,92.0,10.275365
99,10,1.022806,93.0,9.029705
99,10,1.033804,94.0,7.784017
99,10,1.044801,95.0,6.538357
99,10,1.055799,96.0,5.292669
99,10,1.066797,97.0,4.047009
99,10,1.077795,98.0,2.801348
99,10,1.088793,99.0,1.555661
99,10,1.099791,100.0,0.31
99,11,0.0,0.0,0.31
99,11,0.010998,1.0,0.656719
99,11,0.021996,2.0,1.003428
99,11,0.032994,3.0,1.350147
99,11,0.043992,4.0,1.696865
99,11,0.05499,5.0,2.043575
99,11,0.065987,6.0,2.390294
99,11,0.076985,7.0,2.737003
99,11,0.087983,8.0,3.083722
99,11,0.098981,9.0,3.430441
99,11,0.109979,10.0,3.77715
99,11,0.120977,11.0,4.239197
99,11,0.131975,12.0,5.328204
99,11,0.142973,13.0,6.417184
99,11,0.153971,14.0,7.506192
99,11,0.164969,15.0,8.5952
99,11,0.175967,16.0,9.483026
99,11,0.186964,17.0,10.137549
99,11,0.197962,18.0,10.792073
99,11,0.20896,19.0,11.44658
99,11,0.219958,20.0,12.101103
99,11,0.230956,21.0,12.75561
99,11,0.241954,22.0,13.410134
99,11,0.252952,23.0,14.064657
99,11,0.26395,24.0,14.719164
99,11,0.274948,25.0,15.373688
99,11,0.285946,26.0,16.028211
99,11,0.296944,27.0,16.682718
99,11,0.307941,28.0,17.337241
99,11,0.318939,29.0,18.575571
99,11,0.329937,30.0,19.844627
99,11,0.340935,31.0,21.113715
99,11,0.351933,32.0,22.382771
99,11,0.362931,33.0,23.651859
99,11,0.373929,34.0,24.920948
99,11,0.384927,35.0,26.190004
99,11,0.395925,36.0,27.459092
99,11,0.406923,37.0,28.72818
99,11,0.417921,38.0,30.250659
99,11,0.428918,39.0,31.968156
99,11,0.439916,40.0,33.685654
99,11,0.450914,41.0,35.403108
99,11,0.461912,42.0,37.120605
99,11,0.47291,43.0,38.838103
99,11,0.483908,44.0,40.555557
99,11,0.494906,45.0,42.273054
99,11,0.505904,46.0,43.990508
99,11,0.516902,47.0,45.708006
99,11,0.5279,48.0,47.425503
99,11,0.538898,49.0,49.142957
99,11,0.549895,50.0,50.860455
99,11,0.560893,51.0,51.81776
99,11,0.571891,52.0,52.733227
99,11,0.582889,53.0,53.648718
99,11,0.593887,54.0,54.564209
99,11,0.604885,55.0,55.479676
99,11,0.615883,56.0,56.395167
99,11,0.626881,57.0,57.310634
99,11,0.637879,58.0,58.226125
99,11,0.648877,59.0,59.141616
99,11,0.659875,60.0,60.057083
99,11,0.670873,61.0,60.972574
99,11,0.68187,62.0,61.888065
99,11,0.692868,63.0,61.175571
99,11,0.703866,64.0,59.071232
99,11,0.714864,65.0,56.966893
99,11,0.725862,66.0,54.862607
99,11,0.73686,67.0,52.758268
99,11,0.747858,68.0,50.653929
99,11,0.758856,69.0,48.549643
99,11,0.769854,70.0,46.445304
99,11,0.780852,71.0,44.341018
99,11,0.79185,72.0,42.236679
99,11,0.802847,73.0,40.132339
99,11,0.813845,74.0,37.658812
99,11,0.824843,75.0,34.928833
99,11,0.835841,76.0,32.198855
99,11,0.846839,77.0,29.468946
99,11,0.857837,78.0,26.738968
99,11,0.868835,79.0,24.008989
99,11,0.879833,80.0,21.279081
99,11,0.890831,81.0,18.549102
99,11,0.901829,82.0,15.819193
99,11,0.912827,83.0,13.089215
99,11,0.923824,84.0,10.359237
99,11,0.934822,85.0,9.413971
99,11,0.94582,86.0,9.466945
99,11,0.956818,87.0,9.519919
99,11,0.967816,88.0,9.572891
99,11,0.978814,89.0,9.625865
99,11,0.989812,90.0,9.678839
99,11,1.00081,91.0,9.731811
99,11,1.011808,92.0,9.784785
99,11,1.022806,93.0,9.837759
99,11,1.033804,94.0,9.890731
99,11,1.044801,95.0,9.943705
99,11,1.055799,96.0,10.232973
99,11,1.066797,97.0,10.627233
99,11,1.077795,98.0,11.021492
99,11,1.088793,99.0,11.415741
99,11,1.099791,100.0,11.81
99,12,0.0,0.0,11.81
99,12,0.010998,1.0,12.123085
99,12,0.021996,2.0,12.43617
99,12,0.032994,3.0,12.749248
99,12,0.043992,4.0,13.062333
99,12,0.05499,5.0,13.375418
99,12,0.065987,6.0,13.688503
99,12,0.076985,7.0,14.001581
99,12,0.087983,8.0,14.314666
99,12,0.098981,9.0,14.627751
99,12,0.109979,10.0,14.940836
99,12,0.120977,11.0,14.795083
99,12,0.131975,12.0,14.367361
99,12,0.142973,13.0,13.939639
99,12,0.153971,14.0,13.511917
99,12,0.164969,15.0,13.084204
99,12,0.175967,16.0,12.656481
99,12,0.186964,17.0,12.228759
99,12,0.197962,18.0,11.801037
99,12,0.20896,19.0,12.016807
99,12,0.219958,20.0,12.360742
99,12,0.230956,21.0,12.704678
99,12,0.241954,22.0,13.048614
99,12,0.252952,23.0,13.392542
99,12,0.26395,24.0,13.736478
99,12,0.274948,25.0,14.080413
99,12,0.285946,26.0,14.424349
99,12,0.296944,27.0,14.768284
99,12,0.307941,28.0,15.112213
99,12,0.318939,29.0,15.622369
99,12,0.329937,30.0,16.419496
99,12,0.340935,31.0,17.216622
99,12,0.351933,32.0,18.013732
99,12,0.362931,33.0,18.810858
99,12,0.373929,34.0,19.607985
99,12,0.384927,35.0,20.405111
99,12,0.395925,36.0,21.202221
99,12,0.406923,37.0,21.999347
99,12,0.417921,38.0,22.796474
99,12,0.428918,39.0,23.5936
99,12,0.439916,40.0,24.39071
99,12,0.450914,41.0,27.334646
99,12,0.461912,42.0,30.901566
99,12,0.47291,43.0,34.468486
99,12,0.483908,44.0,38.035331
99,12,0.494906,45.0,41.602252
99,12,0.505904,46.0,45.169172
99,12,0.516902,47.0,48.736092
99,12,0.5279,48.0,52.302937
99,12,0.538898,49.0,54.24012
99,12,0.549895,50.0,56.16019
99,12,0.560893,51.0,58.080261
99,12,0.571891,52.0,60.000332
99,12,0.582889,53.0,61.920362
99,12,0.593887,54.0,63.840433
99,12,0.604885,55.0,65.760503
99,12,0.615883,56.0,67.680574
99,12,0.626881,57.0,69.600604
99,12,0.637879,58.0,67.519818
99,12,0.648877,59.0,65.026698
99,12,0.659875,60.0,62.533579
99,12,0.670873,61.0,60.040512
99,12,0.68187,62.0,57.547393
99,12,0.692868,63.0,54.219507
99,12,0.703866,64.0,50.560939
99,12,0.714864,65.0,46.902448
99,12,0.725862,66.0,43.24388
99,12,0.73686,67.0,39.585313
99,12,0.747858,68.0,35.926745
99,12,0.758856,69.0,32.268254
99,12,0.769854,70.0,28.609686
99,12,0.780852,71.0,26.792345
99,12,0.79185,72.0,25.314585
99,12,0.802847,73.0,23.836855
99,12,0.813845,74.0,22.359094
99,12,0.824843,75.0,20.881333
99,12,0.835841,76.0,19.403573
99,12,0.846839,77.0,17.925812
99,12,0.857837,78.0,16.448082
99,12,0.868835,79.0,14.970321
99,12,0.879833,80.0,13.49256
99,12,0.890831,81.0,12.790086
99,12,0.901829,82.0,12.984368
99,12,0.912827,83.0,13.178655
99,12,0.923824,84.0,13.372942
99,12,0.934822,85.0,13.567229
99,12,0.94582,86.0,13.761511
99,12,0.956818,87.0,13.955798
99,12,0.967816,88.0,14.150085
99,12,0.978814,89.0,14.344371
99,12,0.989812,90.0,14.538654
99,12,1.00081,91.0,14.742897
99,12,1.011808,92.0,14.99591
99,12,1.022806,93.0,15.248922
99,12,1.033804,94.0,15.50193
99,12,1.044801,95.0,15.754942
99,12,1.055799,96.0,16.007955
99,12,1.066797,97.0,16.260968
99,12,1.077795,98.0,16.513975
99,12,1.088793,99.0,16.766987
99,12,1.099791,100.0,17.02
99,13,0.0,0.0,17.02
99,13,0.010998,1.0,17.150604
99,13,0.021996,2.0,17.281209
99,13,0.032994,3.0,17.411813
99,13,0.043992,4.0,17.542418
99,13,0.05499,5.0,17.400923
99,13,0.065987,6.0,16.967641
99,13,0.076985,7.0,16.534359
99,13,0.087983,8.0,16.101077
99,13,0.098981,9.0,15.667795
99,13,0.109979,10.0,15.234513
99,13,0.120977,11.0,14.801231
99,13,0.131975,12.0,14.367949
99,13,0.142973,13.0,13.934657
99,13,0.153971,14.0,13.501375
99,13,0.164969,15.0,13.068093
99,13,0.175967,16.0,12.634811
99,13,0.186964,17.0,12.201529
99,13,0.197962,18.0,11.768247
99,13,0.20896,19.0,11.334965
99,13,0.219958,20.0,10.901683
99,13,0.230956,21.0,10.468401
99,13,0.241954,22.0,11.128885
99,13,0.252952,23.0,12.713257
99,13,0.26395,24.0,14.297628
99,13,0.274948,25.0,15.882
99,13,0.285946,26.0,17.466372
99,13,0.296944,27.0,18.793317
99,13,0.307941,28.0,20.098476
99,13,0.318939,29.0,21.403635
99,13,0.329937,30.0,22.708793
99,13,0.340935,31.0,24.013952
99,13,0.351933,32.0,25.319111
99,13,0.362931,33.0,26.62427
99,13,0.373929,34.0,27.929428
99,13,0.384927,35.0,29.234587
99,13,0.395925,36.0,30.539746
99,13,0.406923,37.0,31.844904
99,13,0.417921,38.0,33.150096
99,13,0.428918,39.0,35.178652
99,13,0.439916,40.0,37.686158
99,13,0.450914,41.0,40.193665
99,13,0.461912,42.0,42.701171
99,13,0.47291,43.0,45.208678
99,13,0.483908,44.0,47.716184
99,13,0.494906,45.0,50.22369
99,13,0.505904,46.0,52.731197
99,13,0.516902,47.0,55.238703
99,13,0.5279,48.0,56.859067
99,13,0.538898,49.0,56.911825
99,13,0.549895,50.0,56.964583
99,13,0.560893,51.0,57.017342
99,13,0.571891,52.0,57.0701
99,13,0.582889,53.0,57.122858
99,13,0.593887,54.0,57.175616
99,13,0.604885,55.0,57.228375
99,13,0.615883,56.0,57.281133
99,13,0.626881,57.0,57.333891
99,13,0.637879,58.0,57.38665
99,13,0.648877,59.0,57.439408
99,13,0.659875,60.0,57.418513
99,13,0.670873,61.0,55.677389
99,13,0.68187,62.0,53.936266
99,13,0.692868,63.0,52.195098
99,13,0.703866,64.0,50.453974
99,13,0.714864,65.0,48.71285
99,13,0.725862,66.0,46.971726
99,13,0.73686,67.0,45.230603
99,13,0.747858,68.0,43.489479
99,13,0.758856,69.0,41.748355
99,13,0.769854,70.0,40.007231
99,13,0.780852,71.0,38.266107
99,13,0.79185,72.0,36.524983
99,13,0.802847,73.0,34.316582
99,13,0.813845,74.0,31.819434
99,13,0.824843,75.0,29.322286
99,13,0.835841,76.0,26.825138
99,13,0.846839,77.0,24.32799
99,13,0.857837,78.0,21.830842
99,13,0.868835,79.0,19.333694
99,13,0.879833,80.0,16.836546
99,13,0.890831,81.0,14.339398
99,13,0.901829,82.0,11.84225
99,13,0.912827,83.0,9.345102
99,13,0.923824,84.0,9.7597
99,13,0.934822,85.0,10.738127
99,13,0.94582,86.0,11.716553
99,13,0.956818,87.0,12.694979
99,13,0.967816,88.0,13.425782
99,13,0.978814,89.0,13.631134
99,13,0.989812,90.0,13.836485
99,13,1.00081,91.0,14.041837
99,13,1.011808,92.0,14.247188
99,13,1.022806,93.0,14.45254
99,13,1.033804,94.0,14.657891
99,13,1.044801,95.0,14.863243
99,13,1.055799,96.0,15.068594
99,13,1.066797,97.0,15.273946
99,13,1.077795,98.0,15.479297
99,13,1.088793,99.0,15.684649
99,13,1.099791,100.0,15.89
100,2,0.0,0.0,13.17
100,2,0.010998,1.0,13.001899
100,2,0.021996,2.0,12.833799
100,2,0.032994,3.0,12.665701
100,2,0.043992,4.0,12.497601
100,2,0.05499,5.0,12.3295
100,2,0.065987,6.0,12.161399
100,2,0.076985,7.0,11.993299
100,2,0.087983,8.0,11.825201
100,2,0.098981,9.0,11.657101
100,2,0.109979,10.0,11.489
100,2,0.120977,11.0,11.320899
100,2,0.131975,12.0,11.152799
100,2,0.142973,13.0,11.266299
100,2,0.153971,14.0,11.448066
100,2,0.164969,15.0,11.629833
100,2,0.175967,16.0,11.811601
100,2,0.186964,17.0,11.993368
100,2,0.197962,18.0,12.175132
100,2,0.20896,19.0,12.356899
100,2,0.219958,20.0,12.8
100,2,0.230956,21.0,13.517503
100,2,0.241954,22.0,14.235006
100,2,0.252952,23.0,14.952494
100,2,0.26395,24.0,15.669997
100,2,0.274948,25.0,16.329375
100,2,0.285946,26.0,16.951552
100,2,0.296944,27.0,17.57373
100,2,0.307941,28.0,18.195895
100,2,0.318939,29.0,18.818073
100,2,0.329937,30.0,19.44025
100,2,0.340935,31.0,20.062427
100,2,0.351933,32.0,20.684605
100,2,0.362931,33.0,21.30677
100,2,0.373929,34.0,21.928948
100,2,0.384927,35.0,25.14025
100,2,0.395925,36.0,28.795415
100,2,0.406923,37.0,32.450579
100,2,0.417921,38.0,36.105671
100,2,0.428918,39.0,39.760835
100,2,0.439916,40.0,41.896
100,2,0.450914,41.0,43.993158
100,2,0.461912,42.0,46.090317
100,2,0.47291,43.0,48.187433
100,2,0.483908,44.0,50.284592
100,2,0.494906,45.0,52.38175
100,2,0.505904,46.0,54.478908
100,2,0.516902,47.0,56.576067
100,2,0.5279,48.0,58.673183
100,2,0.538898,49.0,60.770342
100,2,0.549895,50.0,62.8675
100,2,0.560893,51.0,64.964658
100,2,0.571891,52.0,67.061817
100,2,0.582889,53.0,69.158933
100,2,0.593887,54.0,70.333922
100,2,0.604885,55.0,69.7304
100,2,0.615883,56.0,69.126878
100,2,0.626881,57.0,68.523355
100,2,0.637879,58.0,67.919845
100,2,0.648877,59.0,67.316322
100,2,0.659875,60.0,65.6792
100,2,0.670873,61.0,60.837901
100,2,0.68187,62.0,55.996602
100,2,0.692868,63.0,51.155398
100,2,0.703866,64.0,46.314099
100,2,0.714864,65.0,41.4728
100,2,0.725862,66.0,36.861187
100,2,0.73686,67.0,33.589374
100,2,0.747858,68.0,30.317626
100,2,0.758856,69.0,27.045813
100,2,0.769854,70.0,23.774
100,2,0.780852,71.0,20.502187
100,2,0.79185,72.0,17.230374
100,2,0.802847,73.0,13.958626
100,2,0.813845,74.0,12.970922
100,2,0.824843,75.0,12.4535
100,2,0.835841,76.0,11.936078
100,2,0.846839,77.0,11.418656
100,2,0.857837,78.0,10.901244
100,2,0.868835,79.0,10.383822
100,2,0.879833,80.0,9.8664
100,2,0.890831,81.0,9.348978
100,2,0.901829,82.0,8.831556
100,2,0.912827,83.0,8.314144
100,2,0.923824,84.0,7.796722
100,2,0.934822,85.0,7.2793
100,2,0.94582,86.0,7.259001
100,2,0.956818,87.0,7.525502
100,2,0.967816,88.0,7.791998
100,2,0.978814,89.0,8.058499
100,2,0.989812,90.0,8.325
100,2,1.00081,91.0,8.133474
100,2,1.011808,92.0,7.794197
100,2,1.022806,93.0,7.454928
100,2,1.033804,94.0,7.115651
100,2,1.044801,95.0,6.776375
100,2,1.055799,96.0,6.437099
100,2,1.066797,97.0,6.097822
100,2,1.077795,98.0,5.758553
100,2,1.088793,99.0,5.419276
100,2,1.099791,100.0,5.08
100,3,0.0,0.0,5.08
100,3,0.010998,1.0,5.579395
100,3,0.021996,2.0,6.078802
100,3,0.032994,3.0,6.578198
100,3,0.043992,4.0,7.077605
100,3,0.05499,5.0,7.577
100,3,0.065987,6.0,8.076395
100,3,0.076985,7.0,8.575802
100,3,0.087983,8.0,9.075198
100,3,0.098981,9.0,9.574605
100,3,0.109979,10.0,9.964
100,3,0.120977,11.0,10.342396
100,3,0.131975,12.0,10.720802
100,3,0.142973,13.0,11.099198
100,3,0.153971,14.0,11.477604
100,3,0.164969,15.0,11.856
100,3,0.175967,16.0,12.234396
100,3,0.186964,17.0,12.612802
100,3,0.197962,18.0,12.991198
100,3,0.20896,19.0,13.951011
100,3,0.219958,20.0,15.04
100,3,0.230956,21.0,16.128989
100,3,0.241954,22.0,17.218005
100,3,0.252952,23.0,18.306995
100,3,0.26395,24.0,19.396011
100,3,0.274948,25.0,20.485
100,3,0.285946,26.0,21.573989
100,3,0.296944,27.0,22.663005
100,3,0.307941,28.0,24.312991
100,3,0.318939,29.0,26.173393
100,3,0.329937,30.0,28.03375
100,3,0.340935,31.0,29.894107
100,3,0.351933,32.0,31.754509
100,3,0.362931,33.0,33.614866
100,3,0.373929,34.0,35.475268
100,3,0.384927,35.0,37.335625
100,3,0.395925,36.0,39.195982
100,3,0.406923,37.0,41.056384
100,3,0.417921,38.0,42.916741
100,3,0.428918,39.0,44.777143
100,3,0.439916,40.0,46.878
100,3,0.450914,41.0,49.135178
100,3,0.461912,42.0,51.392411
100,3,0.47291,43.0,53.649589
100,3,0.483908,44.0,55.906822
100,3,0.494906,45.0,58.164
100,3,0.505904,46.0,60.421178
100,3,0.516902,47.0,62.678411
100,3,0.5279,48.0,64.935589
100,3,0.538898,49.0,65.840871
100,3,0.549895,50.0,65.47375
100,3,0.560893,51.0,65.106629
100,3,0.571891,52.0,64.739498
100,3,0.582889,53.0,64.372377
100,3,0.593887,54.0,64.005246
100,3,0.604885,55.0,63.638125
100,3,0.615883,56.0,63.271004
100,3,0.626881,57.0,62.903873
100,3,0.637879,58.0,62.536752
100,3,0.648877,59.0,62.169621
100,3,0.659875,60.0,61.8025
100,3,0.670873,61.0,60.688547
100,3,0.68187,62.0,58.425539
100,3,0.692868,63.0,56.162586
100,3,0.703866,64.0,53.899578
100,3,0.714864,65.0,51.636625
100,3,0.725862,66.0,49.373672
100,3,0.73686,67.0,47.110664
100,3,0.747858,68.0,44.847711
100,3,0.758856,69.0,42.584703
100,3,0.769854,70.0,40.32175
100,3,0.780852,71.0,38.058797
100,3,0.79185,72.0,35.795789
100,3,0.802847,73.0,33.116819
100,3,0.813845,74.0,29.328363
100,3,0.824843,75.0,25.54
100,3,0.835841,76.0,21.751637
100,3,0.846839,77.0,17.963181
100,3,0.857837,78.0,14.174819
100,3,0.868835,79.0,11.117197
100,3,0.879833,80.0,10.774
100,3,0.890831,81.0,10.430803
100,3,0.901829,82.0,10.087598
100,3,0.912827,83.0,9.744402
100,3,0.923824,84.0,9.401197
100,3,0.934822,85.0,9.058
100,3,0.94582,86.0,8.714803
100,3,0.956818,87.0,8.371598
100,3,0.967816,88.0,8.0744
100,3,0.978814,89.0,8.1107
100,3,0.989812,90.0,8.147
100,3,1.00081,91.0,8.1833
100,3,1.011808,92.0,8.2196
100,3,1.022806,93.0,8.2559
100,3,1.033804,94.0,8.2922
100,3,1.044801,95.0,8.3285
100,3,1.055799,96.0,8.3648
100,3,1.066797,97.0,8.4011
100,3,1.077795,98.0,8.4374
100,3,1.088793,99.0,8.4737
100,3,1.099791,100.0,8.51
100,4,0.0,0.0,8.51
100,4,0.010998,1.0,8.4176
100,4,0.021996,2.0,8.325199
100,4,0.032994,3.0,8.232801
100,4,0.043992,4.0,8.1404
100,4,0.05499,5.0,8.048
100,4,0.065987,6.0,7.9556
100,4,0.076985,7.0,7.863199
100,4,0.087983,8.0,7.770801
100,4,0.098981,9.0,7.910132
100,4,0.109979,10.0,8.165333
100,4,0.120977,11.0,8.420534
100,4,0.131975,12.0,8.675736
100,4,0.142973,13.0,8.930931
100,4,0.153971,14.0,9.186132
100,4,0.164969,15.0,9.441333
100,4,0.175967,16.0,9.696534
100,4,0.186964,17.0,9.951736
100,4,0.197962,18.0,10.206931
100,4,0.20896,19.0,10.462132
100,4,0.219958,20.0,10.717333
100,4,0.230956,21.0,11.032483
100,4,0.241954,22.0,11.647366
100,4,0.252952,23.0,12.262234
100,4,0.26395,24.0,12.877117
100,4,0.274948,25.0,13.492
100,4,0.285946,26.0,14.106883
100,4,0.296944,27.0,14.721766
100,4,0.307941,28.0,15.423191
100,4,0.318939,29.0,16.427595
100,4,0.329937,30.0,17.432
100,4,0.340935,31.0,18.436405
100,4,0.351933,32.0,19.440809
100,4,0.362931,33.0,20.445191
100,4,0.373929,34.0,21.449595
100,4,0.384927,35.0,22.454
100,4,0.395925,36.0,23.458405
100,4,0.406923,37.0,24.462809
100,4,0.417921,38.0,25.467191
100,4,0.428918,39.0,26.84998
100,4,0.439916,40.0,31.26
100,4,0.450914,41.0,35.67002
100,4,0.461912,42.0,40.08004
100,4,0.47291,43.0,44.48996
100,4,0.483908,44.0,48.89998
100,4,0.494906,45.0,51.622
100,4,0.505904,46.0,52.993606
100,4,0.516902,47.0,54.365212
100,4,0.5279,48.0,55.736788
100,4,0.538898,49.0,57.108394
100,4,0.549895,50.0,58.48
100,4,0.560893,51.0,59.851606
100,4,0.571891,52.0,61.223212
100,4,0.582889,53.0,62.594788
100,4,0.593887,54.0,63.966394
100,4,0.604885,55.0,65.338
100,4,0.615883,56.0,65.509594
100,4,0.626881,57.0,64.181188
100,4,0.637879,58.0,62.852812
100,4,0.648877,59.0,61.524406
100,4,0.659875,60.0,60.196
100,4,0.670873,61.0,58.867594
100,4,0.68187,62.0,57.539188
100,4,0.692868,63.0,56.210812
100,4,0.703866,64.0,54.77377
100,4,0.714864,65.0,52.4676
100,4,0.725862,66.0,50.16143
100,4,0.73686,67.0,47.855259
100,4,0.747858,68.0,45.549141
100,4,0.758856,69.0,43.24297
100,4,0.769854,70.0,40.9368
100,4,0.780852,71.0,38.63063
100,4,0.79185,72.0,36.324459
100,4,0.802847,73.0,34.018341
100,4,0.813845,74.0,31.71217
100,4,0.824843,75.0,29.406
100,4,0.835841,76.0,27.09983
100,4,0.846839,77.0,24.793659
100,4,0.857837,78.0,22.471622
100,4,0.868835,79.0,20.093811
100,4,0.879833,80.0,17.716
100,4,0.890831,81.0,15.338189
100,4,0.901829,82.0,12.960378
100,4,0.912827,83.0,10.582622
100,4,0.923824,84.0,9.7308
100,4,0.934822,85.0,9.642
100,4,0.94582,86.0,9.5532
100,4,0.956818,87.0,9.464399
100,4,0.967816,88.0,9.375601
100,4,0.978814,89.0,9.2868
100,4,0.989812,90.0,9.198
100,4,1.00081,91.0,9.1092
100,4,1.011808,92.0,9.020399
100,4,1.022806,93.0,8.931601
100,4,1.033804,94.0,8.8428
100,4,1.044801,95.0,8.754
100,4,1.055799,96.0,8.489995
100,4,1.066797,97.0,7.34999
100,4,1.077795,98.0,6.21001
100,4,1.088793,99.0,5.070005
100,4,1.099791,100.0,3.93
100,5,0.0,0.0,3.93
100,5,0.010998,1.0,4.068699
100,5,0.021996,2.0,4.207401
100,5,0.032994,3.0,4.346099
100,5,0.043992,4.0,4.484801
100,5,0.05499,5.0,4.6235
100,5,0.065987,6.0,4.762199
100,5,0.076985,7.0,4.900901
100,5,0.087983,8.0,5.039599
100,5,0.098981,9.0,5.178301
100,5,0.109979,10.0,5.317
100,5,0.120977,11.0,5.546957
100,5,0.131975,12.0,5.878321
100,5,0.142973,13.0,6.209679
100,5,0.153971,14.0,6.541043
100,5,0.164969,15.0,6.8724
100,5,0.175967,16.0,7.203757
100,5,0.186964,17.0,7.535121
100,5,0.197962,18.0,7.866479
100,5,0.20896,19.0,8.197843
100,5,0.219958,20.0,8.5292
100,5,0.230956,21.0,8.860557
100,5,0.241954,22.0,9.191921
100,5,0.252952,23.0,9.523279
100,5,0.26395,24.0,10.195812
100,5,0.274948,25.0,11.6075
100,5,0.285946,26.0,13.019188
100,5,0.296944,27.0,14.430906
100,5,0.307941,28.0,15.842594
100,5,0.318939,29.0,17.272415
100,5,0.329937,30.0,19.028
100,5,0.340935,31.0,20.783585
100,5,0.351933,32.0,22.539208
100,5,0.362931,33.0,24.294792
100,5,0.373929,34.0,26.050415
100,5,0.384927,35.0,27.806
100,5,0.395925,36.0,29.561585
100,5,0.406923,37.0,31.445161
100,5,0.417921,38.0,34.011089
100,5,0.428918,39.0,36.577072
100,5,0.439916,40.0,39.143
100,5,0.450914,41.0,41.708928
100,5,0.461912,42.0,44.274911
100,5,0.47291,43.0,46.840839
100,5,0.483908,44.0,49.406822
100,5,0.494906,45.0,51.97275
100,5,0.505904,46.0,54.538678
100,5,0.516902,47.0,57.104661
100,5,0.5279,48.0,58.571596
100,5,0.538898,49.0,59.397474
100,5,0.549895,50.0,60.223333
100,5,0.560893,51.0,61.049193
100,5,0.571891,52.0,61.87507
100,5,0.582889,53.0,62.70093
100,5,0.593887,54.0,63.526807
100,5,0.604885,55.0,64.352667
100,5,0.615883,56.0,63.314874
100,5,0.626881,57.0,61.611447
100,5,0.637879,58.0,59.908057
100,5,0.648877,59.0,58.20463
100,5,0.659875,60.0,56.50124
100,5,0.670873,61.0,54.797849
100,5,0.68187,62.0,53.094422
100,5,0.692868,63.0,51.391032
100,5,0.703866,64.0,49.687605
100,5,0.714864,65.0,47.984215
100,5,0.725862,66.0,45.756119
100,5,0.73686,67.0,39.779737
100,5,0.747858,68.0,33.803483
100,5,0.758856,69.0,27.827101
100,5,0.769854,70.0,21.850847
100,5,0.780852,71.0,15.874594
100,5,0.79185,72.0,14.929898
100,5,0.802847,73.0,14.264798
100,5,0.813845,74.0,13.599685
100,5,0.824843,75.0,12.934586
100,5,0.835841,76.0,12.269486
100,5,0.846839,77.0,11.604373
100,5,0.857837,78.0,10.939274
100,5,0.868835,79.0,10.27416
100,5,0.879833,80.0,9.609061
100,5,0.890831,81.0,8.943961
100,5,0.901829,82.0,8.278848
100,5,0.912827,83.0,7.613749
100,5,0.923824,84.0,6.948635
100,5,0.934822,85.0,6.283536
100,5,0.94582,86.0,5.618437
100,5,0.956818,87.0,5.045821
100,5,0.967816,88.0,5.698724
100,5,0.978814,89.0,6.351642
100,5,0.989812,90.0,7.004545
100,5,1.00081,91.0,7.614625
100,5,1.011808,92.0,8.064116
100,5,1.022806,93.0,8.513598
100,5,1.033804,94.0,8.96309
100,5,1.044801,95.0,9.412571
100,5,1.055799,96.0,9.862053
100,5,1.066797,97.0,10.311545
100,5,1.077795,98.0,10.761027
100,5,1.088793,99.0,11.210518
100,5,1.099791,100.0,11.66
100,6,0.0,0.0,11.66
100,6,0.010998,1.0,11.421383
100,6,0.021996,2.0,11.182766
100,6,0.032994,3.0,10.944143
100,6,0.043992,4.0,10.705526
100,6,0.05499,5.0,10.466909
100,6,0.065987,6.0,10.228292
100,6,0.076985,7.0,9.989675
100,6,0.087983,8.0,9.751052
100,6,0.098981,9.0,9.512435
100,6,0.109979,10.0,9.273818
100,6,0.120977,11.0,9.035201
100,6,0.131975,12.0,8.796584
100,6,0.142973,13.0,8.557961
100,6,0.153971,14.0,8.319344
100,6,0.164969,15.0,8.080727
100,6,0.175967,16.0,7.84211
100,6,0.186964,17.0,8.184996
100,6,0.197962,18.0,8.652504
100,6,0.20896,19.0,9.120002
100,6,0.219958,20.0,9.5875
100,6,0.230956,21.0,10.054998
100,6,0.241954,22.0,10.522496
100,6,0.252952,23.0,13.423629
100,6,0.26395,24.0,16.476815
100,6,0.274948,25.0,19.53
100,6,0.285946,26.0,22.583185
100,6,0.296944,27.0,25.13823
100,6,0.307941,28.0,27.25052
100,6,0.318939,29.0,29.36276
100,6,0.329937,30.0,31.475
100,6,0.340935,31.0,33.58724
100,6,0.351933,32.0,35.69948
100,6,0.362931,33.0,37.81177
100,6,0.373929,34.0,39.92401
100,6,0.384927,35.0,42.03625
100,6,0.395925,36.0,44.14849
100,6,0.406923,37.0,46.26073
100,6,0.417921,38.0,48.37302
100,6,0.428918,39.0,50.39621
100,6,0.439916,40.0,52.392
100,6,0.450914,41.0,54.38779
100,6,0.461912,42.0,56.383581
100,6,0.47291,43.0,58.379419
100,6,0.483908,44.0,60.37521
100,6,0.494906,45.0,62.371
100,6,0.505904,46.0,64.36679
100,6,0.516902,47.0,66.362581
100,6,0.5279,48.0,65.707992
100,6,0.538898,49.0,64.887746
100,6,0.549895,50.0,64.0675
100,6,0.560893,51.0,63.247254
100,6,0.571891,52.0,62.427008
100,6,0.582889,53.0,61.606742
100,6,0.593887,54.0,60.786496
100,6,0.604885,55.0,59.96625
100,6,0.615883,56.0,59.146004
100,6,0.626881,57.0,58.325758
100,6,0.637879,58.0,57.505492
100,6,0.648877,59.0,56.45064
100,6,0.659875,60.0,54.301
100,6,0.670873,61.0,52.15136
100,6,0.68187,62.0,50.001721
100,6,0.692868,63.0,47.852029
100,6,0.703866,64.0,45.70239
100,6,0.714864,65.0,43.55275
100,6,0.725862,66.0,41.40311
100,6,0.73686,67.0,39.253471
100,6,0.747858,68.0,37.103779
100,6,0.758856,69.0,34.95414
100,6,0.769854,70.0,32.8045
100,6,0.780852,71.0,30.64611
100,6,0.79185,72.0,28.475221
100,6,0.802847,73.0,26.304279
100,6,0.813845,74.0,24.13339
100,6,0.824843,75.0,21.9625
100,6,0.835841,76.0,19.79161
100,6,0.846839,77.0,17.620721
100,6,0.857837,78.0,15.449779
100,6,0.868835,79.0,13.27889
100,6,0.879833,80.0,11.108
100,6,0.890831,81.0,8.93711
100,6,0.901829,82.0,6.766221
100,6,0.912827,83.0,5.864698
100,6,0.923824,84.0,5.655599
100,6,0.934822,85.0,5.4465
100,6,0.94582,86.0,5.237401
100,6,0.956818,87.0,5.028302
100,6,0.967816,88.0,4.819198
100,6,0.978814,89.0,4.610099
100,6,0.989812,90.0,4.401
100,6,1.00081,91.0,4.191901
100,6,1.011808,92.0,3.982802
100,6,1.022806,93.0,3.773698
100,6,1.033804,94.0,3.564599
100,6,1.044801,95.0,3.801
100,6,1.055799,96.0,4.096799
100,6,1.066797,97.0,4.392597
100,6,1.077795,98.0,4.688403
100,6,1.088793,99.0,4.984201
100,6,1.099791,100.0,5.28
100,7,0.0,0.0,5.28
100,7,0.010998,1.0,4.993333
100,7,0.021996,2.0,4.706667
100,7,0.032994,3.0,4.42
100,7,0.043992,4.0,4.133333
100,7,0.05499,5.0,3.846667
100,7,0.065987,6.0,3.56
100,7,0.076985,7.0,3.273333
100,7,0.087983,8.0,3.322
100,7,0.098981,9.0,3.706
100,7,0.109979,10.0,4.09
100,7,0.120977,11.0,4.474
100,7,0.131975,12.0,4.858
100,7,0.142973,13.0,5.242
100,7,0.153971,14.0,5.626
100,7,0.164969,15.0,6.01
100,7,0.175967,16.0,6.394
100,7,0.186964,17.0,6.9868
100,7,0.197962,18.0,7.6492
100,7,0.20896,19.0,8.3116
100,7,0.219958,20.0,8.974
100,7,0.230956,21.0,9.6364
100,7,0.241954,22.0,10.2988
100,7,0.252952,23.0,10.974
100,7,0.26395,24.0,11.662
100,7,0.274948,25.0,12.35
100,7,0.285946,26.0,13.038
100,7,0.296944,27.0,13.726
100,7,0.307941,28.0,14.414
100,7,0.318939,29.0,15.102
100,7,0.329937,30.0,15.79
100,7,0.340935,31.0,16.478
100,7,0.351933,32.0,17.166
100,7,0.362931,33.0,17.854
100,7,0.373929,34.0,18.542
100,7,0.384927,35.0,19.23
100,7,0.395925,36.0,19.918
100,7,0.406923,37.0,20.606
100,7,0.417921,38.0,25.159677
100,7,0.428918,39.0,33.579032
100,7,0.439916,40.0,41.998387
100,7,0.450914,41.0,44.264958
100,7,0.461912,42.0,45.972185
100,7,0.47291,43.0,47.679412
100,7,0.483908,44.0,49.386639
100,7,0.494906,45.0,51.093866
100,7,0.505904,46.0,52.801092
100,7,0.516902,47.0,54.508319
100,7,0.5279,48.0,56.215546
100,7,0.538898,49.0,57.922773
100,7,0.549895,50.0,59.63
100,7,0.560893,51.0,58.2
100,7,0.571891,52.0,56.77
100,7,0.582889,53.0,55.34
100,7,0.593887,54.0,53.91
100,7,0.604885,55.0,52.48
100,7,0.615883,56.0,50.494
100,7,0.626881,57.0,48.508
100,7,0.637879,58.0,46.522
100,7,0.648877,59.0,44.536
100,7,0.659875,60.0,42.55
100,7,0.670873,61.0,40.564
100,7,0.68187,62.0,38.578
100,7,0.692868,63.0,36.592
100,7,0.703866,64.0,34.606
100,7,0.714864,65.0,32.62
100,7,0.725862,66.0,31.008
100,7,0.73686,67.0,29.396
100,7,0.747858,68.0,27.784
100,7,0.758856,69.0,26.172
100,7,0.769854,70.0,24.56
100,7,0.780852,71.0,22.948
100,7,0.79185,72.0,21.336
100,7,0.802847,73.0,20.059421
100,7,0.813845,74.0,19.118264
100,7,0.824843,75.0,18.177107
100,7,0.835841,76.0,17.23595
100,7,0.846839,77.0,16.294793
100,7,0.857837,78.0,15.353636
100,7,0.868835,79.0,14.412479
100,7,0.879833,80.0,13.471322
100,7,0.890831,81.0,12.530165
100,7,0.901829,82.0,11.589008
100,7,0.912827,83.0,10.896742
100,7,0.923824,84.0,10.552921
100,7,0.934822,85.0,10.209101
100,7,0.94582,86.0,9.865281
100,7,0.956818,87.0,9.521461
100,7,0.967816,88.0,9.17764
100,7,0.978814,89.0,8.83382
100,7,0.989812,90.0,8.49
100,7,1.00081,91.0,8.344
100,7,1.011808,92.0,8.198
100,7,1.022806,93.0,8.052
100,7,1.033804,94.0,7.906
100,7,1.044801,95.0,7.76
100,7,1.055799,96.0,7.614
100,7,1.066797,97.0,7.468
100,7,1.077795,98.0,7.322
100,7,1.088793,99.0,7.176
100,7,1.099791,100.0,7.03
100,8,0.0,0.0,7.03
100,8,0.010998,1.0,7.343968
100,8,0.021996,2.0,7.657944
100,8,0.032994,3.0,7.971913
100,8,0.043992,4.0,8.285889
100,8,0.05499,5.0,8.599857
100,8,0.065987,6.0,8.913825
100,8,0.076985,7.0,9.227802
100,8,0.087983,8.0,9.54177
100,8,0.098981,9.0,9.855746
100,8,0.109979,10.0,10.169714
100,8,0.120977,11.0,10.454753
100,8,0.131975,12.0,10.69529
100,8,0.142973,13.0,10.935821
100,8,0.153971,14.0,11.176358
100,8,0.164969,15.0,11.416889
100,8,0.175967,16.0,11.65742
100,8,0.186964,17.0,11.897957
100,8,0.197962,18.0,12.138488
100,8,0.20896,19.0,12.379025
100,8,0.219958,20.0,12.619556
100,8,0.230956,21.0,12.860087
100,8,0.241954,22.0,13.100623
100,8,0.252952,23.0,13.341154
100,8,0.26395,24.0,13.581691
100,8,0.274948,25.0,15.165
100,8,0.285946,26.0,17.17798
100,8,0.296944,27.0,19.19101
100,8,0.307941,28.0,21.20399
100,8,0.318939,29.0,23.21702
100,8,0.329937,30.0,25.23
100,8,0.340935,31.0,27.24298
100,8,0.351933,32.0,29.25601
100,8,0.362931,33.0,31.26899
100,8,0.373929,34.0,34.387536
100,8,0.384927,35.0,38.05875
100,8,0.395925,36.0,41.729964
100,8,0.406923,37.0,45.401268
100,8,0.417921,38.0,49.072482
100,8,0.428918,39.0,52.743786
100,8,0.439916,40.0,54.760989
100,8,0.450914,41.0,55.703112
100,8,0.461912,42.0,56.645257
100,8,0.47291,43.0,57.58738
100,8,0.483908,44.0,58.529526
100,8,0.494906,45.0,59.471648
100,8,0.505904,46.0,60.413771
100,8,0.516902,47.0,61.355917
100,8,0.5279,48.0,62.298039
100,8,0.538898,49.0,62.603305
100,8,0.549895,50.0,62.007647
100,8,0.560893,51.0,61.411989
100,8,0.571891,52.0,60.816316
100,8,0.582889,53.0,60.220658
100,8,0.593887,54.0,59.624986
100,8,0.604885,55.0,59.029328
100,8,0.615883,56.0,58.43367
100,8,0.626881,57.0,57.837997
100,8,0.637879,58.0,57.242339
100,8,0.648877,59.0,56.646666
100,8,0.659875,60.0,56.051008
100,8,0.670873,61.0,54.765463
100,8,0.68187,62.0,52.418468
100,8,0.692868,63.0,50.071532
100,8,0.703866,64.0,47.724537
100,8,0.714864,65.0,45.3776
100,8,0.725862,66.0,43.030663
100,8,0.73686,67.0,40.683668
100,8,0.747858,68.0,38.336732
100,8,0.758856,69.0,35.989737
100,8,0.769854,70.0,33.6428
100,8,0.780852,71.0,31.295863
100,8,0.79185,72.0,28.948868
100,8,0.802847,73.0,26.601932
100,8,0.813845,74.0,24.254937
100,8,0.824843,75.0,21.908
100,8,0.835841,76.0,19.651219
100,8,0.846839,77.0,17.67614
100,8,0.857837,78.0,15.70111
100,8,0.868835,79.0,13.726031
100,8,0.879833,80.0,11.751
100,8,0.890831,81.0,9.775969
100,8,0.901829,82.0,8.232482
100,8,0.912827,83.0,8.631118
100,8,0.923824,84.0,9.029764
100,8,0.934822,85.0,9.4284
100,8,0.94582,86.0,9.827036
100,8,0.956818,87.0,10.225682
100,8,0.967816,88.0,10.624318
100,8,0.978814,89.0,11.022964
100,8,0.989812,90.0,11.098286
100,8,1.00081,91.0,10.963458
100,8,1.011808,92.0,10.828628
100,8,1.022806,93.0,10.693801
100,8,1.033804,94.0,10.55897
100,8,1.044801,95.0,10.424143
100,8,1.055799,96.0,10.289316
100,8,1.066797,97.0,10.154485
100,8,1.077795,98.0,10.019658
100,8,1.088793,99.0,9.884827
100,8,1.099791,100.0,9.75
100,9,0.0,0.0,9.75
100,9,0.010998,1.0,9.70988
100,9,0.021996,2.0,9.66976
100,9,0.032994,3.0,9.62964
100,9,0.043992,4.0,9.58952
100,9,0.05499,5.0,9.5494
100,9,0.065987,6.0,9.50928
100,9,0.076985,7.0,9.46916
100,9,0.087983,8.0,9.42904
100,9,0.098981,9.0,9.38892
100,9,0.109979,10.0,9.3488
100,9,0.120977,11.0,9.30868
100,9,0.131975,12.0,9.26856
100,9,0.142973,13.0,9.22844
100,9,0.153971,14.0,9.18832
100,9,0.164969,15.0,9.424
100,9,0.175967,16.0,10.321596
100,9,0.186964,17.0,11.219191
100,9,0.197962,18.0,12.116809
100,9,0.20896,19.0,13.014404
100,9,0.219958,20.0,13.912
100,9,0.230956,21.0,14.867462
100,9,0.241954,22.0,15.90559
100,9,0.252952,23.0,16.943743
100,9,0.26395,24.0,17.981872
100,9,0.274948,25.0,19.02
100,9,0.285946,26.0,20.058128
100,9,0.296944,27.0,21.096257
100,9,0.307941,28.0,22.13441
100,9,0.318939,29.0,23.172538
100,9,0.329937,30.0,24.659
100,9,0.340935,31.0,26.459291
100,9,0.351933,32.0,28.259583
100,9,0.362931,33.0,30.059917
100,9,0.373929,34.0,31.860209
100,9,0.384927,35.0,33.6605
100,9,0.395925,36.0,35.460791
100,9,0.406923,37.0,37.261083
100,9,0.417921,38.0,39.061417
100,9,0.428918,39.0,40.861709
100,9,0.439916,40.0,42.662
100,9,0.450914,41.0,44.462291
100,9,0.461912,42.0,47.043307
100,9,0.47291,43.0,49.791693
100,9,0.483908,44.0,52.540013
100,9,0.494906,45.0,55.288333
100,9,0.505904,46.0,58.036654
100,9,0.516902,47.0,60.784974
100,9,0.5279,48.0,63.53336
100,9,0.538898,49.0,66.28168
100,9,0.549895,50.0,69.03
100,9,0.560893,51.0,68.514052
100,9,0.571891,52.0,67.998105
100,9,0.582889,53.0,67.482145
100,9,0.593887,54.0,66.966198
100,9,0.604885,55.0,66.45025
100,9,0.615883,56.0,65.934302
100,9,0.626881,57.0,65.418355
100,9,0.637879,58.0,64.902395
100,9,0.648877,59.0,64.386448
100,9,0.659875,60.0,63.8705
100,9,0.670873,61.0,63.354552
100,9,0.68187,62.0,62.349625
100,9,0.692868,63.0,59.755375
100,9,0.703866,64.0,57.161188
100,9,0.714864,65.0,54.567
100,9,0.725862,66.0,51.972812
100,9,0.73686,67.0,49.378625
100,9,0.747858,68.0,46.784375
100,9,0.758856,69.0,44.190188
100,9,0.769854,70.0,41.596
100,9,0.780852,71.0,39.001812
100,9,0.79185,72.0,36.407625
100,9,0.802847,73.0,33.813375
100,9,0.813845,74.0,31.136787
100,9,0.824843,75.0,28.3675
100,9,0.835841,76.0,25.598213
100,9,0.846839,77.0,22.828927
100,9,0.857837,78.0,20.059573
100,9,0.868835,79.0,17.290287
100,9,0.879833,80.0,15.996667
100,9,0.890831,81.0,15.736001
100,9,0.901829,82.0,15.475336
100,9,0.912827,83.0,15.214664
100,9,0.923824,84.0,14.953999
100,9,0.934822,85.0,14.693333
100,9,0.94582,86.0,14.432668
100,9,0.956818,87.0,14.172002
100,9,0.967816,88.0,13.911331
100,9,0.978814,89.0,13.78045
100,9,0.989812,90.0,13.6895
100,9,1.00081,91.0,13.59855
100,9,1.011808,92.0,13.507601
100,9,1.022806,93.0,13.416649
100,9,1.033804,94.0,13.3257
100,9,1.044801,95.0,13.23475
100,9,1.055799,96.0,13.1438
100,9,1.066797,97.0,13.052851
100,9,1.077795,98.0,12.961899
100,9,1.088793,99.0,12.87095
100,9,1.099791,100.0,12.78
100,10,0.0,0.0,12.78
100,10,0.010998,1.0,12.946113
100,10,0.021996,2.0,13.112227
100,10,0.032994,3.0,13.278344
100,10,0.043992,4.0,13.444458
100,10,0.05499,5.0,13.610571
100,10,0.065987,6.0,13.776685
100,10,0.076985,7.0,13.942798
100,10,0.087983,8.0,14.108916
100,10,0.098981,9.0,14.275029
100,10,0.109979,10.0,14.441143
100,10,0.120977,11.0,14.817769
100,10,0.131975,12.0,15.28211
100,10,0.142973,13.0,15.746462
100,10,0.153971,14.0,16.210802
100,10,0.164969,15.0,16.675143
100,10,0.175967,16.0,17.139483
100,10,0.186964,17.0,17.603824
100,10,0.197962,18.0,18.068176
100,10,0.20896,19.0,18.532517
100,10,0.219958,20.0,18.996857
100,10,0.230956,21.0,19.689995
100,10,0.241954,22.0,20.70999
100,10,0.252952,23.0,21.73001
100,10,0.26395,24.0,22.750005
100,10,0.274948,25.0,23.77
100,10,0.285946,26.0,24.789995
100,10,0.296944,27.0,25.936888
100,10,0.307941,28.0,27.196612
100,10,0.318939,29.0,28.456306
100,10,0.329937,30.0,29.716
100,10,0.340935,31.0,30.975694
100,10,0.351933,32.0,32.235388
100,10,0.362931,33.0,33.495112
100,10,0.373929,34.0,34.754806
100,10,0.384927,35.0,36.0145
100,10,0.395925,36.0,37.274194
100,10,0.406923,37.0,38.533888
100,10,0.417921,38.0,39.793612
100,10,0.428918,39.0,41.474075
100,10,0.439916,40.0,43.284
100,10,0.450914,41.0,45.093925
100,10,0.461912,42.0,46.903849
100,10,0.47291,43.0,48.713817
100,10,0.483908,44.0,50.523742
100,10,0.494906,45.0,52.333667
100,10,0.505904,46.0,54.143591
100,10,0.516902,47.0,55.953516
100,10,0.5279,48.0,56.775644
100,10,0.538898,49.0,57.536004
100,10,0.549895,50.0,58.296364
100,10,0.560893,51.0,59.056724
100,10,0.571891,52.0,59.817084
100,10,0.582889,53.0,60.577462
100,10,0.593887,54.0,61.337822
100,10,0.604885,55.0,62.098182
100,10,0.615883,56.0,62.858542
100,10,0.626881,57.0,63.618902
100,10,0.637879,58.0,64.37928
100,10,0.648877,59.0,65.13964
100,10,0.659875,60.0,65.9
100,10,0.670873,61.0,66.66036
100,10,0.68187,62.0,67.42072
100,10,0.692868,63.0,68.181098
100,10,0.703866,64.0,63.151301
100,10,0.714864,65.0,56.34
100,10,0.725862,66.0,49.528699
100,10,0.73686,67.0,42.717399
100,10,0.747858,68.0,37.57468
100,10,0.758856,69.0,35.49134
100,10,0.769854,70.0,33.408
100,10,0.780852,71.0,31.32466
100,10,0.79185,72.0,29.24132
100,10,0.802847,73.0,27.15793
100,10,0.813845,74.0,25.07459
100,10,0.824843,75.0,22.99125
100,10,0.835841,76.0,20.90791
100,10,0.846839,77.0,18.82457
100,10,0.857837,78.0,16.74118
100,10,0.868835,79.0,14.65784
100,10,0.879833,80.0,13.675333
100,10,0.890831,81.0,13.463401
100,10,0.901829,82.0,13.251469
100,10,0.912827,83.0,13.039531
100,10,0.923824,84.0,12.827599
100,10,0.934822,85.0,12.615667
100,10,0.94582,86.0,12.403734
100,10,0.956818,87.0,12.191802
100,10,0.967816,88.0,11.979865
100,10,0.978814,89.0,11.775949
100,10,0.989812,90.0,11.5745
100,10,1.00081,91.0,11.373051
100,10,1.011808,92.0,11.171602
100,10,1.022806,93.0,10.970148
100,10,1.033804,94.0,10.768699
100,10,1.044801,95.0,10.56725
100,10,1.055799,96.0,10.365801
100,10,1.066797,97.0,10.164352
100,10,1.077795,98.0,9.962898
100,10,1.088793,99.0,9.761449
100,10,1.099791,100.0,9.56
100,11,0.0,0.0,9.56
100,11,0.010998,1.0,9.343199
100,11,0.021996,2.0,9.126398
100,11,0.032994,3.0,8.909602
100,11,0.043992,4.0,8.692801
100,11,0.05499,5.0,8.476
100,11,0.065987,6.0,8.259199
100,11,0.076985,7.0,8.042398
100,11,0.087983,8.0,7.825602
100,11,0.098981,9.0,7.608801
100,11,0.109979,10.0,7.392
100,11,0.120977,11.0,7.175199
100,11,0.131975,12.0,6.958398
100,11,0.142973,13.0,7.61303
100,11,0.153971,14.0,9.139124
100,11,0.164969,15.0,10.665217
100,11,0.175967,16.0,12.191311
100,11,0.186964,17.0,13.528209
100,11,0.197962,18.0,14.26842
100,11,0.20896,19.0,15.008648
100,11,0.219958,20.0,15.748876
100,11,0.230956,21.0,16.489104
100,11,0.241954,22.0,17.229333
100,11,0.252952,23.0,17.969544
100,11,0.26395,24.0,18.709772
100,11,0.274948,25.0,19.45
100,11,0.285946,26.0,20.656005
100,11,0.296944,27.0,21.862011
100,11,0.307941,28.0,23.067989
100,11,0.318939,29.0,24.273995
100,11,0.329937,30.0,25.48
100,11,0.340935,31.0,26.686005
100,11,0.351933,32.0,27.892011
100,11,0.362931,33.0,29.097989
100,11,0.373929,34.0,30.303995
100,11,0.384927,35.0,31.51
100,11,0.395925,36.0,32.716005
100,11,0.406923,37.0,35.48106
100,11,0.417921,38.0,38.440918
100,11,0.428918,39.0,41.400844
100,11,0.439916,40.0,44.360769
100,11,0.450914,41.0,47.320695
100,11,0.461912,42.0,50.28062
100,11,0.47291,43.0,53.240479
100,11,0.483908,44.0,56.200404
100,11,0.494906,45.0,58.174034
100,11,0.505904,46.0,59.00355
100,11,0.516902,47.0,59.833066
100,11,0.5279,48.0,60.662564
100,11,0.538898,49.0,61.49208
100,11,0.549895,50.0,62.321597
100,11,0.560893,51.0,63.151113
100,11,0.571891,52.0,63.980629
100,11,0.582889,53.0,64.810127
100,11,0.593887,54.0,65.639643
100,11,0.604885,55.0,66.46916
100,11,0.615883,56.0,65.544386
100,11,0.626881,57.0,62.426772
100,11,0.637879,58.0,59.309228
100,11,0.648877,59.0,56.191614
100,11,0.659875,60.0,53.074
100,11,0.670873,61.0,49.956386
100,11,0.68187,62.0,47.222776
100,11,0.692868,63.0,44.537224
100,11,0.703866,64.0,41.851612
100,11,0.714864,65.0,39.166
100,11,0.725862,66.0,36.480388
100,11,0.73686,67.0,33.794776
100,11,0.747858,68.0,31.109224
100,11,0.758856,69.0,28.423612
100,11,0.769854,70.0,25.738
100,11,0.780852,71.0,23.052388
100,11,0.79185,72.0,20.366776
100,11,0.802847,73.0,18.441882
100,11,0.813845,74.0,16.734274
100,11,0.824843,75.0,15.026667
100,11,0.835841,76.0,13.319059
100,11,0.846839,77.0,11.611451
100,11,0.857837,78.0,9.903882
100,11,0.868835,79.0,8.196274
100,11,0.879833,80.0,6.488667
100,11,0.890831,81.0,5.926004
100,11,0.901829,82.0,6.794508
100,11,0.912827,83.0,7.662992
100,11,0.923824,84.0,8.531496
100,11,0.934822,85.0,9.4
100,11,0.94582,86.0,10.268504
100,11,0.956818,87.0,11.137008
100,11,0.967816,88.0,12.005492
100,11,0.978814,89.0,12.873996
100,11,0.989812,90.0,13.7425
100,11,1.00081,91.0,14.611004
100,11,1.011808,92.0,14.936393
100,11,1.022806,93.0,14.175607
100,11,1.033804,94.0,13.414803
100,11,1.044801,95.0,12.654
100,11,1.055799,96.0,11.893197
100,11,1.066797,97.0,11.132393
100,11,1.077795,98.0,10.371607
100,11,1.088793,99.0,9.610803
100,11,1.099791,100.0,8.85
100,12,0.0,0.0,8.85
100,12,0.010998,1.0,8.864039
100,12,0.021996,2.0,8.878078
100,12,0.032994,3.0,8.892117
100,12,0.043992,4.0,8.906157
100,12,0.05499,5.0,8.920196
100,12,0.065987,6.0,8.934235
100,12,0.076985,7.0,8.948274
100,12,0.087983,8.0,8.962313
100,12,0.098981,9.0,8.976352
100,12,0.109979,10.0,8.990392
100,12,0.120977,11.0,9.004431
100,12,0.131975,12.0,9.01847
100,12,0.142973,13.0,9.536069
100,12,0.153971,14.0,10.115248
100,12,0.164969,15.0,10.694428
100,12,0.175967,16.0,11.273621
100,12,0.186964,17.0,11.852801
100,12,0.197962,18.0,12.43198
100,12,0.20896,19.0,13.011173
100,12,0.219958,20.0,13.590353
100,12,0.230956,21.0,14.169546
100,12,0.241954,22.0,14.789271
100,12,0.252952,23.0,15.418551
100,12,0.26395,24.0,16.047846
100,12,0.274948,25.0,16.677125
100,12,0.285946,26.0,17.306404
100,12,0.296944,27.0,17.935699
100,12,0.307941,28.0,18.564979
100,12,0.318939,29.0,19.194258
100,12,0.329937,30.0,19.823553
100,12,0.340935,31.0,20.452833
100,12,0.351933,32.0,21.082127
100,12,0.362931,33.0,21.711407
100,12,0.373929,34.0,24.120781
100,12,0.384927,35.0,27.292031
100,12,0.395925,36.0,30.463203
100,12,0.406923,37.0,33.634375
100,12,0.417921,38.0,36.805625
100,12,0.428918,39.0,39.976797
100,12,0.439916,40.0,42.434913
100,12,0.450914,41.0,44.502006
100,12,0.461912,42.0,46.569049
100,12,0.47291,43.0,48.636091
100,12,0.483908,44.0,50.703185
100,12,0.494906,45.0,52.770227
100,12,0.505904,46.0,54.837321
100,12,0.516902,47.0,56.904363
100,12,0.5279,48.0,58.971406
100,12,0.538898,49.0,61.038499
100,12,0.549895,50.0,63.105542
100,12,0.560893,51.0,65.172584
100,12,0.571891,52.0,65.940251
100,12,0.582889,53.0,65.586797
100,12,0.593887,54.0,65.233344
100,12,0.604885,55.0,64.879882
100,12,0.615883,56.0,64.526428
100,12,0.626881,57.0,64.172966
100,12,0.637879,58.0,63.819512
100,12,0.648877,59.0,63.466059
100,12,0.659875,60.0,63.112597
100,12,0.670873,61.0,61.925167
100,12,0.68187,62.0,59.739206
100,12,0.692868,63.0,57.55319
100,12,0.703866,64.0,55.367229
100,12,0.714864,65.0,53.181267
100,12,0.725862,66.0,50.995252
100,12,0.73686,67.0,48.809291
100,12,0.747858,68.0,46.623329
100,12,0.758856,69.0,44.437314
100,12,0.769854,70.0,42.251352
100,12,0.780852,71.0,40.065337
100,12,0.79185,72.0,37.879376
100,12,0.802847,73.0,35.760584
100,12,0.813845,74.0,33.768642
100,12,0.824843,75.0,31.77675
100,12,0.835841,76.0,29.784858
100,12,0.846839,77.0,27.792916
100,12,0.857837,78.0,25.801024
100,12,0.868835,79.0,23.809132
100,12,0.879833,80.0,21.81719
100,12,0.890831,81.0,19.825298
100,12,0.901829,82.0,18.281615
100,12,0.912827,83.0,17.985143
100,12,0.923824,84.0,17.688672
100,12,0.934822,85.0,17.392193
100,12,0.94582,86.0,17.095721
100,12,0.956818,87.0,16.79925
100,12,0.967816,88.0,16.502771
100,12,0.978814,89.0,16.206299
100,12,0.989812,90.0,15.909828
100,12,1.00081,91.0,15.613349
100,12,1.011808,92.0,15.316878
100,12,1.022806,93.0,15.020406
100,12,1.033804,94.0,14.73516
100,12,1.044801,95.0,14.510968
100,12,1.055799,96.0,14.286771
100,12,1.066797,97.0,14.06258
100,12,1.077795,98.0,13.838388
100,12,1.088793,99.0,13.614191
100,12,1.099791,100.0,13.39
101,2,0.0,0.0,11.37
101,2,0.010998,1.0,11.49
101,2,0.021996,2.0,11.61
101,2,0.032994,3.0,11.73
101,2,0.043992,4.0,11.85
101,2,0.05499,5.0,11.97
101,2,0.065987,6.0,12.09
101,2,0.076985,7.0,12.21
101,2,0.087983,8.0,12.33
101,2,0.098981,9.0,12.45
101,2,0.109979,10.0,12.57
101,2,0.120977,11.0,12.69
101,2,0.131975,12.0,12.81
101,2,0.142973,13.0,14.074138
101,2,0.153971,14.0,16.482414
101,2,0.164969,15.0,18.6936
101,2,0.175967,16.0,18.7368
101,2,0.186964,17.0,18.78
101,2,0.197962,18.0,18.8232
101,2,0.20896,19.0,18.8664
101,2,0.219958,20.0,18.9096
101,2,0.230956,21.0,18.9528
101,2,0.241954,22.0,18.996
101,2,0.252952,23.0,19.0392
101,2,0.26395,24.0,19.0824
101,2,0.274948,25.0,19.1256
101,2,0.285946,26.0,19.1688
101,2,0.296944,27.0,19.212
101,2,0.307941,28.0,20.306833
101,2,0.318939,29.0,22.152833
101,2,0.329937,30.0,23.998833
101,2,0.340935,31.0,25.844833
101,2,0.351933,32.0,27.690833
101,2,0.362931,33.0,29.619339
101,2,0.373929,34.0,31.606777
101,2,0.384927,35.0,33.594215
101,2,0.395925,36.0,35.581653
101,2,0.406923,37.0,37.569091
101,2,0.417921,38.0,39.556529
101,2,0.428918,39.0,41.543967
101,2,0.439916,40.0,43.531405
101,2,0.450914,41.0,45.518843
101,2,0.461912,42.0,47.506281
101,2,0.47291,43.0,49.637
101,2,0.483908,44.0,51.911
101,2,0.494906,45.0,54.185
101,2,0.505904,46.0,56.459
101,2,0.516902,47.0,58.733
101,2,0.5279,48.0,61.007
101,2,0.538898,49.0,63.281
101,2,0.549895,50.0,65.555
101,2,0.560893,51.0,67.829
101,2,0.571891,52.0,70.103
101,2,0.582889,53.0,70.521154
101,2,0.593887,54.0,69.083462
101,2,0.604885,55.0,67.645769
101,2,0.615883,56.0,66.208077
101,2,0.626881,57.0,64.770385
101,2,0.637879,58.0,63.332692
101,2,0.648877,59.0,61.895
101,2,0.659875,60.0,60.457308
101,2,0.670873,61.0,59.019615
101,2,0.68187,62.0,55.777143
101,2,0.692868,63.0,52.173714
101,2,0.703866,64.0,48.570286
101,2,0.714864,65.0,44.966857
101,2,0.725862,66.0,41.363429
101,2,0.73686,67.0,37.76
101,2,0.747858,68.0,34.156571
101,2,0.758856,69.0,30.553143
101,2,0.769854,70.0,27.092778
101,2,0.780852,71.0,25.206111
101,2,0.79185,72.0,23.319444
101,2,0.802847,73.0,21.432778
101,2,0.813845,74.0,19.546111
101,2,0.824843,75.0,17.659444
101,2,0.835841,76.0,15.772778
101,2,0.846839,77.0,13.886111
101,2,0.857837,78.0,12.430917
101,2,0.868835,79.0,11.283917
101,2,0.879833,80.0,10.136917
101,2,0.890831,81.0,8.989917
101,2,0.901829,82.0,7.842917
101,2,0.912827,83.0,6.695917
101,2,0.923824,84.0,5.548917
101,2,0.934822,85.0,4.401917
101,2,0.94582,86.0,3.254917
101,2,0.956818,87.0,2.107917
101,2,0.967816,88.0,2.295
101,2,0.978814,89.0,3.435
101,2,0.989812,90.0,4.575
101,2,1.00081,91.0,5.715
101,2,1.011808,92.0,6.855
101,2,1.022806,93.0,7.314615
101,2,1.033804,94.0,7.288242
101,2,1.044801,95.0,7.261868
101,2,1.055799,96.0,7.235495
101,2,1.066797,97.0,7.209121
101,2,1.077795,98.0,7.182747
101,2,1.088793,99.0,7.156374
101,2,1.099791,100.0,7.13
101,3,0.0,0.0,7.13
101,3,0.010998,1.0,7.287791
101,3,0.021996,2.0,7.445581
101,3,0.032994,3.0,7.603372
101,3,0.043992,4.0,7.761162
101,3,0.05499,5.0,7.918953
101,3,0.065987,6.0,8.076744
101,3,0.076985,7.0,8.234534
101,3,0.087983,8.0,8.392325
101,3,0.098981,9.0,8.550115
101,3,0.109979,10.0,8.707906
101,3,0.120977,11.0,8.865697
101,3,0.131975,12.0,8.94752
101,3,0.142973,13.0,8.98948
101,3,0.153971,14.0,9.03144
101,3,0.164969,15.0,9.0734
101,3,0.175967,16.0,9.11536
101,3,0.186964,17.0,9.15732
101,3,0.197962,18.0,9.19928
101,3,0.20896,19.0,9.24124
101,3,0.219958,20.0,9.2832
101,3,0.230956,21.0,9.32516
101,3,0.241954,22.0,9.36712
101,3,0.252952,23.0,9.764702
101,3,0.26395,24.0,11.450028
101,3,0.274948,25.0,13.135354
101,3,0.285946,26.0,14.82068
101,3,0.296944,27.0,16.506005
101,3,0.307941,28.0,18.191331
101,3,0.318939,29.0,19.876657
101,3,0.329937,30.0,21.561983
101,3,0.340935,31.0,23.247309
101,3,0.351933,32.0,24.932634
101,3,0.362931,33.0,27.002222
101,3,0.373929,34.0,32.132993
101,3,0.384927,35.0,37.263763
101,3,0.395925,36.0,42.394534
101,3,0.406923,37.0,47.525305
101,3,0.417921,38.0,49.553673
101,3,0.428918,39.0,50.908923
101,3,0.439916,40.0,52.264174
101,3,0.450914,41.0,53.619424
101,3,0.461912,42.0,54.974675
101,3,0.47291,43.0,56.329925
101,3,0.483908,44.0,57.685175
101,3,0.494906,45.0,59.040426
101,3,0.505904,46.0,60.395676
101,3,0.516902,47.0,61.750927
101,3,0.5279,48.0,63.106177
101,3,0.538898,49.0,64.461427
101,3,0.549895,50.0,65.816678
101,3,0.560893,51.0,67.171928
101,3,0.571891,52.0,65.768686
101,3,0.582889,53.0,62.658404
101,3,0.593887,54.0,59.548122
101,3,0.604885,55.0,56.437839
101,3,0.615883,56.0,53.327557
101,3,0.626881,57.0,50.217275
101,3,0.637879,58.0,47.603407
101,3,0.648877,59.0,45.045931
101,3,0.659875,60.0,42.488454
101,3,0.670873,61.0,39.930977
101,3,0.68187,62.0,37.3735
101,3,0.692868,63.0,34.815963
101,3,0.703866,64.0,32.258486
101,3,0.714864,65.0,29.701009
101,3,0.725862,66.0,27.143532
101,3,0.73686,67.0,24.586055
101,3,0.747858,68.0,22.028578
101,3,0.758856,69.0,19.848494
101,3,0.769854,70.0,18.330068
101,3,0.780852,71.0,16.811642
101,3,0.79185,72.0,15.293216
101,3,0.802847,73.0,13.77479
101,3,0.813845,74.0,12.256364
101,3,0.824843,75.0,10.737937
101,3,0.835841,76.0,9.219511
101,3,0.846839,77.0,7.701085
101,3,0.857837,78.0,6.182659
101,3,0.868835,79.0,4.664233
101,3,0.879833,80.0,3.145807
101,3,0.890831,81.0,3.002314
101,3,0.901829,82.0,2.972343
101,3,0.912827,83.0,2.942372
101,3,0.923824,84.0,2.9124
101,3,0.934822,85.0,2.882429
101,3,0.94582,86.0,2.852457
101,3,0.956818,87.0,2.822486
101,3,0.967816,88.0,2.792514
101,3,0.978814,89.0,2.762543
101,3,0.989812,90.0,2.732571
101,3,1.00081,91.0,2.587993
101,3,1.011808,92.0,2.43266
101,3,1.022806,93.0,2.277328
101,3,1.033804,94.0,2.121995
101,3,1.044801,95.0,1.966663
101,3,1.055799,96.0,1.81133
101,3,1.066797,97.0,1.655998
101,3,1.077795,98.0,1.500665
101,3,1.088793,99.0,1.345333
101,3,1.099791,100.0,1.19
101,4,0.0,0.0,1.19
101,4,0.010998,1.0,1.59163
101,4,0.021996,2.0,1.99325
101,4,0.032994,3.0,2.39488
101,4,0.043992,4.0,2.796499
101,4,0.05499,5.0,3.198129
101,4,0.065987,6.0,3.599749
101,4,0.076985,7.0,4.001379
101,4,0.087983,8.0,4.402999
101,4,0.098981,9.0,4.804629
101,4,0.109979,10.0,5.206259
101,4,0.120977,11.0,5.607879
101,4,0.131975,12.0,6.904098
101,4,0.142973,13.0,8.228124
101,4,0.153971,14.0,9.552183
101,4,0.164969,15.0,10.876209
101,4,0.175967,16.0,11.995342
101,4,0.186964,17.0,12.605866
101,4,0.197962,18.0,13.216375
101,4,0.20896,19.0,13.8269
101,4,0.219958,20.0,14.437409
101,4,0.230956,21.0,15.047933
101,4,0.241954,22.0,15.658442
101,4,0.252952,23.0,16.268967
101,4,0.26395,24.0,16.879476
101,4,0.274948,25.0,17.49
101,4,0.285946,26.0,18.100524
101,4,0.296944,27.0,18.711033
101,4,0.307941,28.0,19.321558
101,4,0.318939,29.0,21.065467
101,4,0.329937,30.0,22.929405
101,4,0.340935,31.0,24.793296
101,4,0.351933,32.0,26.657235
101,4,0.362931,33.0,28.521126
101,4,0.373929,34.0,30.385064
101,4,0.384927,35.0,32.249002
101,4,0.395925,36.0,34.112894
101,4,0.406923,37.0,35.976832
101,4,0.417921,38.0,37.876524
101,4,0.428918,39.0,39.822773
101,4,0.439916,40.0,41.768972
101,4,0.450914,41.0,43.71522
101,4,0.461912,42.0,45.661469
101,4,0.47291,43.0,47.607668
101,4,0.483908,44.0,49.553917
101,4,0.494906,45.0,51.500116
101,4,0.505904,46.0,53.446365
101,4,0.516902,47.0,55.392564
101,4,0.5279,48.0,57.338813
101,4,0.538898,49.0,59.285012
101,4,0.549895,50.0,61.149042
101,4,0.560893,51.0,61.515027
101,4,0.571891,52.0,61.881002
101,4,0.582889,53.0,62.246987
101,4,0.593887,54.0,62.612963
101,4,0.604885,55.0,62.978948
101,4,0.615883,56.0,63.344923
101,4,0.626881,57.0,63.710908
101,4,0.637879,58.0,64.076884
101,4,0.648877,59.0,64.442869
101,4,0.659875,60.0,64.808854
101,4,0.670873,61.0,65.174829
101,4,0.68187,62.0,65.540814
101,4,0.692868,63.0,64.105669
101,4,0.703866,64.0,61.283958
101,4,0.714864,65.0,58.462319
101,4,0.725862,66.0,55.640609
101,4,0.73686,67.0,52.818898
101,4,0.747858,68.0,49.997259
101,4,0.758856,69.0,47.175548
101,4,0.769854,70.0,44.35391
101,4,0.780852,71.0,41.532199
101,4,0.79185,72.0,38.71056
101,4,0.802847,73.0,35.888849
101,4,0.813845,74.0,32.244529
101,4,0.824843,75.0,28.135163
101,4,0.835841,76.0,24.025798
101,4,0.846839,77.0,19.916536
101,4,0.857837,78.0,15.807171
101,4,0.868835,79.0,14.853541
101,4,0.879833,80.0,14.447004
101,4,0.890831,81.0,14.040478
101,4,0.901829,82.0,13.633941
101,4,0.912827,83.0,13.227415
101,4,0.923824,84.0,12.820878
101,4,0.934822,85.0,12.414341
101,4,0.94582,86.0,12.007815
101,4,0.956818,87.0,11.601278
101,4,0.967816,88.0,11.194752
101,4,0.978814,89.0,10.788215
101,4,0.989812,90.0,10.381689
101,4,1.00081,91.0,9.975152
101,4,1.011808,92.0,9.568616
101,4,1.022806,93.0,9.162089
101,4,1.033804,94.0,8.755553
101,4,1.044801,95.0,8.349026
101,4,1.055799,96.0,8.654422
101,4,1.066797,97.0,9.290808
101,4,1.077795,98.0,9.927211
101,4,1.088793,99.0,10.563597
101,4,1.099791,100.0,11.2
101,5,0.0,0.0,11.2
101,5,0.010998,1.0,11.060235
101,5,0.021996,2.0,10.920469
101,5,0.032994,3.0,10.780707
101,5,0.043992,4.0,10.640942
101,5,0.05499,5.0,10.501176
101,5,0.065987,6.0,10.361411
101,5,0.076985,7.0,10.221646
101,5,0.087983,8.0,10.081884
101,5,0.098981,9.0,9.942118
101,5,0.109979,10.0,9.802353
101,5,0.120977,11.0,9.809642
101,5,0.131975,12.0,9.880867
101,5,0.142973,13.0,9.952091
101,5,0.153971,14.0,10.023316
101,5,0.164969,15.0,10.094542
101,5,0.175967,16.0,10.165767
101,5,0.186964,17.0,10.236992
101,5,0.197962,18.0,10.308216
101,5,0.20896,19.0,10.379441
101,5,0.219958,20.0,10.450667
101,5,0.230956,21.0,10.711663
101,5,0.241954,22.0,11.400308
101,5,0.252952,23.0,12.088938
101,5,0.26395,24.0,12.777582
101,5,0.274948,25.0,13.466226
101,5,0.285946,26.0,14.154871
101,5,0.296944,27.0,14.843515
101,5,0.307941,28.0,15.532145
101,5,0.318939,29.0,16.22079
101,5,0.329937,30.0,17.079
101,5,0.340935,31.0,19.073308
101,5,0.351933,32.0,21.067617
101,5,0.362931,33.0,23.061883
101,5,0.373929,34.0,25.056192
101,5,0.384927,35.0,27.0505
101,5,0.395925,36.0,29.044808
101,5,0.406923,37.0,31.039117
101,5,0.417921,38.0,33.033383
101,5,0.428918,39.0,35.074299
101,5,0.439916,40.0,38.265
101,5,0.450914,41.0,41.455701
101,5,0.461912,42.0,44.646402
101,5,0.47291,43.0,47.837036
101,5,0.483908,44.0,51.027737
101,5,0.494906,45.0,54.218438
101,5,0.505904,46.0,57.409138
101,5,0.516902,47.0,60.599839
101,5,0.5279,48.0,63.673602
101,5,0.538898,49.0,63.488801
101,5,0.549895,50.0,63.304
101,5,0.560893,51.0,63.119199
101,5,0.571891,52.0,62.771307
101,5,0.582889,53.0,61.409286
101,5,0.593887,54.0,60.047235
101,5,0.604885,55.0,58.685185
101,5,0.615883,56.0,57.323135
101,5,0.626881,57.0,55.961085
101,5,0.637879,58.0,54.599063
101,5,0.648877,59.0,53.237013
101,5,0.659875,60.0,51.874963
101,5,0.670873,61.0,50.512913
101,5,0.68187,62.0,49.150863
101,5,0.692868,63.0,47.788841
101,5,0.703866,64.0,45.354538
101,5,0.714864,65.0,41.610815
101,5,0.725862,66.0,37.867093
101,5,0.73686,67.0,34.123371
101,5,0.747858,68.0,30.379727
101,5,0.758856,69.0,26.636005
101,5,0.769854,70.0,22.892283
101,5,0.780852,71.0,19.14856
101,5,0.79185,72.0,16.606342
101,5,0.802847,73.0,15.340717
101,5,0.813845,74.0,14.075064
101,5,0.824843,75.0,12.809412
101,5,0.835841,76.0,11.543759
101,5,0.846839,77.0,10.278107
101,5,0.857837,78.0,9.012481
101,5,0.868835,79.0,7.746829
101,5,0.879833,80.0,6.481176
101,5,0.890831,81.0,5.215524
101,5,0.901829,82.0,4.162999
101,5,0.912827,83.0,4.069501
101,5,0.923824,84.0,3.976
101,5,0.934822,85.0,3.8825
101,5,0.94582,86.0,3.789
101,5,0.956818,87.0,3.695499
101,5,0.967816,88.0,3.602001
101,5,0.978814,89.0,3.5085
101,5,0.989812,90.0,3.415
101,5,1.00081,91.0,3.301499
101,5,1.011808,92.0,2.987997
101,5,1.022806,93.0,2.674503
101,5,1.033804,94.0,2.361001
101,5,1.044801,95.0,2.0475
101,5,1.055799,96.0,1.733999
101,5,1.066797,97.0,1.420497
101,5,1.077795,98.0,1.107003
101,5,1.088793,99.0,0.793501
101,5,1.099791,100.0,0.48
101,6,0.0,0.0,0.48
101,6,0.010998,1.0,1.564354
101,6,0.021996,2.0,2.648732
101,6,0.032994,3.0,3.733086
101,6,0.043992,4.0,4.817464
101,6,0.05499,5.0,5.136642
101,6,0.065987,6.0,5.340016
101,6,0.076985,7.0,5.543396
101,6,0.087983,8.0,5.74677
101,6,0.098981,9.0,5.950149
101,6,0.109979,10.0,6.153524
101,6,0.120977,11.0,6.356899
101,6,0.131975,12.0,6.560278
101,6,0.142973,13.0,6.763653
101,6,0.153971,14.0,6.967032
101,6,0.164969,15.0,7.170407
101,6,0.175967,16.0,7.373781
101,6,0.186964,17.0,7.577161
101,6,0.197962,18.0,7.780535
101,6,0.20896,19.0,7.983915
101,6,0.219958,20.0,8.661333
101,6,0.230956,21.0,10.547549
101,6,0.241954,22.0,12.433809
101,6,0.252952,23.0,14.320025
101,6,0.26395,24.0,16.185314
101,6,0.274948,25.0,17.699375
101,6,0.285946,26.0,19.213436
101,6,0.296944,27.0,20.727532
101,6,0.307941,28.0,22.241593
101,6,0.318939,29.0,23.755689
101,6,0.329937,30.0,25.26975
101,6,0.340935,31.0,26.783811
101,6,0.351933,32.0,28.297907
101,6,0.362931,33.0,29.811968
101,6,0.373929,34.0,31.326064
101,6,0.384927,35.0,32.840125
101,6,0.395925,36.0,34.755276
101,6,0.406923,37.0,36.777908
101,6,0.417921,38.0,38.800495
101,6,0.428918,39.0,40.823128
101,6,0.439916,40.0,42.845714
101,6,0.450914,41.0,44.868301
101,6,0.461912,42.0,46.890934
101,6,0.47291,43.0,48.91352
101,6,0.483908,44.0,50.936153
101,6,0.494906,45.0,52.958739
101,6,0.505904,46.0,54.981326
101,6,0.516902,47.0,56.311811
101,6,0.5279,48.0,57.209015
101,6,0.538898,49.0,58.106239
101,6,0.549895,50.0,59.003443
101,6,0.560893,51.0,59.900647
101,6,0.571891,52.0,60.797872
101,6,0.582889,53.0,61.695076
101,6,0.593887,54.0,62.592301
101,6,0.604885,55.0,63.489505
101,6,0.615883,56.0,64.386709
101,6,0.626881,57.0,63.346462
101,6,0.637879,58.0,61.316895
101,6,0.648877,59.0,59.287281
101,6,0.659875,60.0,57.257714
101,6,0.670873,61.0,55.228147
101,6,0.68187,62.0,53.198534
101,6,0.692868,63.0,51.168966
101,6,0.703866,64.0,49.139353
101,6,0.714864,65.0,47.109786
101,6,0.725862,66.0,45.080219
101,6,0.73686,67.0,42.51073
101,6,0.747858,68.0,39.808698
101,6,0.758856,69.0,37.106604
101,6,0.769854,70.0,34.404571
101,6,0.780852,71.0,31.702539
101,6,0.79185,72.0,29.000445
101,6,0.802847,73.0,26.298412
101,6,0.813845,74.0,23.596318
101,6,0.824843,75.0,20.894286
101,6,0.835841,76.0,18.192253
101,6,0.846839,77.0,15.36892
101,6,0.857837,78.0,12.538413
101,6,0.868835,79.0,9.707841
101,6,0.879833,80.0,6.877333
101,6,0.890831,81.0,6.061513
101,6,0.901829,82.0,6.035775
101,6,0.912827,83.0,6.010038
101,6,0.923824,84.0,5.9843
101,6,0.934822,85.0,5.958563
101,6,0.94582,86.0,5.932825
101,6,0.956818,87.0,5.907087
101,6,0.967816,88.0,5.88135
101,6,0.978814,89.0,5.855612
101,6,0.989812,90.0,5.829875
101,6,1.00081,91.0,5.804138
101,6,1.011808,92.0,5.748933
101,6,1.022806,93.0,5.657817
101,6,1.033804,94.0,5.566699
101,6,1.044801,95.0,5.475583
101,6,1.055799,96.0,5.384468
101,6,1.066797,97.0,5.29335
101,6,1.077795,98.0,5.202234
101,6,1.088793,99.0,5.111116
101,6,1.099791,100.0,5.02
101,7,0.0,0.0,5.02
101,7,0.010998,1.0,5.052933
101,7,0.021996,2.0,5.085866
101,7,0.032994,3.0,5.1188
101,7,0.043992,4.0,5.151733
101,7,0.05499,5.0,5.184667
101,7,0.065987,6.0,5.2176
101,7,0.076985,7.0,5.250533
101,7,0.087983,8.0,5.283467
101,7,0.098981,9.0,5.3164
101,7,0.109979,10.0,5.349333
101,7,0.120977,11.0,5.382267
101,7,0.131975,12.0,5.382515
101,7,0.142973,13.0,5.344628
101,7,0.153971,14.0,5.306743
101,7,0.164969,15.0,5.268857
101,7,0.175967,16.0,5.230972
101,7,0.186964,17.0,5.193086
101,7,0.197962,18.0,5.1552
101,7,0.20896,19.0,5.117314
101,7,0.219958,20.0,5.079429
101,7,0.230956,21.0,5.309169
101,7,0.241954,22.0,5.820624
101,7,0.252952,23.0,6.33209
101,7,0.26395,24.0,6.843545
101,7,0.274948,25.0,7.355
101,7,0.285946,26.0,7.866455
101,7,0.296944,27.0,8.37791
101,7,0.307941,28.0,8.889376
101,7,0.318939,29.0,9.400831
101,7,0.329937,30.0,11.735333
101,7,0.340935,31.0,15.801716
101,7,0.351933,32.0,19.868099
101,7,0.362931,33.0,23.934567
101,7,0.373929,34.0,27.109662
101,7,0.384927,35.0,29.839128
101,7,0.395925,36.0,32.568593
101,7,0.406923,37.0,35.298058
101,7,0.417921,38.0,38.02758
101,7,0.428918,39.0,40.757045
101,7,0.439916,40.0,43.48651
101,7,0.450914,41.0,46.215975
101,7,0.461912,42.0,48.94544
101,7,0.47291,43.0,51.674962
101,7,0.483908,44.0,54.404427
101,7,0.494906,45.0,57.133893
101,7,0.505904,46.0,59.863358
101,7,0.516902,47.0,60.43513
101,7,0.5279,48.0,60.848537
101,7,0.538898,49.0,61.261935
101,7,0.549895,50.0,61.675333
101,7,0.560893,51.0,62.088732
101,7,0.571891,52.0,61.24477
101,7,0.582889,53.0,60.093123
101,7,0.593887,54.0,58.941499
101,7,0.604885,55.0,57.789876
101,7,0.615883,56.0,56.638253
101,7,0.626881,57.0,55.486629
101,7,0.637879,58.0,54.334982
101,7,0.648877,59.0,53.183359
101,7,0.659875,60.0,52.031736
101,7,0.670873,61.0,50.880112
101,7,0.68187,62.0,48.798426
101,7,0.692868,63.0,45.631574
101,7,0.703866,64.0,42.464787
101,7,0.714864,65.0,39.298
101,7,0.725862,66.0,36.131213
101,7,0.73686,67.0,32.964426
101,7,0.747858,68.0,29.797574
101,7,0.758856,69.0,26.630787
101,7,0.769854,70.0,23.464
101,7,0.780852,71.0,20.297213
101,7,0.79185,72.0,17.493155
101,7,0.802847,73.0,16.094703
101,7,0.813845,74.0,14.69628
101,7,0.824843,75.0,13.297857
101,7,0.835841,76.0,11.899434
101,7,0.846839,77.0,10.501012
101,7,0.857837,78.0,9.10256
101,7,0.868835,79.0,7.704137
101,7,0.879833,80.0,6.305714
101,7,0.890831,81.0,5.274999
101,7,0.901829,82.0,5.469998
101,7,0.912827,83.0,5.665002
101,7,0.923824,84.0,5.860001
101,7,0.934822,85.0,6.055
101,7,0.94582,86.0,6.249999
101,7,0.956818,87.0,6.444998
101,7,0.967816,88.0,6.640002
101,7,0.978814,89.0,6.835001
101,7,0.989812,90.0,6.99325
101,7,1.00081,91.0,7.044925
101,7,1.011808,92.0,7.0966
101,7,1.022806,93.0,7.148275
101,7,1.033804,94.0,7.19995
101,7,1.044801,95.0,7.251625
101,7,1.055799,96.0,7.3033
101,7,1.066797,97.0,7.354975
101,7,1.077795,98.0,7.40665
101,7,1.088793,99.0,7.458325
101,7,1.099791,100.0,7.51
101,8,0.0,0.0,7.51
101,8,0.010998,1.0,9.267811
101,8,0.021996,2.0,11.025577
101,8,0.032994,3.0,12.783388
101,8,0.043992,4.0,13.143947
101,8,0.05499,5.0,13.474793
101,8,0.065987,6.0,13.80564
101,8,0.076985,7.0,14.136478
101,8,0.087983,8.0,14.467324
101,8,0.098981,9.0,14.798162
101,8,0.109979,10.0,15.129008
101,8,0.120977,11.0,15.459855
101,8,0.131975,12.0,15.790693
101,8,0.142973,13.0,16.121539
101,8,0.153971,14.0,16.452377
101,8,0.164969,15.0,16.783223
101,8,0.175967,16.0,17.32493
101,8,0.186964,17.0,18.21804
101,8,0.197962,18.0,19.111173
101,8,0.20896,19.0,20.004283
101,8,0.219958,20.0,20.897416
101,8,0.230956,21.0,21.790548
101,8,0.241954,22.0,22.683658
101,8,0.252952,23.0,23.576791
101,8,0.26395,24.0,24.469901
101,8,0.274948,25.0,25.382848
101,8,0.285946,26.0,26.466196
101,8,0.296944,27.0,27.549518
101,8,0.307941,28.0,28.632866
101,8,0.318939,29.0,29.716188
101,8,0.329937,30.0,30.799536
101,8,0.340935,31.0,31.882885
101,8,0.351933,32.0,32.966206
101,8,0.362931,33.0,34.049555
101,8,0.373929,34.0,35.132876
101,8,0.384927,35.0,36.216225
101,8,0.395925,36.0,37.299574
101,8,0.406923,37.0,38.382895
101,8,0.417921,38.0,39.466244
101,8,0.428918,39.0,40.549565
101,8,0.439916,40.0,41.632914
101,8,0.450914,41.0,43.372429
101,8,0.461912,42.0,46.205452
101,8,0.47291,43.0,49.038548
101,8,0.483908,44.0,51.871571
101,8,0.494906,45.0,54.704667
101,8,0.505904,46.0,57.537762
101,8,0.516902,47.0,60.370786
101,8,0.5279,48.0,63.203881
101,8,0.538898,49.0,66.036905
101,8,0.549895,50.0,68.87
101,8,0.560893,51.0,68.807828
101,8,0.571891,52.0,68.745657
101,8,0.582889,53.0,68.683485
101,8,0.593887,54.0,68.621315
101,8,0.604885,55.0,68.559143
101,8,0.615883,56.0,68.496971
101,8,0.626881,57.0,68.4348
101,8,0.637879,58.0,68.372628
101,8,0.648877,59.0,68.310458
101,8,0.659875,60.0,68.248286
101,8,0.670873,61.0,67.837276
101,8,0.68187,62.0,62.194695
101,8,0.692868,63.0,56.551971
101,8,0.703866,64.0,50.909391
101,8,0.714864,65.0,45.266667
101,8,0.725862,66.0,41.022621
101,8,0.73686,67.0,39.10969
101,8,0.747858,68.0,37.19671
101,8,0.758856,69.0,35.283779
101,8,0.769854,70.0,33.3708
101,8,0.780852,71.0,31.457821
101,8,0.79185,72.0,29.54489
101,8,0.802847,73.0,27.63191
101,8,0.813845,74.0,25.718979
101,8,0.824843,75.0,23.806
101,8,0.835841,76.0,21.893021
101,8,0.846839,77.0,19.98009
101,8,0.857837,78.0,18.06711
101,8,0.868835,79.0,16.154179
101,8,0.879833,80.0,14.2412
101,8,0.890831,81.0,12.328221
101,8,0.901829,82.0,11.652001
101,8,0.912827,83.0,11.387999
101,8,0.923824,84.0,11.124003
101,8,0.934822,85.0,10.86
101,8,0.94582,86.0,10.595997
101,8,0.956818,87.0,10.332001
101,8,0.967816,88.0,10.2364
101,8,0.978814,89.0,10.309199
101,8,0.989812,90.0,10.382
101,8,1.00081,91.0,10.454801
101,8,1.011808,92.0,10.5276
101,8,1.022806,93.0,10.6004
101,8,1.033804,94.0,10.673199
101,8,1.044801,95.0,10.746
101,8,1.055799,96.0,10.818801
101,8,1.066797,97.0,10.8916
101,8,1.077795,98.0,10.9644
101,8,1.088793,99.0,11.037199
101,8,1.099791,100.0,11.11
101,9,0.0,0.0,11.11
101,9,0.010998,1.0,10.60375
101,9,0.021996,2.0,10.0975
101,9,0.032994,3.0,9.59125
101,9,0.043992,4.0,9.085
101,9,0.05499,5.0,8.57875
101,9,0.065987,6.0,8.0725
101,9,0.076985,7.0,7.56625
101,9,0.087983,8.0,7.06
101,9,0.098981,9.0,6.55375
101,9,0.109979,10.0,6.0475
101,9,0.120977,11.0,5.829375
101,9,0.131975,12.0,6.1875
101,9,0.142973,13.0,6.545625
101,9,0.153971,14.0,6.90375
101,9,0.164969,15.0,7.261875
101,9,0.175967,16.0,7.62
101,9,0.186964,17.0,7.978125
101,9,0.197962,18.0,8.33625
101,9,0.20896,19.0,8.694375
101,9,0.219958,20.0,9.0525
101,9,0.230956,21.0,9.410625
101,9,0.241954,22.0,10.27875
101,9,0.252952,23.0,11.401875
101,9,0.26395,24.0,12.525
101,9,0.274948,25.0,13.648125
101,9,0.285946,26.0,14.77125
101,9,0.296944,27.0,15.734722
101,9,0.307941,28.0,16.378889
101,9,0.318939,29.0,17.023056
101,9,0.329937,30.0,17.667222
101,9,0.340935,31.0,18.311389
101,9,0.351933,32.0,18.955556
101,9,0.362931,33.0,19.599722
101,9,0.373929,34.0,20.243889
101,9,0.384927,35.0,20.888056
101,9,0.395925,36.0,21.532222
101,9,0.406923,37.0,22.176389
101,9,0.417921,38.0,22.820556
101,9,0.428918,39.0,24.258214
101,9,0.439916,40.0,27.282857
101,9,0.450914,41.0,30.3075
101,9,0.461912,42.0,33.332143
101,9,0.47291,43.0,36.356786
101,9,0.483908,44.0,39.381429
101,9,0.494906,45.0,42.406071
101,9,0.505904,46.0,45.430714
101,9,0.516902,47.0,48.455357
101,9,0.5279,48.0,51.48
101,9,0.538898,49.0,54.132331
101,9,0.549895,50.0,56.784661
101,9,0.560893,51.0,59.436992
101,9,0.571891,52.0,62.089322
101,9,0.582889,53.0,64.741653
101,9,0.593887,54.0,64.813681
101,9,0.604885,55.0,64.050907
101,9,0.615883,56.0,63.288132
101,9,0.626881,57.0,62.525357
101,9,0.637879,58.0,61.762582
101,9,0.648877,59.0,60.999808
101,9,0.659875,60.0,60.237033
101,9,0.670873,61.0,59.474258
101,9,0.68187,62.0,57.505
101,9,0.692868,63.0,54.9325
101,9,0.703866,64.0,52.36
101,9,0.714864,65.0,49.7875
101,9,0.725862,66.0,47.215
101,9,0.73686,67.0,44.6425
101,9,0.747858,68.0,42.07
101,9,0.758856,69.0,39.4975
101,9,0.769854,70.0,36.925
101,9,0.780852,71.0,34.3525
101,9,0.79185,72.0,31.78
101,9,0.802847,73.0,28.973125
101,9,0.813845,74.0,26.16625
101,9,0.824843,75.0,23.359375
101,9,0.835841,76.0,20.5525
101,9,0.846839,77.0,17.745625
101,9,0.857837,78.0,14.93875
101,9,0.868835,79.0,12.131875
101,9,0.879833,80.0,9.325
101,9,0.890831,81.0,6.518125
101,9,0.901829,82.0,3.71125
101,9,0.912827,83.0,2.083125
101,9,0.923824,84.0,2.8125
101,9,0.934822,85.0,3.541875
101,9,0.94582,86.0,4.27125
101,9,0.956818,87.0,5.000625
101,9,0.967816,88.0,5.73
101,9,0.978814,89.0,6.459375
101,9,0.989812,90.0,7.18875
101,9,1.00081,91.0,7.918125
101,9,1.011808,92.0,8.6475
101,9,1.022806,93.0,9.376875
101,9,1.033804,94.0,9.46
101,9,1.044801,95.0,9.22
101,9,1.055799,96.0,8.98
101,9,1.066797,97.0,8.74
101,9,1.077795,98.0,8.5
101,9,1.088793,99.0,8.26
101,9,1.099791,100.0,8.02
101,10,0.0,0.0,8.02
101,10,0.010998,1.0,7.798915
101,10,0.021996,2.0,7.577831
101,10,0.032994,3.0,7.356741
101,10,0.043992,4.0,7.135656
101,10,0.05499,5.0,6.914571
101,10,0.065987,6.0,6.693487
101,10,0.076985,7.0,6.472402
101,10,0.087983,8.0,6.251312
101,10,0.098981,9.0,6.030228
101,10,0.109979,10.0,6.095857
101,10,0.120977,11.0,6.572441
101,10,0.131975,12.0,7.049024
101,10,0.142973,13.0,7.525619
101,10,0.153971,14.0,8.002202
101,10,0.164969,15.0,8.478786
101,10,0.175967,16.0,8.955369
101,10,0.186964,17.0,9.431953
101,10,0.197962,18.0,9.908547
101,10,0.20896,19.0,10.385131
101,10,0.219958,20.0,11.142
101,10,0.230956,21.0,11.959596
101,10,0.241954,22.0,12.777193
101,10,0.252952,23.0,13.594807
101,10,0.26395,24.0,14.412404
101,10,0.274948,25.0,15.23
101,10,0.285946,26.0,16.047596
101,10,0.296944,27.0,16.865193
101,10,0.307941,28.0,17.924182
101,10,0.318939,29.0,19.142234
101,10,0.329937,30.0,20.360286
101,10,0.340935,31.0,21.578337
101,10,0.351933,32.0,22.796389
101,10,0.362931,33.0,24.014468
101,10,0.373929,34.0,25.23252
101,10,0.384927,35.0,26.450571
101,10,0.395925,36.0,27.668623
101,10,0.406923,37.0,28.91016
101,10,0.417921,38.0,31.843769
101,10,0.428918,39.0,34.777313
101,10,0.439916,40.0,37.710857
101,10,0.450914,41.0,40.644401
101,10,0.461912,42.0,43.577945
101,10,0.47291,43.0,46.511555
101,10,0.483908,44.0,49.445099
101,10,0.494906,45.0,52.378643
101,10,0.505904,46.0,55.312187
101,10,0.516902,47.0,57.527432
101,10,0.5279,48.0,58.769497
101,10,0.538898,49.0,60.011534
101,10,0.549895,50.0,61.253571
101,10,0.560893,51.0,62.495609
101,10,0.571891,52.0,63.737646
101,10,0.582889,53.0,64.979711
101,10,0.593887,54.0,66.221748
101,10,0.604885,55.0,67.463786
101,10,0.615883,56.0,68.705823
101,10,0.626881,57.0,67.591543
101,10,0.637879,58.0,66.013672
101,10,0.648877,59.0,64.435836
101,10,0.659875,60.0,62.858
101,10,0.670873,61.0,61.280164
101,10,0.68187,62.0,59.702328
101,10,0.692868,63.0,58.124457
101,10,0.703866,64.0,56.546622
101,10,0.714864,65.0,54.968786
101,10,0.725862,66.0,51.913434
101,10,0.73686,67.0,44.343368
101,10,0.747858,68.0,36.773132
101,10,0.758856,69.0,29.203066
101,10,0.769854,70.0,22.509
101,10,0.780852,71.0,21.333705
101,10,0.79185,72.0,20.15841
101,10,0.802847,73.0,18.98309
101,10,0.813845,74.0,17.807795
101,10,0.824843,75.0,16.6325
101,10,0.835841,76.0,15.457205
101,10,0.846839,77.0,14.28191
101,10,0.857837,78.0,13.10659
101,10,0.868835,79.0,11.931295
101,10,0.879833,80.0,10.756
101,10,0.890831,81.0,9.580705
101,10,0.901829,82.0,8.40541
101,10,0.912827,83.0,8.427803
101,10,0.923824,84.0,8.734401
101,10,0.934822,85.0,9.041
101,10,0.94582,86.0,9.347599
101,10,0.956818,87.0,9.654197
101,10,0.967816,88.0,9.960803
101,10,0.978814,89.0,10.267401
101,10,0.989812,90.0,10.574
101,10,1.00081,91.0,10.880599
101,10,1.011808,92.0,11.187197
101,10,1.022806,93.0,11.493803
101,10,1.033804,94.0,11.649121
101,10,1.044801,95.0,11.7776
101,10,1.055799,96.0,11.906079
101,10,1.066797,97.0,12.034559
101,10,1.077795,98.0,12.163041
101,10,1.088793,99.0,12.291521
101,10,1.099791,100.0,12.42
101,11,0.0,0.0,12.42
101,11,0.010998,1.0,11.979898
101,11,0.021996,2.0,11.539796
101,11,0.032994,3.0,11.099704
101,11,0.043992,4.0,10.659602
101,11,0.05499,5.0,10.2195
101,11,0.065987,6.0,9.779398
101,11,0.076985,7.0,9.339296
101,11,0.087983,8.0,8.899204
101,11,0.098981,9.0,8.459102
101,11,0.109979,10.0,8.019
101,11,0.120977,11.0,7.578898
101,11,0.131975,12.0,7.69823
101,11,0.142973,13.0,7.887484
101,11,0.153971,14.0,8.076742
101,11,0.164969,15.0,8.266
101,11,0.175967,16.0,8.455258
101,11,0.186964,17.0,8.644516
101,11,0.197962,18.0,8.83377
101,11,0.20896,19.0,9.023028
101,11,0.219958,20.0,9.212286
101,11,0.230956,21.0,9.602006
101,11,0.241954,22.0,10.994013
101,11,0.252952,23.0,12.385987
101,11,0.26395,24.0,13.777994
101,11,0.274948,25.0,15.17
101,11,0.285946,26.0,15.896483
101,11,0.296944,27.0,16.622967
101,11,0.307941,28.0,17.349433
101,11,0.318939,29.0,18.075917
101,11,0.329937,30.0,18.8024
101,11,0.340935,31.0,19.528883
101,11,0.351933,32.0,20.255367
101,11,0.362931,33.0,20.981833
101,11,0.373929,34.0,21.708317
101,11,0.384927,35.0,22.4348
101,11,0.395925,36.0,23.161283
101,11,0.406923,37.0,23.887767
101,11,0.417921,38.0,24.614233
101,11,0.428918,39.0,25.671783
101,11,0.439916,40.0,29.378
101,11,0.450914,41.0,33.084217
101,11,0.461912,42.0,36.790434
101,11,0.47291,43.0,40.496566
101,11,0.483908,44.0,44.202783
101,11,0.494906,45.0,46.6635
101,11,0.505904,46.0,48.127807
101,11,0.516902,47.0,49.592113
101,11,0.5279,48.0,51.056387
101,11,0.538898,49.0,52.520693
101,11,0.549895,50.0,53.985
101,11,0.560893,51.0,55.449307
101,11,0.571891,52.0,56.913613
101,11,0.582889,53.0,58.377887
101,11,0.593887,54.0,59.842193
101,11,0.604885,55.0,61.3065
101,11,0.615883,56.0,61.833597
101,11,0.626881,57.0,61.189194
101,11,0.637879,58.0,60.544806
101,11,0.648877,59.0,59.900403
101,11,0.659875,60.0,59.256
101,11,0.670873,61.0,58.611597
101,11,0.68187,62.0,57.967194
101,11,0.692868,63.0,57.322806
101,11,0.703866,64.0,56.678403
101,11,0.714864,65.0,56.034
101,11,0.725862,66.0,55.389597
101,11,0.73686,67.0,54.745194
101,11,0.747858,68.0,54.100806
101,11,0.758856,69.0,53.456403
101,11,0.769854,70.0,50.4468
101,11,0.780852,71.0,45.545018
101,11,0.79185,72.0,40.643236
101,11,0.802847,73.0,35.741564
101,11,0.813845,74.0,30.839782
101,11,0.824843,75.0,25.938
101,11,0.835841,76.0,21.036218
101,11,0.846839,77.0,18.296502
101,11,0.857837,78.0,16.932641
101,11,0.868835,79.0,15.568749
101,11,0.879833,80.0,14.204857
101,11,0.890831,81.0,12.840965
101,11,0.901829,82.0,11.477073
101,11,0.912827,83.0,10.113212
101,11,0.923824,84.0,8.74932
101,11,0.934822,85.0,7.385429
101,11,0.94582,86.0,6.021537
101,11,0.956818,87.0,6.028173
101,11,0.967816,88.0,6.206113
101,11,0.978814,89.0,6.384056
101,11,0.989812,90.0,6.562
101,11,1.00081,91.0,6.739944
101,11,1.011808,92.0,6.917887
101,11,1.022806,93.0,7.095827
101,11,1.033804,94.0,7.273771
101,11,1.044801,95.0,7.451714
101,11,1.055799,96.0,7.703603
101,11,1.066797,97.0,8.325206
101,11,1.077795,98.0,8.946794
101,11,1.088793,99.0,9.568397
101,11,1.099791,100.0,10.19
102,2,0.0,0.0,9.99
102,2,0.010998,1.0,9.568196
102,2,0.021996,2.0,9.146402
102,2,0.032994,3.0,8.724598
102,2,0.043992,4.0,8.302804
102,2,0.05499,5.0,7.881
102,2,0.065987,6.0,7.459196
102,2,0.076985,7.0,7.037402
102,2,0.087983,8.0,6.615598
102,2,0.098981,9.0,6.193804
102,2,0.109979,10.0,6.232941
102,2,0.120977,11.0,6.663886
102,2,0.131975,12.0,7.094822
102,2,0.142973,13.0,7.525767
102,2,0.153971,14.0,7.956702
102,2,0.164969,15.0,8.387647
102,2,0.175967,16.0,8.818592
102,2,0.186964,17.0,9.249528
102,2,0.197962,18.0,9.680472
102,2,0.20896,19.0,10.111408
102,2,0.219958,20.0,10.542353
102,2,0.230956,21.0,11.326455
102,2,0.241954,22.0,12.188154
102,2,0.252952,23.0,13.049872
102,2,0.26395,24.0,13.911571
102,2,0.274948,25.0,14.773289
102,2,0.285946,26.0,15.635008
102,2,0.296944,27.0,16.496707
102,2,0.307941,28.0,17.572105
102,2,0.318939,29.0,18.653415
102,2,0.329937,30.0,19.73475
102,2,0.340935,31.0,20.816085
102,2,0.351933,32.0,21.897395
102,2,0.362931,33.0,22.97873
102,2,0.373929,34.0,24.06004
102,2,0.384927,35.0,25.141375
102,2,0.395925,36.0,26.22271
102,2,0.406923,37.0,27.30402
102,2,0.417921,38.0,28.724814
102,2,0.428918,39.0,31.899372
102,2,0.439916,40.0,35.074
102,2,0.450914,41.0,38.248628
102,2,0.461912,42.0,41.423186
102,2,0.47291,43.0,44.597814
102,2,0.483908,44.0,47.772372
102,2,0.494906,45.0,50.947
102,2,0.505904,46.0,54.043847
102,2,0.516902,47.0,55.779715
102,2,0.5279,48.0,57.515621
102,2,0.538898,49.0,59.251489
102,2,0.549895,50.0,60.987395
102,2,0.560893,51.0,62.723301
102,2,0.571891,52.0,64.459169
102,2,0.582889,53.0,66.195075
102,2,0.593887,54.0,67.930943
102,2,0.604885,55.0,69.666849
102,2,0.615883,56.0,71.402755
102,2,0.626881,57.0,72.136453
102,2,0.637879,58.0,70.865784
102,2,0.648877,59.0,69.595143
102,2,0.659875,60.0,68.324474
102,2,0.670873,61.0,67.053805
102,2,0.68187,62.0,65.783163
102,2,0.692868,63.0,64.512494
102,2,0.703866,64.0,62.530274
102,2,0.714864,65.0,59.796875
102,2,0.725862,66.0,57.063476
102,2,0.73686,67.0,54.330137
102,2,0.747858,68.0,51.596738
102,2,0.758856,69.0,48.863399
102,2,0.769854,70.0,46.13
102,2,0.780852,71.0,43.396601
102,2,0.79185,72.0,40.663262
102,2,0.802847,73.0,37.929863
102,2,0.813845,74.0,35.196524
102,2,0.824843,75.0,32.662799
102,2,0.835841,76.0,30.224919
102,2,0.846839,77.0,27.787093
102,2,0.857837,78.0,25.349213
102,2,0.868835,79.0,22.911387
102,2,0.879833,80.0,20.473507
102,2,0.890831,81.0,18.035628
102,2,0.901829,82.0,15.597802
102,2,0.912827,83.0,13.159922
102,2,0.923824,84.0,10.722096
102,2,0.934822,85.0,8.284216
102,2,0.94582,86.0,5.846337
102,2,0.956818,87.0,5.29629
102,2,0.967816,88.0,5.985976
102,2,0.978814,89.0,6.675647
102,2,0.989812,90.0,7.365333
102,2,1.00081,91.0,8.055019
102,2,1.011808,92.0,8.74469
102,2,1.022806,93.0,9.434376
102,2,1.033804,94.0,9.261713
102,2,1.044801,95.0,8.933092
102,2,1.055799,96.0,8.604471
102,2,1.066797,97.0,8.275857
102,2,1.077795,98.0,7.947235
102,2,1.088793,99.0,7.618621
102,2,1.099791,100.0,7.29
102,3,0.0,0.0,7.29
102,3,0.010998,1.0,7.10775
102,3,0.021996,2.0,6.9255
102,3,0.032994,3.0,6.74325
102,3,0.043992,4.0,6.561
102,3,0.05499,5.0,6.37875
102,3,0.065987,6.0,6.1965
102,3,0.076985,7.0,6.01425
102,3,0.087983,8.0,5.832
102,3,0.098981,9.0,5.64975
102,3,0.109979,10.0,5.4675
102,3,0.120977,11.0,5.28525
102,3,0.131975,12.0,5.103
102,3,0.142973,13.0,4.92075
102,3,0.153971,14.0,5.606591
102,3,0.164969,15.0,6.726477
102,3,0.175967,16.0,7.846364
102,3,0.186964,17.0,8.96625
102,3,0.197962,18.0,9.916762
102,3,0.20896,19.0,10.812476
102,3,0.219958,20.0,11.70819
102,3,0.230956,21.0,12.603905
102,3,0.241954,22.0,13.499619
102,3,0.252952,23.0,14.395333
102,3,0.26395,24.0,15.291048
102,3,0.274948,25.0,16.186762
102,3,0.285946,26.0,17.082476
102,3,0.296944,27.0,18.343714
102,3,0.307941,28.0,20.105143
102,3,0.318939,29.0,21.866571
102,3,0.329937,30.0,23.628
102,3,0.340935,31.0,25.389429
102,3,0.351933,32.0,27.150857
102,3,0.362931,33.0,28.912286
102,3,0.373929,34.0,30.673714
102,3,0.384927,35.0,32.435143
102,3,0.395925,36.0,34.278017
102,3,0.406923,37.0,36.955702
102,3,0.417921,38.0,39.633388
102,3,0.428918,39.0,42.311074
102,3,0.439916,40.0,44.98876
102,3,0.450914,41.0,47.666446
102,3,0.461912,42.0,50.344132
102,3,0.47291,43.0,53.021818
102,3,0.483908,44.0,55.699504
102,3,0.494906,45.0,58.37719
102,3,0.505904,46.0,61.054876
102,3,0.516902,47.0,63.134444
102,3,0.5279,48.0,64.017778
102,3,0.538898,49.0,64.901111
102,3,0.549895,50.0,65.784444
102,3,0.560893,51.0,66.667778
102,3,0.571891,52.0,67.551111
102,3,0.582889,53.0,68.434444
102,3,0.593887,54.0,69.317778
102,3,0.604885,55.0,70.201111
102,3,0.615883,56.0,71.084444
102,3,0.626881,57.0,71.967778
102,3,0.637879,58.0,72.851111
102,3,0.648877,59.0,71.748051
102,3,0.659875,60.0,66.672203
102,3,0.670873,61.0,61.596356
102,3,0.68187,62.0,56.520508
102,3,0.692868,63.0,51.444661
102,3,0.703866,64.0,46.490989
102,3,0.714864,65.0,42.789615
102,3,0.725862,66.0,39.088242
102,3,0.73686,67.0,35.386868
102,3,0.747858,68.0,31.685495
102,3,0.758856,69.0,27.984121
102,3,0.769854,70.0,24.282747
102,3,0.780852,71.0,20.581374
102,3,0.79185,72.0,16.88
102,3,0.802847,73.0,16.356667
102,3,0.813845,74.0,15.833333
102,3,0.824843,75.0,15.31
102,3,0.835841,76.0,14.786667
102,3,0.846839,77.0,14.263333
102,3,0.857837,78.0,13.74
102,3,0.868835,79.0,13.216667
102,3,0.879833,80.0,12.693333
102,3,0.890831,81.0,12.17
102,3,0.901829,82.0,11.646667
102,3,0.912827,83.0,11.123333
102,3,0.923824,84.0,10.6
102,3,0.934822,85.0,10.343125
102,3,0.94582,86.0,10.08625
102,3,0.956818,87.0,9.829375
102,3,0.967816,88.0,9.5725
102,3,0.978814,89.0,9.315625
102,3,0.989812,90.0,9.166875
102,3,1.00081,91.0,9.072188
102,3,1.011808,92.0,8.9775
102,3,1.022806,93.0,8.882812
102,3,1.033804,94.0,8.788125
102,3,1.044801,95.0,8.693437
102,3,1.055799,96.0,8.59875
102,3,1.066797,97.0,8.504062
102,3,1.077795,98.0,8.409375
102,3,1.088793,99.0,8.314688
102,3,1.099791,100.0,8.22
102,4,0.0,0.0,8.22
102,4,0.010998,1.0,8.252756
102,4,0.021996,2.0,8.285511
102,4,0.032994,3.0,8.318266
102,4,0.043992,4.0,8.351022
102,4,0.05499,5.0,8.383778
102,4,0.065987,6.0,8.416533
102,4,0.076985,7.0,8.449289
102,4,0.087983,8.0,8.482044
102,4,0.098981,9.0,8.5148
102,4,0.109979,10.0,8.547556
102,4,0.120977,11.0,8.580311
102,4,0.131975,12.0,8.613067
102,4,0.142973,13.0,8.645822
102,4,0.153971,14.0,9.022625
102,4,0.164969,15.0,9.662
102,4,0.175967,16.0,10.301375
102,4,0.186964,17.0,10.940749
102,4,0.197962,18.0,11.580108
102,4,0.20896,19.0,12.219483
102,4,0.219958,20.0,12.858857
102,4,0.230956,21.0,13.498232
102,4,0.241954,22.0,14.137606
102,4,0.252952,23.0,14.776965
102,4,0.26395,24.0,15.774649
102,4,0.274948,25.0,19.415
102,4,0.285946,26.0,23.055351
102,4,0.296944,27.0,26.695702
102,4,0.307941,28.0,30.335965
102,4,0.318939,29.0,33.156276
102,4,0.329937,30.0,35.518875
102,4,0.340935,31.0,37.881474
102,4,0.351933,32.0,40.244073
102,4,0.362931,33.0,42.606615
102,4,0.373929,34.0,44.969214
102,4,0.384927,35.0,47.331812
102,4,0.395925,36.0,49.694411
102,4,0.406923,37.0,52.05701
102,4,0.417921,38.0,54.419552
102,4,0.428918,39.0,56.782151
102,4,0.439916,40.0,59.14475
102,4,0.450914,41.0,60.428104
102,4,0.461912,42.0,61.252208
102,4,0.47291,43.0,62.076292
102,4,0.483908,44.0,62.900396
102,4,0.494906,45.0,63.7245
102,4,0.505904,46.0,64.548604
102,4,0.516902,47.0,64.02519
102,4,0.5279,48.0,63.00681
102,4,0.538898,49.0,61.988405
102,4,0.549895,50.0,60.97
102,4,0.560893,51.0,59.951595
102,4,0.571891,52.0,58.93319
102,4,0.582889,53.0,57.91481
102,4,0.593887,54.0,56.896405
102,4,0.604885,55.0,55.878
102,4,0.615883,56.0,54.859595
102,4,0.626881,57.0,53.84119
102,4,0.637879,58.0,52.82281
102,4,0.648877,59.0,50.358023
102,4,0.659875,60.0,47.511154
102,4,0.670873,61.0,44.664284
102,4,0.68187,62.0,41.817415
102,4,0.692868,63.0,38.970614
102,4,0.703866,64.0,36.123745
102,4,0.714864,65.0,33.276875
102,4,0.725862,66.0,30.430005
102,4,0.73686,67.0,27.583136
102,4,0.747858,68.0,24.736335
102,4,0.758856,69.0,22.456764
102,4,0.769854,70.0,20.891116
102,4,0.780852,71.0,19.325468
102,4,0.79185,72.0,17.759819
102,4,0.802847,73.0,16.194209
102,4,0.813845,74.0,14.628561
102,4,0.824843,75.0,13.062913
102,4,0.835841,76.0,11.497265
102,4,0.846839,77.0,9.931617
102,4,0.857837,78.0,8.366007
102,4,0.868835,79.0,6.800359
102,4,0.879833,80.0,5.234711
102,4,0.890831,81.0,4.464162
102,4,0.901829,82.0,4.871524
102,4,0.912827,83.0,5.278876
102,4,0.923824,84.0,5.686238
102,4,0.934822,85.0,6.0936
102,4,0.94582,86.0,6.500962
102,4,0.956818,87.0,6.908324
102,4,0.967816,88.0,7.315676
102,4,0.978814,89.0,7.186438
102,4,0.989812,90.0,7.023125
102,4,1.00081,91.0,6.859812
102,4,1.011808,92.0,6.696498
102,4,1.022806,93.0,6.533189
102,4,1.033804,94.0,6.369876
102,4,1.044801,95.0,6.206562
102,4,1.055799,96.0,6.043249
102,4,1.066797,97.0,5.879936
102,4,1.077795,98.0,5.716627
102,4,1.088793,99.0,5.553313
102,4,1.099791,100.0,5.39
102,5,0.0,0.0,5.39
102,5,0.010998,1.0,5.781498
102,5,0.021996,2.0,6.172997
102,5,0.032994,3.0,6.564503
102,5,0.043992,4.0,6.956002
102,5,0.05499,5.0,7.3475
102,5,0.065987,6.0,7.738998
102,5,0.076985,7.0,8.130497
102,5,0.087983,8.0,8.522003
102,5,0.098981,9.0,8.929477
102,5,0.109979,10.0,9.46475
102,5,0.120977,11.0,10.000023
102,5,0.131975,12.0,10.535296
102,5,0.142973,13.0,11.070579
102,5,0.153971,14.0,11.605852
102,5,0.164969,15.0,12.141125
102,5,0.175967,16.0,12.676398
102,5,0.186964,17.0,13.211671
102,5,0.197962,18.0,13.746954
102,5,0.20896,19.0,14.282227
102,5,0.219958,20.0,15.093333
102,5,0.230956,21.0,15.95133
102,5,0.241954,22.0,16.809326
102,5,0.252952,23.0,17.66734
102,5,0.26395,24.0,18.525337
102,5,0.274948,25.0,19.383333
102,5,0.285946,26.0,20.24133
102,5,0.296944,27.0,21.287688
102,5,0.307941,28.0,23.305693
102,5,0.318939,29.0,25.323656
102,5,0.329937,30.0,27.341619
102,5,0.340935,31.0,29.359582
102,5,0.351933,32.0,31.377545
102,5,0.362931,33.0,33.39555
102,5,0.373929,34.0,35.413513
102,5,0.384927,35.0,37.431476
102,5,0.395925,36.0,39.583562
102,5,0.406923,37.0,42.31483
102,5,0.417921,38.0,45.046154
102,5,0.428918,39.0,47.777421
102,5,0.439916,40.0,50.508689
102,5,0.450914,41.0,53.239956
102,5,0.461912,42.0,53.508548
102,5,0.47291,43.0,53.712327
102,5,0.483908,44.0,53.916101
102,5,0.494906,45.0,54.119875
102,5,0.505904,46.0,54.323649
102,5,0.516902,47.0,54.527423
102,5,0.5279,48.0,54.731202
102,5,0.538898,49.0,54.934976
102,5,0.549895,50.0,55.13875
102,5,0.560893,51.0,55.342524
102,5,0.571891,52.0,53.699486
102,5,0.582889,53.0,51.330847
102,5,0.593887,54.0,48.962257
102,5,0.604885,55.0,46.593667
102,5,0.615883,56.0,44.225077
102,5,0.626881,57.0,41.856486
102,5,0.637879,58.0,39.487847
102,5,0.648877,59.0,37.132332
102,5,0.659875,60.0,35.2736
102,5,0.670873,61.0,33.414868
102,5,0.68187,62.0,31.556136
102,5,0.692868,63.0,29.697364
102,5,0.703866,64.0,27.838632
102,5,0.714864,65.0,25.9799
102,5,0.725862,66.0,24.121168
102,5,0.73686,67.0,22.262436
102,5,0.747858,68.0,20.403664
102,5,0.758856,69.0,18.544932
102,5,0.769854,70.0,16.6862
102,5,0.780852,71.0,14.827468
102,5,0.79185,72.0,13.077211
102,5,0.802847,73.0,11.747289
102,5,0.813845,74.0,10.417394
102,5,0.824843,75.0,9.0875
102,5,0.835841,76.0,7.757606
102,5,0.846839,77.0,6.549698
102,5,0.857837,78.0,6.805802
102,5,0.868835,79.0,7.061901
102,5,0.879833,80.0,7.318
102,5,0.890831,81.0,7.574099
102,5,0.901829,82.0,7.830198
102,5,0.912827,83.0,8.086302
102,5,0.923824,84.0,8.342401
102,5,0.934822,85.0,8.31875
102,5,0.94582,86.0,7.847502
102,5,0.956818,87.0,7.376254
102,5,0.967816,88.0,6.904996
102,5,0.978814,89.0,6.433748
102,5,0.989812,90.0,5.9625
102,5,1.00081,91.0,5.491252
102,5,1.011808,92.0,5.020004
102,5,1.022806,93.0,4.548746
102,5,1.033804,94.0,4.077498
102,5,1.044801,95.0,3.60625
102,5,1.055799,96.0,3.135002
102,5,1.066797,97.0,2.663754
102,5,1.077795,98.0,2.192496
102,5,1.088793,99.0,1.721248
102,5,1.099791,100.0,1.25
102,6,0.0,0.0,1.25
102,6,0.010998,1.0,1.436373
102,6,0.021996,2.0,1.622751
102,6,0.032994,3.0,1.809124
102,6,0.043992,4.0,1.995502
102,6,0.05499,5.0,2.181875
102,6,0.065987,6.0,2.509945
102,6,0.076985,7.0,3.083278
102,6,0.087983,8.0,3.656597
102,6,0.098981,9.0,4.22993
102,6,0.109979,10.0,4.80325
102,6,0.120977,11.0,5.37657
102,6,0.131975,12.0,5.820552
102,6,0.142973,13.0,6.217261
102,6,0.153971,14.0,6.613979
102,6,0.164969,15.0,7.010688
102,6,0.175967,16.0,7.407396
102,6,0.186964,17.0,7.804114
102,6,0.197962,18.0,8.200823
102,6,0.20896,19.0,8.597541
102,6,0.219958,20.0,8.99425
102,6,0.230956,21.0,9.390959
102,6,0.241954,22.0,9.787677
102,6,0.252952,23.0,10.511124
102,6,0.26395,24.0,11.610842
102,6,0.274948,25.0,12.710534
102,6,0.285946,26.0,13.810226
102,6,0.296944,27.0,14.909943
102,6,0.307941,28.0,16.009635
102,6,0.318939,29.0,17.109353
102,6,0.329937,30.0,18.209045
102,6,0.340935,31.0,19.409242
102,6,0.351933,32.0,21.439811
102,6,0.362931,33.0,23.470334
102,6,0.373929,34.0,25.500903
102,6,0.384927,35.0,27.531426
102,6,0.395925,36.0,29.561948
102,6,0.406923,37.0,31.592518
102,6,0.417921,38.0,33.62304
102,6,0.428918,39.0,35.65361
102,6,0.439916,40.0,37.684132
102,6,0.450914,41.0,39.714655
102,6,0.461912,42.0,41.745224
102,6,0.47291,43.0,43.382533
102,6,0.483908,44.0,44.886334
102,6,0.494906,45.0,46.3901
102,6,0.505904,46.0,47.893866
102,6,0.516902,47.0,49.397667
102,6,0.5279,48.0,50.901433
102,6,0.538898,49.0,52.405234
102,6,0.549895,50.0,52.204622
102,6,0.560893,51.0,51.288193
102,6,0.571891,52.0,50.371744
102,6,0.582889,53.0,49.455315
102,6,0.593887,54.0,48.538866
102,6,0.604885,55.0,47.622437
102,6,0.615883,56.0,46.706008
102,6,0.626881,57.0,45.789559
102,6,0.637879,58.0,44.87313
102,6,0.648877,59.0,43.956681
102,6,0.659875,60.0,43.040252
102,6,0.670873,61.0,41.15292
102,6,0.68187,62.0,38.406303
102,6,0.692868,63.0,35.659749
102,6,0.703866,64.0,32.913133
102,6,0.714864,65.0,30.166579
102,6,0.725862,66.0,27.420025
102,6,0.73686,67.0,24.673408
102,6,0.747858,68.0,22.633063
102,6,0.758856,69.0,21.677235
102,6,0.769854,70.0,20.721429
102,6,0.780852,71.0,19.765622
102,6,0.79185,72.0,18.809794
102,6,0.802847,73.0,17.853988
102,6,0.813845,74.0,16.898159
102,6,0.824843,75.0,15.942353
102,6,0.835841,76.0,14.986547
102,6,0.846839,77.0,14.030718
102,6,0.857837,78.0,13.074912
102,6,0.868835,79.0,12.145761
102,6,0.879833,80.0,11.310849
102,6,0.890831,81.0,10.475937
102,6,0.901829,82.0,9.641006
102,6,0.912827,83.0,8.806093
102,6,0.923824,84.0,7.971162
102,6,0.934822,85.0,7.13625
102,6,0.94582,86.0,6.301338
102,6,0.956818,87.0,5.466407
102,6,0.967816,88.0,4.631494
102,6,0.978814,89.0,3.992924
102,6,0.989812,90.0,3.89175
102,6,1.00081,91.0,3.790576
102,6,1.011808,92.0,3.6894
102,6,1.022806,93.0,3.588225
102,6,1.033804,94.0,3.487049
102,6,1.044801,95.0,3.385875
102,6,1.055799,96.0,3.284701
102,6,1.066797,97.0,3.183525
102,6,1.077795,98.0,3.08235
102,6,1.088793,99.0,2.981174
102,6,1.099791,100.0,2.88
102,7,0.0,0.0,2.88
102,7,0.010998,1.0,3.537927
102,7,0.021996,2.0,4.19587
102,7,0.032994,3.0,4.853797
102,7,0.043992,4.0,5.511739
102,7,0.05499,5.0,5.864111
102,7,0.065987,6.0,6.127598
102,7,0.076985,7.0,6.39109
102,7,0.087983,8.0,6.654577
102,7,0.098981,9.0,6.918069
102,7,0.109979,10.0,7.181556
102,7,0.120977,11.0,7.445042
102,7,0.131975,12.0,7.708535
102,7,0.142973,13.0,7.972021
102,7,0.153971,14.0,8.235514
102,7,0.164969,15.0,8.499
102,7,0.175967,16.0,8.762486
102,7,0.186964,17.0,9.081624
102,7,0.197962,18.0,9.909476
102,7,0.20896,19.0,10.737348
102,7,0.219958,20.0,11.5652
102,7,0.230956,21.0,12.393052
102,7,0.241954,22.0,13.220924
102,7,0.252952,23.0,14.048776
102,7,0.26395,24.0,14.869606
102,7,0.274948,25.0,15.5725
102,7,0.285946,26.0,16.275394
102,7,0.296944,27.0,16.978303
102,7,0.307941,28.0,17.681197
102,7,0.318939,29.0,18.384106
102,7,0.329937,30.0,19.087
102,7,0.340935,31.0,19.789894
102,7,0.351933,32.0,20.492803
102,7,0.362931,33.0,21.195697
102,7,0.373929,34.0,21.898606
102,7,0.384927,35.0,22.6015
102,7,0.395925,36.0,23.304394
102,7,0.406923,37.0,24.978775
102,7,0.417921,38.0,28.236225
102,7,0.428918,39.0,31.49375
102,7,0.439916,40.0,34.7512
102,7,0.450914,41.0,38.00865
102,7,0.461912,42.0,41.266175
102,7,0.47291,43.0,44.523625
102,7,0.483908,44.0,47.22667
102,7,0.494906,45.0,48.843845
102,7,0.505904,46.0,50.461019
102,7,0.516902,47.0,52.07823
102,7,0.5279,48.0,53.695404
102,7,0.538898,49.0,55.312616
102,7,0.549895,50.0,56.92979
102,7,0.560893,51.0,58.546964
102,7,0.571891,52.0,60.164175
102,7,0.582889,53.0,61.78135
102,7,0.593887,54.0,63.398561
102,7,0.604885,55.0,64.589231
102,7,0.615883,56.0,63.610844
102,7,0.626881,57.0,62.632435
102,7,0.637879,58.0,61.654048
102,7,0.648877,59.0,60.675639
102,7,0.659875,60.0,59.697253
102,7,0.670873,61.0,58.718866
102,7,0.68187,62.0,57.740457
102,7,0.692868,63.0,56.76207
102,7,0.703866,64.0,54.748776
102,7,0.714864,65.0,52.1005
102,7,0.725862,66.0,49.452224
102,7,0.73686,67.0,46.803888
102,7,0.747858,68.0,44.155612
102,7,0.758856,69.0,41.507276
102,7,0.769854,70.0,38.859
102,7,0.780852,71.0,36.210724
102,7,0.79185,72.0,33.562388
102,7,0.802847,73.0,30.914112
102,7,0.813845,74.0,28.265776
102,7,0.824843,75.0,25.7055
102,7,0.835841,76.0,23.307142
102,7,0.846839,77.0,20.908729
102,7,0.857837,78.0,18.510371
102,7,0.868835,79.0,16.111958
102,7,0.879833,80.0,13.7136
102,7,0.890831,81.0,11.315242
102,7,0.901829,82.0,9.686125
102,7,0.912827,83.0,9.770437
102,7,0.923824,84.0,9.854751
102,7,0.934822,85.0,9.939063
102,7,0.94582,86.0,10.023374
102,7,0.956818,87.0,10.107688
102,7,0.967816,88.0,10.192
102,7,0.978814,89.0,10.276313
102,7,0.989812,90.0,10.360625
102,7,1.00081,91.0,10.444937
102,7,1.011808,92.0,10.52925
102,7,1.022806,93.0,10.604241
102,7,1.033804,94.0,10.467919
102,7,1.044801,95.0,10.3316
102,7,1.055799,96.0,10.195281
102,7,1.066797,97.0,10.058959
102,7,1.077795,98.0,9.922641
102,7,1.088793,99.0,9.786319
102,7,1.099791,100.0,9.65
102,8,0.0,0.0,9.65
102,8,0.010998,1.0,9.572101
102,8,0.021996,2.0,9.4942
102,8,0.032994,3.0,9.4163
102,8,0.043992,4.0,9.338399
102,8,0.05499,5.0,9.2605
102,8,0.065987,6.0,9.182601
102,8,0.076985,7.0,9.1047
102,8,0.087983,8.0,9.0268
102,8,0.098981,9.0,8.948899
102,8,0.109979,10.0,8.871
102,8,0.120977,11.0,9.120395
102,8,0.131975,12.0,9.733469
102,8,0.142973,13.0,10.346531
102,8,0.153971,14.0,10.959605
102,8,0.164969,15.0,11.572667
102,8,0.175967,16.0,12.185728
102,8,0.186964,17.0,12.798803
102,8,0.197962,18.0,13.411864
102,8,0.20896,19.0,13.960404
102,8,0.219958,20.0,14.462
102,8,0.230956,21.0,14.963596
102,8,0.241954,22.0,15.465202
102,8,0.252952,23.0,15.966798
102,8,0.26395,24.0,16.468404
102,8,0.274948,25.0,16.97
102,8,0.285946,26.0,17.471596
102,8,0.296944,27.0,17.973202
102,8,0.307941,28.0,18.474798
102,8,0.318939,29.0,19.099924
102,8,0.329937,30.0,21.948
102,8,0.340935,31.0,24.796076
102,8,0.351933,32.0,27.644212
102,8,0.362931,33.0,30.492288
102,8,0.373929,34.0,33.340424
102,8,0.384927,35.0,35.305
102,8,0.395925,36.0,37.033985
102,8,0.406923,37.0,38.763007
102,8,0.417921,38.0,40.491993
102,8,0.428918,39.0,42.221015
102,8,0.439916,40.0,43.95
102,8,0.450914,41.0,45.678985
102,8,0.461912,42.0,47.408007
102,8,0.47291,43.0,49.136993
102,8,0.483908,44.0,50.866015
102,8,0.494906,45.0,52.540286
102,8,0.505904,46.0,54.061358
102,8,0.516902,47.0,55.582464
102,8,0.5279,48.0,57.103536
102,8,0.538898,49.0,58.624642
102,8,0.549895,50.0,60.145714
102,8,0.560893,51.0,61.666787
102,8,0.571891,52.0,63.187892
102,8,0.582889,53.0,64.708965
102,8,0.593887,54.0,66.058085
102,8,0.604885,55.0,64.312
102,8,0.615883,56.0,62.565915
102,8,0.626881,57.0,60.819793
102,8,0.637879,58.0,59.073707
102,8,0.648877,59.0,57.327585
102,8,0.659875,60.0,55.5815
102,8,0.670873,61.0,53.835415
102,8,0.68187,62.0,52.089293
102,8,0.692868,63.0,50.343207
102,8,0.703866,64.0,48.597085
102,8,0.714864,65.0,45.3108
102,8,0.725862,66.0,40.63836
102,8,0.73686,67.0,35.96582
102,8,0.747858,68.0,31.29338
102,8,0.758856,69.0,26.62084
102,8,0.769854,70.0,21.9484
102,8,0.780852,71.0,17.27596
102,8,0.79185,72.0,16.402288
102,8,0.802847,73.0,15.739712
102,8,0.813845,74.0,15.077122
102,8,0.824843,75.0,14.414545
102,8,0.835841,76.0,13.751969
102,8,0.846839,77.0,13.089379
102,8,0.857837,78.0,12.426803
102,8,0.868835,79.0,11.764213
102,8,0.879833,80.0,11.101636
102,8,0.890831,81.0,10.43906
102,8,0.901829,82.0,9.77647
102,8,0.912827,83.0,9.113894
102,8,0.923824,84.0,8.451303
102,8,0.934822,85.0,7.788727
102,8,0.94582,86.0,7.751994
102,8,0.956818,87.0,8.410669
102,8,0.967816,88.0,9.069331
102,8,0.978814,89.0,9.728006
102,8,0.989812,90.0,10.218
102,8,1.00081,91.0,10.556197
102,8,1.011808,92.0,10.894401
102,8,1.022806,93.0,11.232599
102,8,1.033804,94.0,11.570803
102,8,1.044801,95.0,11.909
102,8,1.055799,96.0,12.247197
102,8,1.066797,97.0,12.585401
102,8,1.077795,98.0,12.923599
102,8,1.088793,99.0,13.261803
102,8,1.099791,100.0,13.6
102,9,0.0,0.0,13.6
102,9,0.010998,1.0,13.136358
102,9,0.021996,2.0,12.672715
102,9,0.032994,3.0,12.209085
102,9,0.043992,4.0,11.745442
102,9,0.05499,5.0,11.2818
102,9,0.065987,6.0,10.818158
102,9,0.076985,7.0,10.354515
102,9,0.087983,8.0,10.287147
102,9,0.098981,9.0,10.561011
102,9,0.109979,10.0,10.834875
102,9,0.120977,11.0,11.108739
102,9,0.131975,12.0,11.382603
102,9,0.142973,13.0,11.65646
102,9,0.153971,14.0,11.930324
102,9,0.164969,15.0,12.204187
102,9,0.175967,16.0,12.478051
102,9,0.186964,17.0,12.751915
102,9,0.197962,18.0,13.025772
102,9,0.20896,19.0,13.299636
102,9,0.219958,20.0,13.7788
102,9,0.230956,21.0,14.396543
102,9,0.241954,22.0,15.014286
102,9,0.252952,23.0,15.632014
102,9,0.26395,24.0,16.249757
102,9,0.274948,25.0,16.8675
102,9,0.285946,26.0,17.485243
102,9,0.296944,27.0,18.102986
102,9,0.307941,28.0,18.720714
102,9,0.318939,29.0,19.338457
102,9,0.329937,30.0,19.9562
102,9,0.340935,31.0,20.573943
102,9,0.351933,32.0,21.191686
102,9,0.362931,33.0,21.809414
102,9,0.373929,34.0,22.427157
102,9,0.384927,35.0,25.894
102,9,0.395925,36.0,30.753757
102,9,0.406923,37.0,35.613514
102,9,0.417921,38.0,40.473153
102,9,0.428918,39.0,44.888754
102,9,0.439916,40.0,47.459333
102,9,0.450914,41.0,50.029912
102,9,0.461912,42.0,52.600492
102,9,0.47291,43.0,55.171008
102,9,0.483908,44.0,57.741588
102,9,0.494906,45.0,60.312167
102,9,0.505904,46.0,62.882746
102,9,0.516902,47.0,65.453325
102,9,0.5279,48.0,67.288605
102,9,0.538898,49.0,66.78024
102,9,0.549895,50.0,66.271875
102,9,0.560893,51.0,65.76351
102,9,0.571891,52.0,65.255145
102,9,0.582889,53.0,64.746792
102,9,0.593887,54.0,64.238427
102,9,0.604885,55.0,63.730063
102,9,0.615883,56.0,63.221698
102,9,0.626881,57.0,62.713333
102,9,0.637879,58.0,62.20498
102,9,0.648877,59.0,61.696615
102,9,0.659875,60.0,60.1572
102,9,0.670873,61.0,56.194801
102,9,0.68187,62.0,52.232401
102,9,0.692868,63.0,48.270099
102,9,0.703866,64.0,44.307699
102,9,0.714864,65.0,40.3453
102,9,0.725862,66.0,36.382901
102,9,0.73686,67.0,32.420501
102,9,0.747858,68.0,30.363794
102,9,0.758856,69.0,28.681342
102,9,0.769854,70.0,26.998889
102,9,0.780852,71.0,25.316436
102,9,0.79185,72.0,23.633984
102,9,0.802847,73.0,21.951572
102,9,0.813845,74.0,20.269119
102,9,0.824843,75.0,18.586667
102,9,0.835841,76.0,16.904214
102,9,0.846839,77.0,15.221761
102,9,0.857837,78.0,13.53935
102,9,0.868835,79.0,11.856897
102,9,0.879833,80.0,10.174444
102,9,0.890831,81.0,9.413003
102,9,0.901829,82.0,10.016006
102,9,0.912827,83.0,10.618994
102,9,0.923824,84.0,11.221997
102,9,0.934822,85.0,11.825
102,9,0.94582,86.0,12.428003
102,9,0.956818,87.0,13.031006
102,9,0.967816,88.0,13.633994
102,9,0.978814,89.0,13.455014
102,9,0.989812,90.0,13.226375
102,9,1.00081,91.0,12.997736
102,9,1.011808,92.0,12.769098
102,9,1.022806,93.0,12.540465
102,9,1.033804,94.0,12.311826
102,9,1.044801,95.0,12.083187
102,9,1.055799,96.0,11.854549
102,9,1.066797,97.0,11.62591
102,9,1.077795,98.0,11.397277
102,9,1.088793,99.0,11.168639
102,9,1.099791,100.0,10.94
102,10,0.0,0.0,10.94
102,10,0.010998,1.0,10.323677
102,10,0.021996,2.0,9.707354
102,10,0.032994,3.0,9.091046
102,10,0.043992,4.0,8.474723
102,10,0.05499,5.0,7.8584
102,10,0.065987,6.0,7.242077
102,10,0.076985,7.0,6.677853
102,10,0.087983,8.0,6.999147
102,10,0.098981,9.0,7.320449
102,10,0.109979,10.0,7.64175
102,10,0.120977,11.0,7.963051
102,10,0.131975,12.0,8.284353
102,10,0.142973,13.0,8.605647
102,10,0.153971,14.0,8.926949
102,10,0.164969,15.0,9.24825
102,10,0.175967,16.0,9.569551
102,10,0.186964,17.0,9.890853
102,10,0.197962,18.0,10.212147
102,10,0.20896,19.0,10.820464
102,10,0.219958,20.0,11.445667
102,10,0.230956,21.0,12.070869
102,10,0.241954,22.0,12.696072
102,10,0.252952,23.0,13.321261
102,10,0.26395,24.0,13.946464
102,10,0.274948,25.0,14.571667
102,10,0.285946,26.0,15.196869
102,10,0.296944,27.0,16.056009
102,10,0.307941,28.0,17.063991
102,10,0.318939,29.0,18.071995
102,10,0.329937,30.0,19.08
102,10,0.340935,31.0,20.088005
102,10,0.351933,32.0,21.096009
102,10,0.362931,33.0,22.103991
102,10,0.373929,34.0,23.111995
102,10,0.384927,35.0,24.12
102,10,0.395925,36.0,25.128005
102,10,0.406923,37.0,26.136009
102,10,0.417921,38.0,28.508366
102,10,0.428918,39.0,32.245183
102,10,0.439916,40.0,35.982
102,10,0.450914,41.0,39.718817
102,10,0.461912,42.0,43.455634
102,10,0.47291,43.0,47.192366
102,10,0.483908,44.0,50.929183
102,10,0.494906,45.0,53.035143
102,10,0.505904,46.0,53.836404
102,10,0.516902,47.0,54.637664
102,10,0.5279,48.0,55.438907
102,10,0.538898,49.0,56.240168
102,10,0.549895,50.0,57.041429
102,10,0.560893,51.0,57.842689
102,10,0.571891,52.0,58.64395
102,10,0.582889,53.0,59.445193
102,10,0.593887,54.0,60.246454
102,10,0.604885,55.0,59.740571
102,10,0.615883,56.0,58.973254
102,10,0.626881,57.0,58.205936
102,10,0.637879,58.0,57.438636
102,10,0.648877,59.0,56.671318
102,10,0.659875,60.0,55.904
102,10,0.670873,61.0,55.136682
102,10,0.68187,62.0,54.369364
102,10,0.692868,63.0,53.602064
102,10,0.703866,64.0,52.605913
102,10,0.714864,65.0,49.779
102,10,0.725862,66.0,46.952087
102,10,0.73686,67.0,44.125174
102,10,0.747858,68.0,41.298326
102,10,0.758856,69.0,38.471413
102,10,0.769854,70.0,35.6445
102,10,0.780852,71.0,32.817587
102,10,0.79185,72.0,29.990674
102,10,0.802847,73.0,27.163826
102,10,0.813845,74.0,24.336913
102,10,0.824843,75.0,21.51
102,10,0.835841,76.0,19.32119
102,10,0.846839,77.0,17.13238
102,10,0.857837,78.0,14.94362
102,10,0.868835,79.0,12.75481
102,10,0.879833,80.0,10.566
102,10,0.890831,81.0,8.37719
102,10,0.901829,82.0,6.355957
102,10,0.912827,83.0,7.183043
102,10,0.923824,84.0,8.010146
102,10,0.934822,85.0,8.83725
102,10,0.94582,86.0,9.664354
102,10,0.956818,87.0,10.491457
102,10,0.967816,88.0,11.318543
102,10,0.978814,89.0,12.145646
102,10,0.989812,90.0,12.97275
102,10,1.00081,91.0,13.799854
102,10,1.011808,92.0,14.626957
102,10,1.022806,93.0,15.454043
102,10,1.033804,94.0,15.630559
102,10,1.044801,95.0,15.7688
102,10,1.055799,96.0,15.907041
102,10,1.066797,97.0,16.045281
102,10,1.077795,98.0,16.183519
102,10,1.088793,99.0,16.321759
102,10,1.099791,100.0,16.46
102,11,0.0,0.0,16.46
102,11,0.010998,1.0,16.165833
102,11,0.021996,2.0,15.871667
102,11,0.032994,3.0,15.5775
102,11,0.043992,4.0,15.283333
102,11,0.05499,5.0,14.989167
102,11,0.065987,6.0,14.695
102,11,0.076985,7.0,14.400833
102,11,0.087983,8.0,14.106667
102,11,0.098981,9.0,13.8125
102,11,0.109979,10.0,13.518333
102,11,0.120977,11.0,13.224167
102,11,0.131975,12.0,12.93
102,11,0.142973,13.0,12.804
102,11,0.153971,14.0,12.678
102,11,0.164969,15.0,12.552
102,11,0.175967,16.0,12.426
102,11,0.186964,17.0,12.3
102,11,0.197962,18.0,12.174
102,11,0.20896,19.0,12.295937
102,11,0.219958,20.0,12.91375
102,11,0.230956,21.0,13.531562
102,11,0.241954,22.0,14.149375
102,11,0.252952,23.0,14.767188
102,11,0.26395,24.0,15.385
102,11,0.274948,25.0,16.002813
102,11,0.285946,26.0,16.620625
102,11,0.296944,27.0,17.238437
102,11,0.307941,28.0,17.85625
102,11,0.318939,29.0,18.474062
102,11,0.329937,30.0,20.631
102,11,0.340935,31.0,23.5575
102,11,0.351933,32.0,26.484
102,11,0.362931,33.0,29.4105
102,11,0.373929,34.0,32.337
102,11,0.384927,35.0,35.2635
102,11,0.395925,36.0,38.19
102,11,0.406923,37.0,40.6725
102,11,0.417921,38.0,43.155
102,11,0.428918,39.0,45.6375
102,11,0.439916,40.0,48.12
102,11,0.450914,41.0,50.6025
102,11,0.461912,42.0,53.085
102,11,0.47291,43.0,55.5675
102,11,0.483908,44.0,58.05
102,11,0.494906,45.0,60.5325
102,11,0.505904,46.0,63.015
102,11,0.516902,47.0,64.612917
102,11,0.5279,48.0,64.441667
102,11,0.538898,49.0,64.270417
102,11,0.549895,50.0,64.099167
102,11,0.560893,51.0,63.927917
102,11,0.571891,52.0,63.756667
102,11,0.582889,53.0,63.585417
102,11,0.593887,54.0,63.414167
102,11,0.604885,55.0,62.593125
102,11,0.615883,56.0,60.4725
102,11,0.626881,57.0,58.351875
102,11,0.637879,58.0,56.23125
102,11,0.648877,59.0,54.110625
102,11,0.659875,60.0,51.99
102,11,0.670873,61.0,49.869375
102,11,0.68187,62.0,47.74875
102,11,0.692868,63.0,45.628125
102,11,0.703866,64.0,43.5075
102,11,0.714864,65.0,41.386875
102,11,0.725862,66.0,38.363
102,11,0.73686,67.0,34.8875
102,11,0.747858,68.0,31.412
102,11,0.758856,69.0,27.9365
102,11,0.769854,70.0,24.461
102,11,0.780852,71.0,20.9855
102,11,0.79185,72.0,17.51
102,11,0.802847,73.0,17.185625
102,11,0.813845,74.0,16.86125
102,11,0.824843,75.0,16.536875
102,11,0.835841,76.0,16.2125
102,11,0.846839,77.0,15.888125
102,11,0.857837,78.0,15.56375
102,11,0.868835,79.0,15.239375
102,11,0.879833,80.0,14.915
102,11,0.890831,81.0,14.590625
102,11,0.901829,82.0,14.26625
102,11,0.912827,83.0,13.826
102,11,0.923824,84.0,13.154
102,11,0.934822,85.0,12.482
102,11,0.94582,86.0,11.81
102,11,0.956818,87.0,11.138
102,11,0.967816,88.0,10.466
102,11,0.978814,89.0,9.794
102,11,0.989812,90.0,9.19375
102,11,1.00081,91.0,8.629375
102,11,1.011808,92.0,8.065
102,11,1.022806,93.0,7.500625
102,11,1.033804,94.0,6.93625
102,11,1.044801,95.0,6.371875
102,11,1.055799,96.0,5.8075
102,11,1.066797,97.0,5.243125
102,11,1.077795,98.0,4.67875
102,11,1.088793,99.0,4.114375
102,11,1.099791,100.0,3.55
103,2,0.0,0.0,9.79
103,2,0.010998,1.0,9.308125
103,2,0.021996,2.0,8.82625
103,2,0.032994,3.0,8.344375
103,2,0.043992,4.0,7.8625
103,2,0.05499,5.0,7.380625
103,2,0.065987,6.0,6.89875
103,2,0.076985,7.0,6.416875
103,2,0.087983,8.0,5.935
103,2,0.098981,9.0,5.453125
103,2,0.109979,10.0,4.97125
103,2,0.120977,11.0,4.96
103,2,0.131975,12.0,5.89
103,2,0.142973,13.0,6.82
103,2,0.153971,14.0,7.75
103,2,0.164969,15.0,8.68
103,2,0.175967,16.0,9.61
103,2,0.186964,17.0,10.54
103,2,0.197962,18.0,11.37
103,2,0.20896,19.0,12.15
103,2,0.219958,20.0,12.93
103,2,0.230956,21.0,13.71
103,2,0.241954,22.0,14.49
103,2,0.252952,23.0,15.27
103,2,0.26395,24.0,16.05
103,2,0.274948,25.0,16.83
103,2,0.285946,26.0,17.61
103,2,0.296944,27.0,18.616439
103,2,0.307941,28.0,20.075755
103,2,0.318939,29.0,21.535071
103,2,0.329937,30.0,22.994387
103,2,0.340935,31.0,24.453703
103,2,0.351933,32.0,25.913019
103,2,0.362931,33.0,27.372335
103,2,0.373929,34.0,28.831651
103,2,0.384927,35.0,30.290967
103,2,0.395925,36.0,31.750283
103,2,0.406923,37.0,34.652668
103,2,0.417921,38.0,37.69584
103,2,0.428918,39.0,40.739013
103,2,0.439916,40.0,43.782185
103,2,0.450914,41.0,46.825357
103,2,0.461912,42.0,49.868529
103,2,0.47291,43.0,52.911702
103,2,0.483908,44.0,55.954874
103,2,0.494906,45.0,58.998046
103,2,0.505904,46.0,62.041218
103,2,0.516902,47.0,63.9725
103,2,0.5279,48.0,63.68
103,2,0.538898,49.0,63.3875
103,2,0.549895,50.0,63.095
103,2,0.560893,51.0,62.8025
103,2,0.571891,52.0,62.51
103,2,0.582889,53.0,62.2175
103,2,0.593887,54.0,61.18375
103,2,0.604885,55.0,59.779375
103,2,0.615883,56.0,58.375
103,2,0.626881,57.0,56.970625
103,2,0.637879,58.0,55.56625
103,2,0.648877,59.0,54.161875
103,2,0.659875,60.0,52.7575
103,2,0.670873,61.0,51.353125
103,2,0.68187,62.0,49.94875
103,2,0.692868,63.0,48.544375
103,2,0.703866,64.0,47.14
103,2,0.714864,65.0,42.814
103,2,0.725862,66.0,38.488
103,2,0.73686,67.0,34.162
103,2,0.747858,68.0,29.836
103,2,0.758856,69.0,25.51
103,2,0.769854,70.0,21.184
103,2,0.780852,71.0,17.93
103,2,0.79185,72.0,16.82
103,2,0.802847,73.0,15.71
103,2,0.813845,74.0,14.6
103,2,0.824843,75.0,13.49
103,2,0.835841,76.0,12.38
103,2,0.846839,77.0,11.27
103,2,0.857837,78.0,10.16
103,2,0.868835,79.0,9.05
103,2,0.879833,80.0,7.94
103,2,0.890831,81.0,6.83
103,2,0.901829,82.0,5.72
103,2,0.912827,83.0,5.09125
103,2,0.923824,84.0,5.425
103,2,0.934822,85.0,5.75875
103,2,0.94582,86.0,6.0925
103,2,0.956818,87.0,6.42625
103,2,0.967816,88.0,6.76
103,2,0.978814,89.0,7.09375
103,2,0.989812,90.0,7.4275
103,2,1.00081,91.0,7.486429
103,2,1.011808,92.0,6.995714
103,2,1.022806,93.0,6.505
103,2,1.033804,94.0,6.014286
103,2,1.044801,95.0,5.523571
103,2,1.055799,96.0,5.032857
103,2,1.066797,97.0,4.542143
103,2,1.077795,98.0,4.051429
103,2,1.088793,99.0,3.560714
103,2,1.099791,100.0,3.07
103,3,0.0,0.0,3.07
103,3,0.010998,1.0,3.73777
103,3,0.021996,2.0,4.40554
103,3,0.032994,3.0,5.073294
103,3,0.043992,4.0,5.741063
103,3,0.05499,5.0,6.408833
103,3,0.065987,6.0,7.076603
103,3,0.076985,7.0,7.744373
103,3,0.087983,8.0,8.412127
103,3,0.098981,9.0,9.062641
103,3,0.109979,10.0,9.345
103,3,0.120977,11.0,9.627359
103,3,0.131975,12.0,9.909717
103,3,0.142973,13.0,10.192069
103,3,0.153971,14.0,10.474427
103,3,0.164969,15.0,10.756786
103,3,0.175967,16.0,11.039144
103,3,0.186964,17.0,11.321503
103,3,0.197962,18.0,11.603854
103,3,0.20896,19.0,11.886213
103,3,0.219958,20.0,12.544
103,3,0.230956,21.0,13.455204
103,3,0.241954,22.0,14.366409
103,3,0.252952,23.0,15.277591
103,3,0.26395,24.0,16.188796
103,3,0.274948,25.0,17.1
103,3,0.285946,26.0,18.011204
103,3,0.296944,27.0,18.922409
103,3,0.307941,28.0,19.833591
103,3,0.318939,29.0,21.242517
103,3,0.329937,30.0,22.92925
103,3,0.340935,31.0,24.615983
103,3,0.351933,32.0,26.302716
103,3,0.362931,33.0,27.989409
103,3,0.373929,34.0,29.676142
103,3,0.384927,35.0,31.362875
103,3,0.395925,36.0,33.049608
103,3,0.406923,37.0,34.736341
103,3,0.417921,38.0,36.423034
103,3,0.428918,39.0,38.109767
103,3,0.439916,40.0,39.7965
103,3,0.450914,41.0,42.088832
103,3,0.461912,42.0,44.638865
103,3,0.47291,43.0,47.188835
103,3,0.483908,44.0,49.738868
103,3,0.494906,45.0,52.2889
103,3,0.505904,46.0,54.838932
103,3,0.516902,47.0,57.388965
103,3,0.5279,48.0,59.126008
103,3,0.538898,49.0,58.271754
103,3,0.549895,50.0,57.4175
103,3,0.560893,51.0,56.563246
103,3,0.571891,52.0,55.708992
103,3,0.582889,53.0,54.854758
103,3,0.593887,54.0,54.000504
103,3,0.604885,55.0,53.14625
103,3,0.615883,56.0,52.291996
103,3,0.626881,57.0,51.437742
103,3,0.637879,58.0,50.583508
103,3,0.648877,59.0,48.586522
103,3,0.659875,60.0,46.079808
103,3,0.670873,61.0,43.573094
103,3,0.68187,62.0,41.066379
103,3,0.692868,63.0,38.559726
103,3,0.703866,64.0,36.053012
103,3,0.714864,65.0,33.546298
103,3,0.725862,66.0,31.039584
103,3,0.73686,67.0,28.53287
103,3,0.747858,68.0,26.026217
103,3,0.758856,69.0,23.743042
103,3,0.769854,70.0,21.887521
103,3,0.780852,71.0,20.031999
103,3,0.79185,72.0,18.176478
103,3,0.802847,73.0,16.321002
103,3,0.813845,74.0,14.46548
103,3,0.824843,75.0,12.609959
103,3,0.835841,76.0,10.754437
103,3,0.846839,77.0,8.898916
103,3,0.857837,78.0,7.04344
103,3,0.868835,79.0,5.187918
103,3,0.879833,80.0,3.332397
103,3,0.890831,81.0,2.260015
103,3,0.901829,82.0,2.984973
103,3,0.912827,83.0,3.709914
103,3,0.923824,84.0,4.434873
103,3,0.934822,85.0,5.159831
103,3,0.94582,86.0,5.88479
103,3,0.956818,87.0,6.609749
103,3,0.967816,88.0,7.33469
103,3,0.978814,89.0,8.059648
103,3,0.989812,90.0,8.367429
103,3,1.00081,91.0,8.160685
103,3,1.011808,92.0,7.953941
103,3,1.022806,93.0,7.747202
103,3,1.033804,94.0,7.540458
103,3,1.044801,95.0,7.333714
103,3,1.055799,96.0,7.12697
103,3,1.066797,97.0,6.920227
103,3,1.077795,98.0,6.713488
103,3,1.088793,99.0,6.506744
103,3,1.099791,100.0,6.3
103,4,0.0,0.0,6.3
103,4,0.010998,1.0,6.725333
103,4,0.021996,2.0,7.150667
103,4,0.032994,3.0,7.576
103,4,0.043992,4.0,8.001333
103,4,0.05499,5.0,8.426667
103,4,0.065987,6.0,8.852
103,4,0.076985,7.0,9.277333
103,4,0.087983,8.0,9.556446
103,4,0.098981,9.0,9.689339
103,4,0.109979,10.0,9.822231
103,4,0.120977,11.0,9.955124
103,4,0.131975,12.0,10.088017
103,4,0.142973,13.0,10.220909
103,4,0.153971,14.0,10.353802
103,4,0.164969,15.0,10.486694
103,4,0.175967,16.0,10.619587
103,4,0.186964,17.0,10.752479
103,4,0.197962,18.0,11.144189
103,4,0.20896,19.0,11.898243
103,4,0.219958,20.0,12.652297
103,4,0.230956,21.0,13.406351
103,4,0.241954,22.0,14.160405
103,4,0.252952,23.0,14.914459
103,4,0.26395,24.0,15.67325
103,4,0.274948,25.0,16.44625
103,4,0.285946,26.0,17.21925
103,4,0.296944,27.0,17.99225
103,4,0.307941,28.0,18.76525
103,4,0.318939,29.0,19.53825
103,4,0.329937,30.0,20.31125
103,4,0.340935,31.0,21.08425
103,4,0.351933,32.0,21.85725
103,4,0.362931,33.0,22.63025
103,4,0.373929,34.0,23.782
103,4,0.384927,35.0,26.07
103,4,0.395925,36.0,28.358
103,4,0.406923,37.0,30.646
103,4,0.417921,38.0,32.934
103,4,0.428918,39.0,35.222
103,4,0.439916,40.0,37.51
103,4,0.450914,41.0,39.798
103,4,0.461912,42.0,42.179429
103,4,0.47291,43.0,44.592
103,4,0.483908,44.0,47.004571
103,4,0.494906,45.0,49.417143
103,4,0.505904,46.0,51.829714
103,4,0.516902,47.0,54.242286
103,4,0.5279,48.0,56.654857
103,4,0.538898,49.0,59.067429
103,4,0.549895,50.0,61.48
103,4,0.560893,51.0,59.333333
103,4,0.571891,52.0,57.186667
103,4,0.582889,53.0,55.04
103,4,0.593887,54.0,52.893333
103,4,0.604885,55.0,50.746667
103,4,0.615883,56.0,48.6
103,4,0.626881,57.0,46.453333
103,4,0.637879,58.0,44.410579
103,4,0.648877,59.0,42.471736
103,4,0.659875,60.0,40.532893
103,4,0.670873,61.0,38.59405
103,4,0.68187,62.0,36.655207
103,4,0.692868,63.0,34.716364
103,4,0.703866,64.0,32.777521
103,4,0.714864,65.0,30.838678
103,4,0.725862,66.0,28.899835
103,4,0.73686,67.0,26.960992
103,4,0.747858,68.0,24.78473
103,4,0.758856,69.0,22.276081
103,4,0.769854,70.0,19.767432
103,4,0.780852,71.0,17.258784
103,4,0.79185,72.0,14.750135
103,4,0.802847,73.0,12.241486
103,4,0.813845,74.0,10.250571
103,4,0.824843,75.0,9.812857
103,4,0.835841,76.0,9.375143
103,4,0.846839,77.0,8.937429
103,4,0.857837,78.0,8.499714
103,4,0.868835,79.0,8.062
103,4,0.879833,80.0,7.624286
103,4,0.890831,81.0,7.186571
103,4,0.901829,82.0,6.748857
103,4,0.912827,83.0,6.493208
103,4,0.923824,84.0,6.419623
103,4,0.934822,85.0,6.346038
103,4,0.94582,86.0,6.272453
103,4,0.956818,87.0,6.198868
103,4,0.967816,88.0,6.125283
103,4,0.978814,89.0,6.051698
103,4,0.989812,90.0,5.978113
103,4,1.00081,91.0,5.904528
103,4,1.011808,92.0,5.62
103,4,1.022806,93.0,5.23
103,4,1.033804,94.0,4.84
103,4,1.044801,95.0,4.45
103,4,1.055799,96.0,4.06
103,4,1.066797,97.0,3.67
103,4,1.077795,98.0,3.28
103,4,1.088793,99.0,2.89
103,4,1.099791,100.0,2.5
103,5,0.0,0.0,2.5
103,5,0.010998,1.0,2.815065
103,5,0.021996,2.0,3.13013
103,5,0.032994,3.0,3.445203
103,5,0.043992,4.0,3.760268
103,5,0.05499,5.0,4.075333
103,5,0.065987,6.0,4.390398
103,5,0.076985,7.0,4.705464
103,5,0.087983,8.0,5.020536
103,5,0.098981,9.0,5.301151
103,5,0.109979,10.0,5.421
103,5,0.120977,11.0,5.540849
103,5,0.131975,12.0,5.660699
103,5,0.142973,13.0,5.780551
103,5,0.153971,14.0,5.900401
103,5,0.164969,15.0,6.02025
103,5,0.175967,16.0,6.140099
103,5,0.186964,17.0,6.259949
103,5,0.197962,18.0,6.379801
103,5,0.20896,19.0,6.499651
103,5,0.219958,20.0,6.6195
103,5,0.230956,21.0,7.143035
103,5,0.241954,22.0,8.243269
103,5,0.252952,23.0,9.343531
103,5,0.26395,24.0,10.443765
103,5,0.274948,25.0,11.544
103,5,0.285946,26.0,12.644235
103,5,0.296944,27.0,13.744469
103,5,0.307941,28.0,14.873558
103,5,0.318939,29.0,16.463779
103,5,0.329937,30.0,18.054
103,5,0.340935,31.0,19.644221
103,5,0.351933,32.0,21.234442
103,5,0.362931,33.0,22.824701
103,5,0.373929,34.0,24.414922
103,5,0.384927,35.0,26.005143
103,5,0.395925,36.0,27.595364
103,5,0.406923,37.0,29.185585
103,5,0.417921,38.0,30.775844
103,5,0.428918,39.0,32.540359
103,5,0.439916,40.0,34.3585
103,5,0.450914,41.0,36.176641
103,5,0.461912,42.0,37.994783
103,5,0.47291,43.0,39.812967
103,5,0.483908,44.0,41.631109
103,5,0.494906,45.0,43.44925
103,5,0.505904,46.0,45.267391
103,5,0.516902,47.0,47.085533
103,5,0.5279,48.0,48.903717
103,5,0.538898,49.0,50.721859
103,5,0.549895,50.0,52.54
103,5,0.560893,51.0,53.434681
103,5,0.571891,52.0,54.329363
103,5,0.582889,53.0,55.224066
103,5,0.593887,54.0,56.118747
103,5,0.604885,55.0,57.013429
103,5,0.615883,56.0,57.90811
103,5,0.626881,57.0,58.802791
103,5,0.637879,58.0,59.697494
103,5,0.648877,59.0,60.592176
103,5,0.659875,60.0,61.486857
103,5,0.670873,61.0,60.103611
103,5,0.68187,62.0,57.771222
103,5,0.692868,63.0,55.438778
103,5,0.703866,64.0,53.106389
103,5,0.714864,65.0,50.774
103,5,0.725862,66.0,48.441611
103,5,0.73686,67.0,46.109222
103,5,0.747858,68.0,43.776778
103,5,0.758856,69.0,41.444389
103,5,0.769854,70.0,38.714286
103,5,0.780852,71.0,35.931156
103,5,0.79185,72.0,33.148027
103,5,0.802847,73.0,30.36483
103,5,0.813845,74.0,27.581701
103,5,0.824843,75.0,24.798571
103,5,0.835841,76.0,22.015442
103,5,0.846839,77.0,19.232312
103,5,0.857837,78.0,16.449116
103,5,0.868835,79.0,13.665987
103,5,0.879833,80.0,12.288667
103,5,0.890831,81.0,11.895402
103,5,0.901829,82.0,11.502137
103,5,0.912827,83.0,11.108863
103,5,0.923824,84.0,10.715598
103,5,0.934822,85.0,10.322333
103,5,0.94582,86.0,9.929069
103,5,0.956818,87.0,9.535804
103,5,0.967816,88.0,9.14253
103,5,0.978814,89.0,8.858899
103,5,0.989812,90.0,8.609
103,5,1.00081,91.0,8.359101
103,5,1.011808,92.0,8.109202
103,5,1.022806,93.0,7.859298
103,5,1.033804,94.0,7.609399
103,5,1.044801,95.0,7.3595
103,5,1.055799,96.0,7.109601
103,5,1.066797,97.0,6.859702
103,5,1.077795,98.0,6.609798
103,5,1.088793,99.0,6.359899
103,5,1.099791,100.0,6.11
103,6,0.0,0.0,6.11
103,6,0.010998,1.0,6.330321
103,6,0.021996,2.0,6.550642
103,6,0.032994,3.0,6.770958
103,6,0.043992,4.0,6.991279
103,6,0.05499,5.0,7.2116
103,6,0.065987,6.0,7.431921
103,6,0.076985,7.0,7.660118
103,6,0.087983,8.0,8.022168
103,6,0.098981,9.0,8.384227
103,6,0.109979,10.0,8.746286
103,6,0.120977,11.0,9.108344
103,6,0.131975,12.0,9.470403
103,6,0.142973,13.0,9.832454
103,6,0.153971,14.0,10.194513
103,6,0.164969,15.0,10.556571
103,6,0.175967,16.0,10.91863
103,6,0.186964,17.0,11.324233
103,6,0.197962,18.0,11.81691
103,6,0.20896,19.0,12.309598
103,6,0.219958,20.0,12.802286
103,6,0.230956,21.0,13.294974
103,6,0.241954,22.0,13.787662
103,6,0.252952,23.0,14.280338
103,6,0.26395,24.0,14.773026
103,6,0.274948,25.0,15.265714
103,6,0.285946,26.0,15.758402
103,6,0.296944,27.0,16.471408
103,6,0.307941,28.0,17.324592
103,6,0.318939,29.0,18.177796
103,6,0.329937,30.0,19.031
103,6,0.340935,31.0,19.884204
103,6,0.351933,32.0,20.737408
103,6,0.362931,33.0,21.590592
103,6,0.373929,34.0,22.443796
103,6,0.384927,35.0,23.297
103,6,0.395925,36.0,24.150204
103,6,0.406923,37.0,25.003408
103,6,0.417921,38.0,26.730776
103,6,0.428918,39.0,29.332388
103,6,0.439916,40.0,31.934
103,6,0.450914,41.0,34.535612
103,6,0.461912,42.0,37.137224
103,6,0.47291,43.0,39.738776
103,6,0.483908,44.0,42.340388
103,6,0.494906,45.0,44.942
103,6,0.505904,46.0,47.441895
103,6,0.516902,47.0,49.433218
103,6,0.5279,48.0,51.424496
103,6,0.538898,49.0,53.41582
103,6,0.549895,50.0,55.407143
103,6,0.560893,51.0,57.398466
103,6,0.571891,52.0,59.389789
103,6,0.582889,53.0,61.381068
103,6,0.593887,54.0,63.372391
103,6,0.604885,55.0,65.363714
103,6,0.615883,56.0,65.284068
103,6,0.626881,57.0,62.615736
103,6,0.637879,58.0,59.947464
103,6,0.648877,59.0,57.279132
103,6,0.659875,60.0,54.6108
103,6,0.670873,61.0,51.942468
103,6,0.68187,62.0,49.274136
103,6,0.692868,63.0,46.566368
103,6,0.703866,64.0,43.819041
103,6,0.714864,65.0,41.071714
103,6,0.725862,66.0,38.324388
103,6,0.73686,67.0,35.577061
103,6,0.747858,68.0,32.829796
103,6,0.758856,69.0,30.08247
103,6,0.769854,70.0,27.335143
103,6,0.780852,71.0,24.587816
103,6,0.79185,72.0,21.840489
103,6,0.802847,73.0,20.37481
103,6,0.813845,74.0,19.275262
103,6,0.824843,75.0,18.175714
103,6,0.835841,76.0,17.076166
103,6,0.846839,77.0,15.976619
103,6,0.857837,78.0,14.877096
103,6,0.868835,79.0,13.777548
103,6,0.879833,80.0,12.678
103,6,0.890831,81.0,11.578452
103,6,0.901829,82.0,10.534266
103,6,0.912827,83.0,10.431068
103,6,0.923824,84.0,10.327867
103,6,0.934822,85.0,10.224667
103,6,0.94582,86.0,10.121466
103,6,0.956818,87.0,10.018266
103,6,0.967816,88.0,9.915068
103,6,0.978814,89.0,9.811867
103,6,0.989812,90.0,9.708667
103,6,1.00081,91.0,9.605466
103,6,1.011808,92.0,9.502266
103,6,1.022806,93.0,9.399068
103,6,1.033804,94.0,9.295867
103,6,1.044801,95.0,9.485
103,6,1.055799,96.0,9.908002
103,6,1.066797,97.0,10.331004
103,6,1.077795,98.0,10.753996
103,6,1.088793,99.0,11.176998
103,6,1.099791,100.0,11.6
103,7,0.0,0.0,11.6
103,7,0.010998,1.0,11.462166
103,7,0.021996,2.0,11.324331
103,7,0.032994,3.0,11.186497
103,7,0.043992,4.0,11.048659
103,7,0.05499,5.0,10.910824
103,7,0.065987,6.0,10.77299
103,7,0.076985,7.0,10.635155
103,7,0.087983,8.0,10.497321
103,7,0.098981,9.0,10.359486
103,7,0.109979,10.0,10.221649
103,7,0.120977,11.0,10.083814
103,7,0.131975,12.0,10.122521
103,7,0.142973,13.0,10.699951
103,7,0.153971,14.0,11.277381
103,7,0.164969,15.0,11.854811
103,7,0.175967,16.0,12.432255
103,7,0.186964,17.0,13.009685
103,7,0.197962,18.0,13.587115
103,7,0.20896,19.0,14.164545
103,7,0.219958,20.0,14.741975
103,7,0.230956,21.0,15.353704
103,7,0.241954,22.0,16.010561
103,7,0.252952,23.0,16.667402
103,7,0.26395,24.0,17.324243
103,7,0.274948,25.0,17.981083
103,7,0.285946,26.0,18.637924
103,7,0.296944,27.0,19.294765
103,7,0.307941,28.0,19.951606
103,7,0.318939,29.0,20.608462
103,7,0.329937,30.0,21.265303
103,7,0.340935,31.0,21.922144
103,7,0.351933,32.0,22.578985
103,7,0.362931,33.0,24.775656
103,7,0.373929,34.0,27.701151
103,7,0.384927,35.0,30.626715
103,7,0.395925,36.0,33.552209
103,7,0.406923,37.0,36.477703
103,7,0.417921,38.0,39.403197
103,7,0.428918,39.0,42.328691
103,7,0.439916,40.0,44.770593
103,7,0.450914,41.0,46.243888
103,7,0.461912,42.0,47.717148
103,7,0.47291,43.0,49.190407
103,7,0.483908,44.0,50.663667
103,7,0.494906,45.0,52.136926
103,7,0.505904,46.0,53.610186
103,7,0.516902,47.0,55.083481
103,7,0.5279,48.0,56.55674
103,7,0.538898,49.0,58.03
103,7,0.549895,50.0,59.503259
103,7,0.560893,51.0,60.976519
103,7,0.571891,52.0,62.449778
103,7,0.582889,53.0,63.509015
103,7,0.593887,54.0,61.240988
103,7,0.604885,55.0,58.973016
103,7,0.615883,56.0,56.705043
103,7,0.626881,57.0,54.437071
103,7,0.637879,58.0,52.169098
103,7,0.648877,59.0,49.901125
103,7,0.659875,60.0,47.633098
103,7,0.670873,61.0,45.407821
103,7,0.68187,62.0,43.195662
103,7,0.692868,63.0,40.983504
103,7,0.703866,64.0,38.771346
103,7,0.714864,65.0,36.559188
103,7,0.725862,66.0,34.346977
103,7,0.73686,67.0,32.134819
103,7,0.747858,68.0,29.92266
103,7,0.758856,69.0,27.710502
103,7,0.769854,70.0,25.498344
103,7,0.780852,71.0,23.286186
103,7,0.79185,72.0,21.073975
103,7,0.802847,73.0,18.861816
103,7,0.813845,74.0,17.030801
103,7,0.824843,75.0,15.521066
103,7,0.835841,76.0,14.01133
103,7,0.846839,77.0,12.501595
103,7,0.857837,78.0,10.99186
103,7,0.868835,79.0,9.482089
103,7,0.879833,80.0,8.845467
103,7,0.890831,81.0,8.872693
103,7,0.901829,82.0,8.89992
103,7,0.912827,83.0,8.927146
103,7,0.923824,84.0,8.954373
103,7,0.934822,85.0,8.9816
103,7,0.94582,86.0,9.008827
103,7,0.956818,87.0,9.036053
103,7,0.967816,88.0,9.06328
103,7,0.978814,89.0,9.090507
103,7,0.989812,90.0,9.117733
103,7,1.00081,91.0,9.14496
103,7,1.011808,92.0,9.172187
103,7,1.022806,93.0,9.54771
103,7,1.033804,94.0,10.582319
103,7,1.044801,95.0,11.616928
103,7,1.055799,96.0,12.651538
103,7,1.066797,97.0,13.686172
103,7,1.077795,98.0,14.720781
103,7,1.088793,99.0,15.755391
103,7,1.099791,100.0,16.79
103,8,0.0,0.0,16.79
103,8,0.010998,1.0,16.753343
103,8,0.021996,2.0,16.716685
103,8,0.032994,3.0,16.680028
103,8,0.043992,4.0,16.643371
103,8,0.05499,5.0,16.606713
103,8,0.065987,6.0,16.570056
103,8,0.076985,7.0,16.533399
103,8,0.087983,8.0,16.476762
103,8,0.098981,9.0,16.215333
103,8,0.109979,10.0,15.953905
103,8,0.120977,11.0,15.692476
103,8,0.131975,12.0,15.431048
103,8,0.142973,13.0,15.169619
103,8,0.153971,14.0,14.90819
103,8,0.164969,15.0,14.646762
103,8,0.175967,16.0,14.385333
103,8,0.186964,17.0,14.123905
103,8,0.197962,18.0,14.113125
103,8,0.20896,19.0,14.183438
103,8,0.219958,20.0,14.25375
103,8,0.230956,21.0,14.324063
103,8,0.241954,22.0,14.394375
103,8,0.252952,23.0,14.464688
103,8,0.26395,24.0,14.535
103,8,0.274948,25.0,14.605313
103,8,0.285946,26.0,14.675625
103,8,0.296944,27.0,14.745938
103,8,0.307941,28.0,15.022222
103,8,0.318939,29.0,17.409722
103,8,0.329937,30.0,19.797222
103,8,0.340935,31.0,22.184722
103,8,0.351933,32.0,24.572222
103,8,0.362931,33.0,26.959722
103,8,0.373929,34.0,29.347222
103,8,0.384927,35.0,31.734722
103,8,0.395925,36.0,34.100074
103,8,0.406923,37.0,36.238407
103,8,0.417921,38.0,38.376741
103,8,0.428918,39.0,40.515074
103,8,0.439916,40.0,42.653407
103,8,0.450914,41.0,44.791741
103,8,0.461912,42.0,46.930074
103,8,0.47291,43.0,49.068407
103,8,0.483908,44.0,51.206741
103,8,0.494906,45.0,53.345074
103,8,0.505904,46.0,55.483407
103,8,0.516902,47.0,57.621741
103,8,0.5279,48.0,59.327556
103,8,0.538898,49.0,56.600056
103,8,0.549895,50.0,53.872556
103,8,0.560893,51.0,51.145056
103,8,0.571891,52.0,48.522132
103,8,0.582889,53.0,46.971121
103,8,0.593887,54.0,45.42011
103,8,0.604885,55.0,43.869099
103,8,0.615883,56.0,42.318088
103,8,0.626881,57.0,40.767077
103,8,0.637879,58.0,39.216066
103,8,0.648877,59.0,37.665055
103,8,0.659875,60.0,36.114044
103,8,0.670873,61.0,34.563033
103,8,0.68187,62.0,33.012022
103,8,0.692868,63.0,31.461011
103,8,0.703866,64.0,29.91
103,8,0.714864,65.0,28.56152
103,8,0.725862,66.0,27.213041
103,8,0.73686,67.0,25.864561
103,8,0.747858,68.0,24.516081
103,8,0.758856,69.0,23.167601
103,8,0.769854,70.0,21.819122
103,8,0.780852,71.0,20.724238
103,8,0.79185,72.0,19.976381
103,8,0.802847,73.0,19.228524
103,8,0.813845,74.0,18.480667
103,8,0.824843,75.0,17.73281
103,8,0.835841,76.0,16.984952
103,8,0.846839,77.0,16.237095
103,8,0.857837,78.0,15.489238
103,8,0.868835,79.0,14.741381
103,8,0.879833,80.0,13.99125
103,8,0.890831,81.0,13.217813
103,8,0.901829,82.0,12.444375
103,8,0.912827,83.0,11.670938
103,8,0.923824,84.0,10.8975
103,8,0.934822,85.0,10.124063
103,8,0.94582,86.0,9.350625
103,8,0.956818,87.0,8.577188
103,8,0.967816,88.0,7.80375
103,8,0.978814,89.0,7.030313
103,8,0.989812,90.0,6.256875
103,8,1.00081,91.0,5.620448
103,8,1.011808,92.0,5.171509
103,8,1.022806,93.0,4.722571
103,8,1.033804,94.0,4.273632
103,8,1.044801,95.0,3.824693
103,8,1.055799,96.0,3.375755
103,8,1.066797,97.0,2.926816
103,8,1.077795,98.0,2.477877
103,8,1.088793,99.0,2.028939
103,8,1.099791,100.0,1.58
103,9,0.0,0.0,1.58
103,9,0.010998,1.0,1.968421
103,9,0.021996,2.0,2.356842
103,9,0.032994,3.0,2.745253
103,9,0.043992,4.0,3.133674
103,9,0.05499,5.0,3.522095
103,9,0.065987,6.0,3.910515
103,9,0.076985,7.0,4.298936
103,9,0.087983,8.0,4.488533
103,9,0.098981,9.0,4.564745
103,9,0.109979,10.0,4.640958
103,9,0.120977,11.0,4.717171
103,9,0.131975,12.0,4.793384
103,9,0.142973,13.0,4.869595
103,9,0.153971,14.0,4.945808
103,9,0.164969,15.0,5.022021
103,9,0.175967,16.0,5.098234
103,9,0.186964,17.0,5.174447
103,9,0.197962,18.0,5.250658
103,9,0.20896,19.0,5.32687
103,9,0.219958,20.0,6.264667
103,9,0.230956,21.0,7.577873
103,9,0.241954,22.0,8.891079
103,9,0.252952,23.0,10.204254
103,9,0.26395,24.0,11.51746
103,9,0.274948,25.0,12.830667
103,9,0.285946,26.0,14.143873
103,9,0.296944,27.0,15.530194
103,9,0.307941,28.0,17.156029
103,9,0.318939,29.0,18.781903
103,9,0.329937,30.0,20.407778
103,9,0.340935,31.0,22.033652
103,9,0.351933,32.0,23.659527
103,9,0.362931,33.0,25.285362
103,9,0.373929,34.0,26.911237
103,9,0.384927,35.0,28.537111
103,9,0.395925,36.0,30.162986
103,9,0.406923,37.0,31.78886
103,9,0.417921,38.0,33.414695
103,9,0.428918,39.0,35.04057
103,9,0.439916,40.0,36.666444
103,9,0.450914,41.0,38.987485
103,9,0.461912,42.0,41.481238
103,9,0.47291,43.0,43.974929
103,9,0.483908,44.0,46.468681
103,9,0.494906,45.0,48.962433
103,9,0.505904,46.0,51.456185
103,9,0.516902,47.0,53.949938
103,9,0.5279,48.0,55.602248
103,9,0.538898,49.0,55.608893
103,9,0.549895,50.0,55.615537
103,9,0.560893,51.0,55.622182
103,9,0.571891,52.0,55.628827
103,9,0.582889,53.0,55.635471
103,9,0.593887,54.0,55.642116
103,9,0.604885,55.0,55.64876
103,9,0.615883,56.0,55.655405
103,9,0.626881,57.0,55.66205
103,9,0.637879,58.0,55.668694
103,9,0.648877,59.0,55.675339
103,9,0.659875,60.0,54.815333
103,9,0.670873,61.0,51.918686
103,9,0.68187,62.0,49.022039
103,9,0.692868,63.0,46.125461
103,9,0.703866,64.0,43.228814
103,9,0.714864,65.0,40.332167
103,9,0.725862,66.0,37.435519
103,9,0.73686,67.0,34.538872
103,9,0.747858,68.0,31.642295
103,9,0.758856,69.0,28.987254
103,9,0.769854,70.0,26.794429
103,9,0.780852,71.0,24.601604
103,9,0.79185,72.0,22.408779
103,9,0.802847,73.0,20.216007
103,9,0.813845,74.0,18.023182
103,9,0.824843,75.0,15.830357
103,9,0.835841,76.0,13.637532
103,9,0.846839,77.0,11.444707
103,9,0.857837,78.0,9.251936
103,9,0.868835,79.0,7.059111
103,9,0.879833,80.0,7.570225
103,9,0.890831,81.0,8.396813
103,9,0.901829,82.0,9.223401
103,9,0.912827,83.0,10.049969
103,9,0.923824,84.0,10.876558
103,9,0.934822,85.0,11.703146
103,9,0.94582,86.0,12.529734
103,9,0.956818,87.0,13.356323
103,9,0.967816,88.0,14.134566
103,9,0.978814,89.0,13.746684
103,9,0.989812,90.0,13.358802
103,9,1.00081,91.0,12.97092
103,9,1.011808,92.0,12.583038
103,9,1.022806,93.0,12.195165
103,9,1.033804,94.0,11.807283
103,9,1.044801,95.0,11.419401
103,9,1.055799,96.0,11.031519
103,9,1.066797,97.0,10.643637
103,9,1.077795,98.0,10.255764
103,9,1.088793,99.0,9.867882
103,9,1.099791,100.0,9.48
103,10,0.0,0.0,9.48
103,10,0.010998,1.0,9.614319
103,10,0.021996,2.0,9.748639
103,10,0.032994,3.0,9.882958
103,10,0.043992,4.0,10.017274
103,10,0.05499,5.0,10.151594
103,10,0.065987,6.0,10.285913
103,10,0.076985,7.0,10.420233
103,10,0.087983,8.0,10.697522
103,10,0.098981,9.0,11.058964
103,10,0.109979,10.0,11.420396
103,10,0.120977,11.0,11.781838
103,10,0.131975,12.0,12.143279
103,10,0.142973,13.0,12.504721
103,10,0.153971,14.0,12.866162
103,10,0.164969,15.0,13.227604
103,10,0.175967,16.0,13.589036
103,10,0.186964,17.0,13.950478
103,10,0.197962,18.0,14.34812
103,10,0.20896,19.0,14.920881
103,10,0.219958,20.0,15.493641
103,10,0.230956,21.0,16.066401
103,10,0.241954,22.0,16.639148
103,10,0.252952,23.0,17.211908
103,10,0.26395,24.0,17.784668
103,10,0.274948,25.0,18.357429
103,10,0.285946,26.0,18.930189
103,10,0.296944,27.0,19.502949
103,10,0.307941,28.0,20.07571
103,10,0.318939,29.0,21.251264
103,10,0.329937,30.0,22.669315
103,10,0.340935,31.0,24.087367
103,10,0.351933,32.0,25.505419
103,10,0.362931,33.0,26.923471
103,10,0.373929,34.0,28.341523
103,10,0.384927,35.0,29.75954
103,10,0.395925,36.0,31.177592
103,10,0.406923,37.0,32.595644
103,10,0.417921,38.0,34.013695
103,10,0.428918,39.0,35.431747
103,10,0.439916,40.0,36.849799
103,10,0.450914,41.0,39.005909
103,10,0.461912,42.0,41.540015
103,10,0.47291,43.0,44.074121
103,10,0.483908,44.0,46.608226
103,10,0.494906,45.0,49.142332
103,10,0.505904,46.0,51.676438
103,10,0.516902,47.0,54.210482
103,10,0.5279,48.0,56.433753
103,10,0.538898,49.0,57.342376
103,10,0.549895,50.0,58.251
103,10,0.560893,51.0,59.159624
103,10,0.571891,52.0,60.068247
103,10,0.582889,53.0,60.976871
103,10,0.593887,54.0,61.885472
103,10,0.604885,55.0,62.794096
103,10,0.615883,56.0,63.702719
103,10,0.626881,57.0,64.611343
103,10,0.637879,58.0,65.519966
103,10,0.648877,59.0,66.42859
103,10,0.659875,60.0,66.310433
103,10,0.670873,61.0,62.923593
103,10,0.68187,62.0,59.536753
103,10,0.692868,63.0,56.149913
103,10,0.703866,64.0,52.763074
103,10,0.714864,65.0,49.376234
103,10,0.725862,66.0,45.989476
103,10,0.73686,67.0,42.602636
103,10,0.747858,68.0,39.780889
103,10,0.758856,69.0,37.128967
103,10,0.769854,70.0,34.477045
103,10,0.780852,71.0,31.825123
103,10,0.79185,72.0,29.173266
103,10,0.802847,73.0,26.521344
103,10,0.813845,74.0,23.869422
103,10,0.824843,75.0,21.2175
103,10,0.835841,76.0,18.565578
103,10,0.846839,77.0,15.913656
103,10,0.857837,78.0,14.010673
103,10,0.868835,79.0,13.183811
103,10,0.879833,80.0,12.356929
103,10,0.890831,81.0,11.530046
103,10,0.901829,82.0,10.703164
103,10,0.912827,83.0,9.876281
103,10,0.923824,84.0,9.049399
103,10,0.934822,85.0,8.222536
103,10,0.94582,86.0,7.395654
103,10,0.956818,87.0,6.568771
103,10,0.967816,88.0,5.741889
103,10,0.978814,89.0,5.807746
103,10,0.989812,90.0,6.027952
103,10,1.00081,91.0,6.248152
103,10,1.011808,92.0,6.468358
103,10,1.022806,93.0,6.688564
103,10,1.033804,94.0,6.90877
103,10,1.044801,95.0,7.128976
103,10,1.055799,96.0,7.349182
103,10,1.066797,97.0,7.569382
103,10,1.077795,98.0,7.789588
103,10,1.088793,99.0,8.009794
103,10,1.099791,100.0,8.23
104,2,0.0,0.0,10.21
104,2,0.010998,1.0,9.84666
104,2,0.021996,2.0,9.483313
104,2,0.032994,3.0,9.119973
104,2,0.043992,4.0,8.756626
104,2,0.05499,5.0,8.393286
104,2,0.065987,6.0,8.029946
104,2,0.076985,7.0,7.666599
104,2,0.087983,8.0,7.303259
104,2,0.098981,9.0,7.208789
104,2,0.109979,10.0,7.596429
104,2,0.120977,11.0,7.984068
104,2,0.131975,12.0,8.371716
104,2,0.142973,13.0,8.759356
104,2,0.153971,14.0,9.147003
104,2,0.164969,15.0,9.534643
104,2,0.175967,16.0,9.922283
104,2,0.186964,17.0,10.30993
104,2,0.197962,18.0,10.568834
104,2,0.20896,19.0,10.776692
104,2,0.219958,20.0,10.984545
104,2,0.230956,21.0,11.192399
104,2,0.241954,22.0,11.400257
104,2,0.252952,23.0,11.608111
104,2,0.26395,24.0,11.815969
104,2,0.274948,25.0,12.023822
104,2,0.285946,26.0,12.231676
104,2,0.296944,27.0,12.439534
104,2,0.307941,28.0,14.016695
104,2,0.318939,29.0,16.032962
104,2,0.329937,30.0,18.049189
104,2,0.340935,31.0,20.065416
104,2,0.351933,32.0,22.081684
104,2,0.362931,33.0,24.097911
104,2,0.373929,34.0,26.904826
104,2,0.384927,35.0,30.107
104,2,0.395925,36.0,33.309174
104,2,0.406923,37.0,36.511413
104,2,0.417921,38.0,39.713587
104,2,0.428918,39.0,42.915826
104,2,0.439916,40.0,46.118
104,2,0.450914,41.0,48.948816
104,2,0.461912,42.0,50.718611
104,2,0.47291,43.0,52.48837
104,2,0.483908,44.0,54.258165
104,2,0.494906,45.0,56.027925
104,2,0.505904,46.0,57.797684
104,2,0.516902,47.0,59.567479
104,2,0.5279,48.0,61.337238
104,2,0.538898,49.0,63.107033
104,2,0.549895,50.0,63.31219
104,2,0.560893,51.0,62.157371
104,2,0.571891,52.0,61.002529
104,2,0.582889,53.0,59.847709
104,2,0.593887,54.0,58.692867
104,2,0.604885,55.0,57.538048
104,2,0.615883,56.0,56.383228
104,2,0.626881,57.0,55.228386
104,2,0.637879,58.0,54.073567
104,2,0.648877,59.0,50.96205
104,2,0.659875,60.0,47.616154
104,2,0.670873,61.0,44.270258
104,2,0.68187,62.0,40.924294
104,2,0.692868,63.0,37.578398
104,2,0.703866,64.0,34.232435
104,2,0.714864,65.0,30.886538
104,2,0.725862,66.0,27.540642
104,2,0.73686,67.0,24.939324
104,2,0.747858,68.0,23.827319
104,2,0.758856,69.0,22.715291
104,2,0.769854,70.0,21.603286
104,2,0.780852,71.0,20.49128
104,2,0.79185,72.0,19.379253
104,2,0.802847,73.0,18.267247
104,2,0.813845,74.0,17.15522
104,2,0.824843,75.0,16.043214
104,2,0.835841,76.0,15.019208
104,2,0.846839,77.0,14.034467
104,2,0.857837,78.0,13.049747
104,2,0.868835,79.0,12.065006
104,2,0.879833,80.0,11.080286
104,2,0.890831,81.0,10.095565
104,2,0.901829,82.0,9.110825
104,2,0.912827,83.0,8.126104
104,2,0.923824,84.0,7.156771
104,2,0.934822,85.0,6.484008
104,2,0.94582,86.0,5.811245
104,2,0.956818,87.0,5.138468
104,2,0.967816,88.0,4.465705
104,2,0.978814,89.0,3.792928
104,2,0.989812,90.0,3.120165
104,2,1.00081,91.0,2.447402
104,2,1.011808,92.0,1.774625
104,2,1.022806,93.0,1.101862
104,2,1.033804,94.0,0.519732
104,2,1.044801,95.0,0.848108
104,2,1.055799,96.0,1.176484
104,2,1.066797,97.0,1.504866
104,2,1.077795,98.0,1.833242
104,2,1.088793,99.0,2.161624
104,2,1.099791,100.0,2.49
104,3,0.0,0.0,2.49
104,3,0.010998,1.0,2.866915
104,3,0.021996,2.0,3.243823
104,3,0.032994,3.0,3.620738
104,3,0.043992,4.0,3.997645
104,3,0.05499,5.0,4.37456
104,3,0.065987,6.0,4.751476
104,3,0.076985,7.0,5.128383
104,3,0.087983,8.0,5.505298
104,3,0.098981,9.0,5.933054
104,3,0.109979,10.0,6.373388
104,3,0.120977,11.0,6.813723
104,3,0.131975,12.0,7.254048
104,3,0.142973,13.0,7.694382
104,3,0.153971,14.0,8.134707
104,3,0.164969,15.0,8.575041
104,3,0.175967,16.0,9.015376
104,3,0.186964,17.0,9.455701
104,3,0.197962,18.0,9.896035
104,3,0.20896,19.0,10.33636
104,3,0.219958,20.0,11.372135
104,3,0.230956,21.0,12.473414
104,3,0.241954,22.0,13.574669
104,3,0.252952,23.0,14.675949
104,3,0.26395,24.0,15.777204
104,3,0.274948,25.0,16.878483
104,3,0.285946,26.0,17.979762
104,3,0.296944,27.0,19.081018
104,3,0.307941,28.0,21.120543
104,3,0.318939,29.0,23.284486
104,3,0.329937,30.0,25.448476
104,3,0.340935,31.0,27.612467
104,3,0.351933,32.0,29.77641
104,3,0.362931,33.0,31.9404
104,3,0.373929,34.0,34.104343
104,3,0.384927,35.0,36.268333
104,3,0.395925,36.0,38.432324
104,3,0.406923,37.0,40.64819
104,3,0.417921,38.0,42.93481
104,3,0.428918,39.0,45.22138
104,3,0.439916,40.0,47.508
104,3,0.450914,41.0,49.79462
104,3,0.461912,42.0,52.08119
104,3,0.47291,43.0,54.36781
104,3,0.483908,44.0,56.65438
104,3,0.494906,45.0,58.941
104,3,0.505904,46.0,61.22762
104,3,0.516902,47.0,63.51419
104,3,0.5279,48.0,63.185058
104,3,0.538898,49.0,61.201884
104,3,0.549895,50.0,59.218667
104,3,0.560893,51.0,57.235449
104,3,0.571891,52.0,55.252275
104,3,0.582889,53.0,53.269058
104,3,0.593887,54.0,51.285884
104,3,0.604885,55.0,48.1215
104,3,0.615883,56.0,44.75817
104,3,0.626881,57.0,41.394915
104,3,0.637879,58.0,38.031585
104,3,0.648877,59.0,34.66833
104,3,0.659875,60.0,31.305
104,3,0.670873,61.0,27.94167
104,3,0.68187,62.0,24.578415
104,3,0.692868,63.0,22.836361
104,3,0.703866,64.0,21.641277
104,3,0.714864,65.0,20.446167
104,3,0.725862,66.0,19.251056
104,3,0.73686,67.0,18.055972
104,3,0.747858,68.0,16.860861
104,3,0.758856,69.0,15.665777
104,3,0.769854,70.0,14.470667
104,3,0.780852,71.0,13.663516
104,3,0.79185,72.0,13.074944
104,3,0.802847,73.0,12.486359
104,3,0.813845,74.0,11.897787
104,3,0.824843,75.0,11.309202
104,3,0.835841,76.0,10.720617
104,3,0.846839,77.0,10.132045
104,3,0.857837,78.0,9.54346
104,3,0.868835,79.0,8.954888
104,3,0.879833,80.0,8.366303
104,3,0.890831,81.0,7.777718
104,3,0.901829,82.0,8.014627
104,3,0.912827,83.0,8.324373
104,3,0.923824,84.0,8.634112
104,3,0.934822,85.0,8.943857
104,3,0.94582,86.0,9.253603
104,3,0.956818,87.0,9.563341
104,3,0.967816,88.0,9.873087
104,3,0.978814,89.0,10.182826
104,3,0.989812,90.0,10.492571
104,3,1.00081,91.0,10.506997
104,3,1.011808,92.0,10.174001
104,3,1.022806,93.0,9.840999
104,3,1.033804,94.0,9.508003
104,3,1.044801,95.0,9.175
104,3,1.055799,96.0,8.841997
104,3,1.066797,97.0,8.509001
104,3,1.077795,98.0,8.175999
104,3,1.088793,99.0,7.843003
104,3,1.099791,100.0,7.51
104,4,0.0,0.0,7.51
104,4,0.010998,1.0,7.50406
104,4,0.021996,2.0,7.49812
104,4,0.032994,3.0,7.49218
104,4,0.043992,4.0,7.48624
104,4,0.05499,5.0,7.4803
104,4,0.065987,6.0,7.47436
104,4,0.076985,7.0,7.46842
104,4,0.087983,8.0,7.46248
104,4,0.098981,9.0,7.45654
104,4,0.109979,10.0,7.4506
104,4,0.120977,11.0,7.44466
104,4,0.131975,12.0,7.43872
104,4,0.142973,13.0,7.43278
104,4,0.153971,14.0,7.42684
104,4,0.164969,15.0,7.4209
104,4,0.175967,16.0,7.845595
104,4,0.186964,17.0,8.347202
104,4,0.197962,18.0,8.848798
104,4,0.20896,19.0,9.350405
104,4,0.219958,20.0,9.852
104,4,0.230956,21.0,10.353595
104,4,0.241954,22.0,10.855202
104,4,0.252952,23.0,11.76944
104,4,0.26395,24.0,13.78412
104,4,0.274948,25.0,15.79875
104,4,0.285946,26.0,17.81338
104,4,0.296944,27.0,19.82806
104,4,0.307941,28.0,21.84269
104,4,0.318939,29.0,23.754415
104,4,0.329937,30.0,25.283714
104,4,0.340935,31.0,26.813013
104,4,0.351933,32.0,28.34235
104,4,0.362931,33.0,29.87165
104,4,0.373929,34.0,31.400987
104,4,0.384927,35.0,32.930286
104,4,0.395925,36.0,34.459585
104,4,0.406923,37.0,35.988922
104,4,0.417921,38.0,37.518221
104,4,0.428918,39.0,39.047558
104,4,0.439916,40.0,40.687714
104,4,0.450914,41.0,42.399926
104,4,0.461912,42.0,44.11218
104,4,0.47291,43.0,45.824392
104,4,0.483908,44.0,47.536645
104,4,0.494906,45.0,49.248857
104,4,0.505904,46.0,50.961069
104,4,0.516902,47.0,52.673323
104,4,0.5279,48.0,54.385534
104,4,0.538898,49.0,56.097788
104,4,0.549895,50.0,57.81
104,4,0.560893,51.0,56.596555
104,4,0.571891,52.0,55.38308
104,4,0.582889,53.0,54.169635
104,4,0.593887,54.0,52.956159
104,4,0.604885,55.0,51.742714
104,4,0.615883,56.0,50.529269
104,4,0.626881,57.0,49.315794
104,4,0.637879,58.0,48.102349
104,4,0.648877,59.0,46.888874
104,4,0.659875,60.0,45.675429
104,4,0.670873,61.0,43.899655
104,4,0.68187,62.0,41.258673
104,4,0.692868,63.0,38.617756
104,4,0.703866,64.0,35.976774
104,4,0.714864,65.0,33.335857
104,4,0.725862,66.0,30.69494
104,4,0.73686,67.0,28.053958
104,4,0.747858,68.0,25.413042
104,4,0.758856,69.0,22.77206
104,4,0.769854,70.0,20.131143
104,4,0.780852,71.0,17.490226
104,4,0.79185,72.0,16.156304
104,4,0.802847,73.0,15.174321
104,4,0.813845,74.0,14.192314
104,4,0.824843,75.0,13.210331
104,4,0.835841,76.0,12.228348
104,4,0.846839,77.0,11.246341
104,4,0.857837,78.0,10.264358
104,4,0.868835,79.0,9.282351
104,4,0.879833,80.0,8.300368
104,4,0.890831,81.0,7.318385
104,4,0.901829,82.0,6.336378
104,4,0.912827,83.0,5.354395
104,4,0.923824,84.0,4.372387
104,4,0.934822,85.0,3.491186
104,4,0.94582,86.0,4.504668
104,4,0.956818,87.0,5.518174
104,4,0.967816,88.0,6.531656
104,4,0.978814,89.0,7.545163
104,4,0.989812,90.0,8.558644
104,4,1.00081,91.0,9.488699
104,4,1.011808,92.0,9.5844
104,4,1.022806,93.0,9.6801
104,4,1.033804,94.0,9.775801
104,4,1.044801,95.0,9.8715
104,4,1.055799,96.0,9.967199
104,4,1.066797,97.0,10.0629
104,4,1.077795,98.0,10.1586
104,4,1.088793,99.0,10.254301
104,4,1.099791,100.0,10.35
104,5,0.0,0.0,10.35
104,5,0.010998,1.0,10.154167
104,5,0.021996,2.0,9.958333
104,5,0.032994,3.0,9.7625
104,5,0.043992,4.0,9.566667
104,5,0.05499,5.0,9.370833
104,5,0.065987,6.0,9.175
104,5,0.076985,7.0,8.979167
104,5,0.087983,8.0,8.783333
104,5,0.098981,9.0,8.5875
104,5,0.109979,10.0,8.391667
104,5,0.120977,11.0,8.195833
104,5,0.131975,12.0,8.0
104,5,0.142973,13.0,8.446786
104,5,0.153971,14.0,8.893571
104,5,0.164969,15.0,9.340357
104,5,0.175967,16.0,9.787143
104,5,0.186964,17.0,10.233929
104,5,0.197962,18.0,10.680714
104,5,0.20896,19.0,11.1275
104,5,0.219958,20.0,11.574286
104,5,0.230956,21.0,12.021071
104,5,0.241954,22.0,12.755
104,5,0.252952,23.0,13.6325
104,5,0.26395,24.0,14.51
104,5,0.274948,25.0,15.3875
104,5,0.285946,26.0,16.265
104,5,0.296944,27.0,17.1425
104,5,0.307941,28.0,18.02
104,5,0.318939,29.0,19.409979
104,5,0.329937,30.0,20.799959
104,5,0.340935,31.0,22.189938
104,5,0.351933,32.0,23.579917
104,5,0.362931,33.0,24.969897
104,5,0.373929,34.0,26.359876
104,5,0.384927,35.0,27.749855
104,5,0.395925,36.0,29.139835
104,5,0.406923,37.0,30.529814
104,5,0.417921,38.0,31.919793
104,5,0.428918,39.0,33.618567
104,5,0.439916,40.0,36.271798
104,5,0.450914,41.0,38.925028
104,5,0.461912,42.0,41.578258
104,5,0.47291,43.0,44.231489
104,5,0.483908,44.0,46.884719
104,5,0.494906,45.0,49.537949
104,5,0.505904,46.0,52.19118
104,5,0.516902,47.0,54.255625
104,5,0.5279,48.0,55.1425
104,5,0.538898,49.0,56.029375
104,5,0.549895,50.0,56.91625
104,5,0.560893,51.0,57.803125
104,5,0.571891,52.0,58.69
104,5,0.582889,53.0,59.576875
104,5,0.593887,54.0,60.46375
104,5,0.604885,55.0,61.350625
104,5,0.615883,56.0,62.2375
104,5,0.626881,57.0,63.124375
104,5,0.637879,58.0,60.82375
104,5,0.648877,59.0,56.929375
104,5,0.659875,60.0,53.035
104,5,0.670873,61.0,49.140625
104,5,0.68187,62.0,45.24625
104,5,0.692868,63.0,41.902857
104,5,0.703866,64.0,39.661429
104,5,0.714864,65.0,37.42
104,5,0.725862,66.0,35.178571
104,5,0.73686,67.0,32.937143
104,5,0.747858,68.0,30.695714
104,5,0.758856,69.0,28.454286
104,5,0.769854,70.0,26.212857
104,5,0.780852,71.0,23.971429
104,5,0.79185,72.0,21.73
104,5,0.802847,73.0,20.167188
104,5,0.813845,74.0,18.604375
104,5,0.824843,75.0,17.041562
104,5,0.835841,76.0,15.47875
104,5,0.846839,77.0,13.915938
104,5,0.857837,78.0,12.353125
104,5,0.868835,79.0,10.790312
104,5,0.879833,80.0,9.2275
104,5,0.890831,81.0,7.664687
104,5,0.901829,82.0,6.101875
104,5,0.912827,83.0,5.015
104,5,0.923824,84.0,4.88
104,5,0.934822,85.0,4.745
104,5,0.94582,86.0,4.61
104,5,0.956818,87.0,4.475
104,5,0.967816,88.0,4.34
104,5,0.978814,89.0,4.205
104,5,0.989812,90.0,4.07
104,5,1.00081,91.0,3.895357
104,5,1.011808,92.0,3.641429
104,5,1.022806,93.0,3.3875
104,5,1.033804,94.0,3.133571
104,5,1.044801,95.0,2.879643
104,5,1.055799,96.0,2.625714
104,5,1.066797,97.0,2.371786
104,5,1.077795,98.0,2.117857
104,5,1.088793,99.0,1.863929
104,5,1.099791,100.0,1.61
104,6,0.0,0.0,1.61
104,6,0.010998,1.0,1.768774
104,6,0.021996,2.0,1.927549
104,6,0.032994,3.0,2.086326
104,6,0.043992,4.0,2.245101
104,6,0.05499,5.0,2.403875
104,6,0.065987,6.0,2.562649
104,6,0.076985,7.0,2.721424
104,6,0.087983,8.0,2.880201
104,6,0.098981,9.0,3.038976
104,6,0.109979,10.0,3.19775
104,6,0.120977,11.0,3.375557
104,6,0.131975,12.0,3.997514
104,6,0.142973,13.0,4.619486
104,6,0.153971,14.0,5.241443
104,6,0.164969,15.0,5.8634
104,6,0.175967,16.0,6.485357
104,6,0.186964,17.0,7.107314
104,6,0.197962,18.0,7.714538
104,6,0.20896,19.0,8.259602
104,6,0.219958,20.0,8.804667
104,6,0.230956,21.0,9.349731
104,6,0.241954,22.0,9.894795
104,6,0.252952,23.0,10.439872
104,6,0.26395,24.0,10.984936
104,6,0.274948,25.0,11.53
104,6,0.285946,26.0,12.075064
104,6,0.296944,27.0,13.36596
104,6,0.307941,28.0,14.677897
104,6,0.318939,29.0,15.989806
104,6,0.329937,30.0,17.301714
104,6,0.340935,31.0,18.613623
104,6,0.351933,32.0,19.925531
104,6,0.362931,33.0,21.237469
104,6,0.373929,34.0,22.549377
104,6,0.384927,35.0,23.861286
104,6,0.395925,36.0,25.581989
104,6,0.406923,37.0,27.959693
104,6,0.417921,38.0,30.33745
104,6,0.428918,39.0,32.715153
104,6,0.439916,40.0,35.092857
104,6,0.450914,41.0,37.470561
104,6,0.461912,42.0,39.848265
104,6,0.47291,43.0,42.226021
104,6,0.483908,44.0,44.603725
104,6,0.494906,45.0,46.981429
104,6,0.505904,46.0,48.814764
104,6,0.516902,47.0,50.507313
104,6,0.5279,48.0,52.199901
104,6,0.538898,49.0,53.89245
104,6,0.549895,50.0,55.585
104,6,0.560893,51.0,57.27755
104,6,0.571891,52.0,58.970099
104,6,0.582889,53.0,60.662687
104,6,0.593887,54.0,62.355236
104,6,0.604885,55.0,63.511722
104,6,0.615883,56.0,62.595438
104,6,0.626881,57.0,61.679154
104,6,0.637879,58.0,60.76285
104,6,0.648877,59.0,59.846567
104,6,0.659875,60.0,58.930283
104,6,0.670873,61.0,58.013999
104,6,0.68187,62.0,57.097716
104,6,0.692868,63.0,56.181412
104,6,0.703866,64.0,55.265128
104,6,0.714864,65.0,53.217788
104,6,0.725862,66.0,50.147591
104,6,0.73686,67.0,47.077393
104,6,0.747858,68.0,44.007126
104,6,0.758856,69.0,40.936929
104,6,0.769854,70.0,37.866731
104,6,0.780852,71.0,34.796533
104,6,0.79185,72.0,31.726335
104,6,0.802847,73.0,28.656069
104,6,0.813845,74.0,25.622076
104,6,0.824843,75.0,23.873125
104,6,0.835841,76.0,22.124174
104,6,0.846839,77.0,20.375224
104,6,0.857837,78.0,18.626234
104,6,0.868835,79.0,16.877284
104,6,0.879833,80.0,15.128333
104,6,0.890831,81.0,13.379383
104,6,0.901829,82.0,11.630432
104,6,0.912827,83.0,9.881443
104,6,0.923824,84.0,8.412023
104,6,0.934822,85.0,8.363494
104,6,0.94582,86.0,8.314966
104,6,0.956818,87.0,8.266438
104,6,0.967816,88.0,8.217909
104,6,0.978814,89.0,8.16938
104,6,0.989812,90.0,8.120852
104,6,1.00081,91.0,8.072324
104,6,1.011808,92.0,8.029843
104,6,1.022806,93.0,8.028612
104,6,1.033804,94.0,8.027382
104,6,1.044801,95.0,8.026152
104,6,1.055799,96.0,8.024921
104,6,1.066797,97.0,8.023691
104,6,1.077795,98.0,8.022461
104,6,1.088793,99.0,8.02123
104,6,1.099791,100.0,8.02
104,7,0.0,0.0,8.02
104,7,0.010998,1.0,7.90675
104,7,0.021996,2.0,7.7935
104,7,0.032994,3.0,7.68025
104,7,0.043992,4.0,7.567
104,7,0.05499,5.0,7.45375
104,7,0.065987,6.0,7.3405
104,7,0.076985,7.0,7.22725
104,7,0.087983,8.0,7.114
104,7,0.098981,9.0,7.00075
104,7,0.109979,10.0,6.8875
104,7,0.120977,11.0,6.77425
104,7,0.131975,12.0,6.661
104,7,0.142973,13.0,6.54775
104,7,0.153971,14.0,7.213279
104,7,0.164969,15.0,8.268197
104,7,0.175967,16.0,9.323115
104,7,0.186964,17.0,10.378033
104,7,0.197962,18.0,11.432951
104,7,0.20896,19.0,12.343702
104,7,0.219958,20.0,12.808846
104,7,0.230956,21.0,13.27399
104,7,0.241954,22.0,13.739135
104,7,0.252952,23.0,14.204279
104,7,0.26395,24.0,14.669423
104,7,0.274948,25.0,15.134567
104,7,0.285946,26.0,15.599712
104,7,0.296944,27.0,16.064856
104,7,0.307941,28.0,16.53
104,7,0.318939,29.0,18.271875
104,7,0.329937,30.0,20.01375
104,7,0.340935,31.0,21.755625
104,7,0.351933,32.0,23.4975
104,7,0.362931,33.0,25.239375
104,7,0.373929,34.0,26.98125
104,7,0.384927,35.0,28.723125
104,7,0.395925,36.0,30.465
104,7,0.406923,37.0,32.206875
104,7,0.417921,38.0,33.94875
104,7,0.428918,39.0,36.197
104,7,0.439916,40.0,39.458
104,7,0.450914,41.0,42.719
104,7,0.461912,42.0,45.98
104,7,0.47291,43.0,49.241
104,7,0.483908,44.0,52.502
104,7,0.494906,45.0,55.763
104,7,0.505904,46.0,57.6
104,7,0.516902,47.0,58.725
104,7,0.5279,48.0,59.85
104,7,0.538898,49.0,60.975
104,7,0.549895,50.0,62.1
104,7,0.560893,51.0,63.225
104,7,0.571891,52.0,64.35
104,7,0.582889,53.0,65.475
104,7,0.593887,54.0,66.6
104,7,0.604885,55.0,67.725
104,7,0.615883,56.0,68.85
104,7,0.626881,57.0,69.975
104,7,0.637879,58.0,67.4675
104,7,0.648877,59.0,63.14375
104,7,0.659875,60.0,58.82
104,7,0.670873,61.0,54.49625
104,7,0.68187,62.0,50.1725
104,7,0.692868,63.0,46.237857
104,7,0.703866,64.0,43.081429
104,7,0.714864,65.0,39.925
104,7,0.725862,66.0,36.768571
104,7,0.73686,67.0,33.612143
104,7,0.747858,68.0,30.455714
104,7,0.758856,69.0,27.299286
104,7,0.769854,70.0,24.142857
104,7,0.780852,71.0,20.986429
104,7,0.79185,72.0,17.83
104,7,0.802847,73.0,16.508929
104,7,0.813845,74.0,15.187857
104,7,0.824843,75.0,13.866786
104,7,0.835841,76.0,12.545714
104,7,0.846839,77.0,11.224643
104,7,0.857837,78.0,9.903571
104,7,0.868835,79.0,8.5825
104,7,0.879833,80.0,7.261429
104,7,0.890831,81.0,5.940357
104,7,0.901829,82.0,5.815
104,7,0.912827,83.0,6.2875
104,7,0.923824,84.0,6.76
104,7,0.934822,85.0,7.2325
104,7,0.94582,86.0,7.705
104,7,0.956818,87.0,8.1775
104,7,0.967816,88.0,8.65
104,7,0.978814,89.0,9.1225
104,7,0.989812,90.0,9.595
104,7,1.00081,91.0,9.863214
104,7,1.011808,92.0,9.722857
104,7,1.022806,93.0,9.5825
104,7,1.033804,94.0,9.442143
104,7,1.044801,95.0,9.301786
104,7,1.055799,96.0,9.161429
104,7,1.066797,97.0,9.021071
104,7,1.077795,98.0,8.880714
104,7,1.088793,99.0,8.740357
104,7,1.099791,100.0,8.6
104,8,0.0,0.0,8.6
104,8,0.010998,1.0,8.616517
104,8,0.021996,2.0,8.633033
104,8,0.032994,3.0,8.64955
104,8,0.043992,4.0,8.666066
104,8,0.05499,5.0,8.682583
104,8,0.065987,6.0,8.6991
104,8,0.076985,7.0,8.715617
104,8,0.087983,8.0,8.732133
104,8,0.098981,9.0,8.74865
104,8,0.109979,10.0,8.765167
104,8,0.120977,11.0,8.781683
104,8,0.131975,12.0,8.7982
104,8,0.142973,13.0,9.524066
104,8,0.153971,14.0,10.336679
104,8,0.164969,15.0,11.149292
104,8,0.175967,16.0,11.961925
104,8,0.186964,17.0,12.774538
104,8,0.197962,18.0,13.58715
104,8,0.20896,19.0,14.399783
104,8,0.219958,20.0,15.205996
104,8,0.230956,21.0,15.998809
104,8,0.241954,22.0,16.791602
104,8,0.252952,23.0,17.584395
104,8,0.26395,24.0,18.377207
104,8,0.274948,25.0,19.17
104,8,0.285946,26.0,19.962793
104,8,0.296944,27.0,20.755605
104,8,0.307941,28.0,21.548398
104,8,0.318939,29.0,22.548315
104,8,0.329937,30.0,24.200008
104,8,0.340935,31.0,25.85166
104,8,0.351933,32.0,27.503353
104,8,0.362931,33.0,29.155005
104,8,0.373929,34.0,30.806657
104,8,0.384927,35.0,32.45835
104,8,0.395925,36.0,34.110002
104,8,0.406923,37.0,35.761654
104,8,0.417921,38.0,37.413346
104,8,0.428918,39.0,39.064998
104,8,0.439916,40.0,41.016379
104,8,0.450914,41.0,43.132198
104,8,0.461912,42.0,45.247964
104,8,0.47291,43.0,47.36373
104,8,0.483908,44.0,49.479548
104,8,0.494906,45.0,51.595315
104,8,0.505904,46.0,53.711133
104,8,0.516902,47.0,55.826899
104,8,0.5279,48.0,57.942665
104,8,0.538898,49.0,60.058484
104,8,0.549895,50.0,62.17425
104,8,0.560893,51.0,64.290016
104,8,0.571891,52.0,65.174239
104,8,0.582889,53.0,64.99586
104,8,0.593887,54.0,64.817482
104,8,0.604885,55.0,64.639099
104,8,0.615883,56.0,64.460721
104,8,0.626881,57.0,64.282338
104,8,0.637879,58.0,64.103959
104,8,0.648877,59.0,63.925581
104,8,0.659875,60.0,63.747198
104,8,0.670873,61.0,62.821495
104,8,0.68187,62.0,61.001007
104,8,0.692868,63.0,59.180475
104,8,0.703866,64.0,57.359987
104,8,0.714864,65.0,55.539499
104,8,0.725862,66.0,53.718967
104,8,0.73686,67.0,51.898479
104,8,0.747858,68.0,50.077992
104,8,0.758856,69.0,48.257459
104,8,0.769854,70.0,46.436972
104,8,0.780852,71.0,44.61644
104,8,0.79185,72.0,42.795952
104,8,0.802847,73.0,40.975464
104,8,0.813845,74.0,39.154932
104,8,0.824843,75.0,35.053625
104,8,0.835841,76.0,30.493414
104,8,0.846839,77.0,25.93309
104,8,0.857837,78.0,21.372879
104,8,0.868835,79.0,16.812668
104,8,0.879833,80.0,12.252344
104,8,0.890831,81.0,11.036971
104,8,0.901829,82.0,10.776004
104,8,0.912827,83.0,10.515043
104,8,0.923824,84.0,10.254082
104,8,0.934822,85.0,9.993114
104,8,0.94582,86.0,9.732153
104,8,0.956818,87.0,9.471192
104,8,0.967816,88.0,9.210225
104,8,0.978814,89.0,8.949264
104,8,0.989812,90.0,8.989121
104,8,1.00081,91.0,9.160211
104,8,1.011808,92.0,9.331298
104,8,1.022806,93.0,9.502384
104,8,1.033804,94.0,9.673474
104,8,1.044801,95.0,9.84456
104,8,1.055799,96.0,10.015651
104,8,1.066797,97.0,10.186737
104,8,1.077795,98.0,10.357823
104,8,1.088793,99.0,10.528914
104,8,1.099791,100.0,10.7
104,9,0.0,0.0,10.7
104,9,0.010998,1.0,10.283455
104,9,0.021996,2.0,9.866902
104,9,0.032994,3.0,9.450357
104,9,0.043992,4.0,9.033804
104,9,0.05499,5.0,8.617259
104,9,0.065987,6.0,8.200705
104,9,0.076985,7.0,7.784161
104,9,0.087983,8.0,7.367607
104,9,0.098981,9.0,6.951063
104,9,0.109979,10.0,6.949855
104,9,0.120977,11.0,7.064851
104,9,0.131975,12.0,7.179845
104,9,0.142973,13.0,7.294842
104,9,0.153971,14.0,7.409836
104,9,0.164969,15.0,7.524833
104,9,0.175967,16.0,7.639827
104,9,0.186964,17.0,7.754821
104,9,0.197962,18.0,7.869818
104,9,0.20896,19.0,8.160269
104,9,0.219958,20.0,8.544969
104,9,0.230956,21.0,8.92966
104,9,0.241954,22.0,9.31436
104,9,0.252952,23.0,9.699052
104,9,0.26395,24.0,10.083752
104,9,0.274948,25.0,10.468444
104,9,0.285946,26.0,10.853135
104,9,0.296944,27.0,11.237835
104,9,0.307941,28.0,11.622527
104,9,0.318939,29.0,12.007227
104,9,0.329937,30.0,12.391919
104,9,0.340935,31.0,12.776619
104,9,0.351933,32.0,13.762485
104,9,0.362931,33.0,15.675642
104,9,0.373929,34.0,17.588758
104,9,0.384927,35.0,19.501873
104,9,0.395925,36.0,21.41503
104,9,0.406923,37.0,23.405086
104,9,0.417921,38.0,25.678895
104,9,0.428918,39.0,27.952655
104,9,0.439916,40.0,30.226464
104,9,0.450914,41.0,32.500224
104,9,0.461912,42.0,34.773984
104,9,0.47291,43.0,37.047793
104,9,0.483908,44.0,39.321553
104,9,0.494906,45.0,41.595362
104,9,0.505904,46.0,43.869122
104,9,0.516902,47.0,46.14293
104,9,0.5279,48.0,48.41669
104,9,0.538898,49.0,50.883141
104,9,0.549895,50.0,53.69075
104,9,0.560893,51.0,56.498359
104,9,0.571891,52.0,59.306027
104,9,0.582889,53.0,62.113636
104,9,0.593887,54.0,64.607233
104,9,0.604885,55.0,64.040269
104,9,0.615883,56.0,63.473293
104,9,0.626881,57.0,62.90633
104,9,0.637879,58.0,62.339354
104,9,0.648877,59.0,61.772391
104,9,0.659875,60.0,61.205427
104,9,0.670873,61.0,60.638451
104,9,0.68187,62.0,59.585398
104,9,0.692868,63.0,56.478602
104,9,0.703866,64.0,53.371874
104,9,0.714864,65.0,50.265078
104,9,0.725862,66.0,47.158349
104,9,0.73686,67.0,44.051621
104,9,0.747858,68.0,40.944825
104,9,0.758856,69.0,37.838096
104,9,0.769854,70.0,34.731301
104,9,0.780852,71.0,31.624572
104,9,0.79185,72.0,28.968367
104,9,0.802847,73.0,26.324827
104,9,0.813845,74.0,23.68123
104,9,0.824843,75.0,21.03769
104,9,0.835841,76.0,18.394151
104,9,0.846839,77.0,15.750554
104,9,0.857837,78.0,13.107014
104,9,0.868835,79.0,10.463418
104,9,0.879833,80.0,7.819878
104,9,0.890831,81.0,7.4547
104,9,0.901829,82.0,7.832194
104,9,0.912827,83.0,8.209695
104,9,0.923824,84.0,8.587189
104,9,0.934822,85.0,8.964682
104,9,0.94582,86.0,9.342184
104,9,0.956818,87.0,9.719678
104,9,0.967816,88.0,10.097179
104,9,0.978814,89.0,10.474673
104,9,0.989812,90.0,10.570699
104,9,1.00081,91.0,10.42263
104,9,1.011808,92.0,10.274562
104,9,1.022806,93.0,10.12649
104,9,1.033804,94.0,9.978421
104,9,1.044801,95.0,9.830349
104,9,1.055799,96.0,9.682281
104,9,1.066797,97.0,9.534209
104,9,1.077795,98.0,9.38614
104,9,1.088793,99.0,9.238069
104,9,1.099791,100.0,9.09
104,10,0.0,0.0,9.09
104,10,0.010998,1.0,8.974661
104,10,0.021996,2.0,8.859321
104,10,0.032994,3.0,8.743979
104,10,0.043992,4.0,8.628639
104,10,0.05499,5.0,8.5133
104,10,0.065987,6.0,8.397961
104,10,0.076985,7.0,8.310816
104,10,0.087983,8.0,8.382601
104,10,0.098981,9.0,8.454384
104,10,0.109979,10.0,8.526167
104,10,0.120977,11.0,8.59795
104,10,0.131975,12.0,8.669733
104,10,0.142973,13.0,8.741517
104,10,0.153971,14.0,8.8133
104,10,0.164969,15.0,8.885083
104,10,0.175967,16.0,9.426226
104,10,0.186964,17.0,10.001881
104,10,0.197962,18.0,10.577548
104,10,0.20896,19.0,11.153203
104,10,0.219958,20.0,11.728857
104,10,0.230956,21.0,12.304512
104,10,0.241954,22.0,12.880166
104,10,0.252952,23.0,13.455834
104,10,0.26395,24.0,14.031488
104,10,0.274948,25.0,14.802335
104,10,0.285946,26.0,15.947948
104,10,0.296944,27.0,17.093561
104,10,0.307941,28.0,18.239199
104,10,0.318939,29.0,19.384812
104,10,0.329937,30.0,20.530425
104,10,0.340935,31.0,21.676037
104,10,0.351933,32.0,22.82165
104,10,0.362931,33.0,23.967289
104,10,0.373929,34.0,25.112901
104,10,0.384927,35.0,27.290889
104,10,0.395925,36.0,29.995738
104,10,0.406923,37.0,32.700586
104,10,0.417921,38.0,35.405495
104,10,0.428918,39.0,38.110344
104,10,0.439916,40.0,40.815192
104,10,0.450914,41.0,43.520041
104,10,0.461912,42.0,46.224889
104,10,0.47291,43.0,48.929798
104,10,0.483908,44.0,51.443893
104,10,0.494906,45.0,52.988357
104,10,0.505904,46.0,54.532822
104,10,0.516902,47.0,56.077286
104,10,0.5279,48.0,57.621785
104,10,0.538898,49.0,59.16625
104,10,0.549895,50.0,60.710714
104,10,0.560893,51.0,62.255179
104,10,0.571891,52.0,63.799643
104,10,0.582889,53.0,65.344142
104,10,0.593887,54.0,65.308195
104,10,0.604885,55.0,64.105786
104,10,0.615883,56.0,62.903377
104,10,0.626881,57.0,61.700968
104,10,0.637879,58.0,60.498532
104,10,0.648877,59.0,59.296123
104,10,0.659875,60.0,58.093714
104,10,0.670873,61.0,56.891305
104,10,0.68187,62.0,55.688896
104,10,0.692868,63.0,54.486461
104,10,0.703866,64.0,51.406386
104,10,0.714864,65.0,48.30025
104,10,0.725862,66.0,45.194114
104,10,0.73686,67.0,42.087978
104,10,0.747858,68.0,38.981772
104,10,0.758856,69.0,35.875636
104,10,0.769854,70.0,32.7695
104,10,0.780852,71.0,29.663364
104,10,0.79185,72.0,26.557228
104,10,0.802847,73.0,23.451022
104,10,0.813845,74.0,20.37069
104,10,0.824843,75.0,18.20625
104,10,0.835841,76.0,16.04181
104,10,0.846839,77.0,13.877369
104,10,0.857837,78.0,11.712881
104,10,0.868835,79.0,9.54844
104,10,0.879833,80.0,8.717429
104,10,0.890831,81.0,8.986485
104,10,0.901829,82.0,9.25554
104,10,0.912827,83.0,9.524602
104,10,0.923824,84.0,9.793658
104,10,0.934822,85.0,10.062714
104,10,0.94582,86.0,10.33177
104,10,0.956818,87.0,10.600826
104,10,0.967816,88.0,10.869888
104,10,0.978814,89.0,11.138944
104,10,0.989812,90.0,11.29525
104,10,1.00081,91.0,11.446724
104,10,1.011808,92.0,11.598199
104,10,1.022806,93.0,11.749676
104,10,1.033804,94.0,11.901151
104,10,1.044801,95.0,12.052625
104,10,1.055799,96.0,12.204099
104,10,1.066797,97.0,12.355574
104,10,1.077795,98.0,12.507051
104,10,1.088793,99.0,12.658526
104,10,1.099791,100.0,12.81
104,11,0.0,0.0,12.81
104,11,0.010998,1.0,12.894632
104,11,0.021996,2.0,12.979265
104,11,0.032994,3.0,13.063897
104,11,0.043992,4.0,13.148528
104,11,0.05499,5.0,13.233161
104,11,0.065987,6.0,13.317793
104,11,0.076985,7.0,13.404794
104,11,0.087983,8.0,13.572008
104,11,0.098981,9.0,13.739222
104,11,0.109979,10.0,13.906439
104,11,0.120977,11.0,14.073653
104,11,0.131975,12.0,14.240868
104,11,0.142973,13.0,14.408085
104,11,0.153971,14.0,14.575299
104,11,0.164969,15.0,14.742513
104,11,0.175967,16.0,14.74844
104,11,0.186964,17.0,14.73553
104,11,0.197962,18.0,14.72262
104,11,0.20896,19.0,14.70971
104,11,0.219958,20.0,14.6968
104,11,0.230956,21.0,14.68389
104,11,0.241954,22.0,14.67098
104,11,0.252952,23.0,14.65807
104,11,0.26395,24.0,14.64516
104,11,0.274948,25.0,15.651633
104,11,0.285946,26.0,17.336807
104,11,0.296944,27.0,19.022013
104,11,0.307941,28.0,20.707187
104,11,0.318939,29.0,22.392361
104,11,0.329937,30.0,24.077566
104,11,0.340935,31.0,26.620604
104,11,0.351933,32.0,29.39055
104,11,0.362931,33.0,32.160443
104,11,0.373929,34.0,34.930336
104,11,0.384927,35.0,37.700282
104,11,0.395925,36.0,40.470175
104,11,0.406923,37.0,43.240069
104,11,0.417921,38.0,45.81168
104,11,0.428918,39.0,48.339564
104,11,0.439916,40.0,50.867448
104,11,0.450914,41.0,53.395379
104,11,0.461912,42.0,55.923263
104,11,0.47291,43.0,58.451147
104,11,0.483908,44.0,60.979078
104,11,0.494906,45.0,63.506962
104,11,0.505904,46.0,64.139515
104,11,0.516902,47.0,63.905675
104,11,0.5279,48.0,63.671835
104,11,0.538898,49.0,63.437991
104,11,0.549895,50.0,63.204151
104,11,0.560893,51.0,62.970311
104,11,0.571891,52.0,62.736467
104,11,0.582889,53.0,62.502627
104,11,0.593887,54.0,61.205155
104,11,0.604885,55.0,58.734846
104,11,0.615883,56.0,56.264584
104,11,0.626881,57.0,53.794276
104,11,0.637879,58.0,51.324014
104,11,0.648877,59.0,48.853752
104,11,0.659875,60.0,46.383443
104,11,0.670873,61.0,43.913181
104,11,0.68187,62.0,41.77954
104,11,0.692868,63.0,40.111056
104,11,0.703866,64.0,38.442603
104,11,0.714864,65.0,36.774151
104,11,0.725862,66.0,35.105667
104,11,0.73686,67.0,33.437214
104,11,0.747858,68.0,31.768762
104,11,0.758856,69.0,30.100278
104,11,0.769854,70.0,28.579823
104,11,0.780852,71.0,27.427746
104,11,0.79185,72.0,26.27569
104,11,0.802847,73.0,25.123634
104,11,0.813845,74.0,23.971556
104,11,0.824843,75.0,22.8195
104,11,0.835841,76.0,21.667444
104,11,0.846839,77.0,20.515366
104,11,0.857837,78.0,19.448855
104,11,0.868835,79.0,18.854573
104,11,0.879833,80.0,18.260279
104,11,0.890831,81.0,17.665996
104,11,0.901829,82.0,17.071702
104,11,0.912827,83.0,16.477419
104,11,0.923824,84.0,15.883137
104,11,0.934822,85.0,15.288843
104,11,0.94582,86.0,14.69456
104,11,0.956818,87.0,14.100277
104,11,0.967816,88.0,13.313941
104,11,0.978814,89.0,12.473702
104,11,0.989812,90.0,11.633464
104,11,1.00081,91.0,10.79321
104,11,1.011808,92.0,9.976296
104,11,1.022806,93.0,9.246764
104,11,1.033804,94.0,8.517219
104,11,1.044801,95.0,7.787687
104,11,1.055799,96.0,7.058141
104,11,1.066797,97.0,6.328609
104,11,1.077795,98.0,5.599077
104,11,1.088793,99.0,4.869532
104,11,1.099791,100.0,4.14
105,2,0.0,0.0,15.72
105,2,0.010998,1.0,15.891202
105,2,0.021996,2.0,16.062399
105,2,0.032994,3.0,16.233601
105,2,0.043992,4.0,16.404798
105,2,0.05499,5.0,16.576
105,2,0.065987,6.0,16.747202
105,2,0.076985,7.0,16.8428
105,2,0.087983,8.0,16.9132
105,2,0.098981,9.0,16.983599
105,2,0.109979,10.0,17.054
105,2,0.120977,11.0,17.124401
105,2,0.131975,12.0,17.1948
105,2,0.142973,13.0,17.2652
105,2,0.153971,14.0,17.335599
105,2,0.164969,15.0,17.406
105,2,0.175967,16.0,17.476401
105,2,0.186964,17.0,17.5468
105,2,0.197962,18.0,17.6172
105,2,0.20896,19.0,17.687599
105,2,0.219958,20.0,17.758
105,2,0.230956,21.0,17.828401
105,2,0.241954,22.0,18.119057
105,2,0.252952,23.0,19.951609
105,2,0.26395,24.0,21.784115
105,2,0.274948,25.0,23.616667
105,2,0.285946,26.0,25.449219
105,2,0.296944,27.0,27.277591
105,2,0.307941,28.0,29.100695
105,2,0.318939,29.0,30.923753
105,2,0.329937,30.0,32.746857
105,2,0.340935,31.0,34.569961
105,2,0.351933,32.0,36.393019
105,2,0.362931,33.0,38.216124
105,2,0.373929,34.0,40.039181
105,2,0.384927,35.0,41.862286
105,2,0.395925,36.0,43.68539
105,2,0.406923,37.0,45.508448
105,2,0.417921,38.0,47.184408
105,2,0.428918,39.0,48.713184
105,2,0.439916,40.0,50.242
105,2,0.450914,41.0,51.770816
105,2,0.461912,42.0,53.299592
105,2,0.47291,43.0,54.828408
105,2,0.483908,44.0,56.357184
105,2,0.494906,45.0,57.886
105,2,0.505904,46.0,59.414816
105,2,0.516902,47.0,60.943592
105,2,0.5279,48.0,62.472408
105,2,0.538898,49.0,64.001184
105,2,0.549895,50.0,65.53
105,2,0.560893,51.0,64.93388
105,2,0.571891,52.0,64.337774
105,2,0.582889,53.0,63.741654
105,2,0.593887,54.0,63.145549
105,2,0.604885,55.0,62.549429
105,2,0.615883,56.0,61.953308
105,2,0.626881,57.0,61.357203
105,2,0.637879,58.0,60.761083
105,2,0.648877,59.0,60.164977
105,2,0.659875,60.0,59.568857
105,2,0.670873,61.0,58.787804
105,2,0.68187,62.0,55.233298
105,2,0.692868,63.0,51.678702
105,2,0.703866,64.0,48.124196
105,2,0.714864,65.0,44.5696
105,2,0.725862,66.0,41.015004
105,2,0.73686,67.0,37.460498
105,2,0.747858,68.0,33.905902
105,2,0.758856,69.0,30.778259
105,2,0.769854,70.0,28.9312
105,2,0.780852,71.0,27.084141
105,2,0.79185,72.0,25.237129
105,2,0.802847,73.0,23.390071
105,2,0.813845,74.0,21.543059
105,2,0.824843,75.0,19.696
105,2,0.835841,76.0,17.848941
105,2,0.846839,77.0,16.001929
105,2,0.857837,78.0,14.154871
105,2,0.868835,79.0,12.307859
105,2,0.879833,80.0,10.4608
105,2,0.890831,81.0,8.613741
105,2,0.901829,82.0,6.766729
105,2,0.912827,83.0,4.919671
105,2,0.923824,84.0,3.072659
105,2,0.934822,85.0,3.478667
105,2,0.94582,86.0,5.236551
105,2,0.956818,87.0,6.994391
105,2,0.967816,88.0,8.752276
105,2,0.978814,89.0,10.510115
105,2,0.989812,90.0,10.492286
105,2,1.00081,91.0,10.356056
105,2,1.011808,92.0,10.219829
105,2,1.022806,93.0,10.083599
105,2,1.033804,94.0,9.947373
105,2,1.044801,95.0,9.811143
105,2,1.055799,96.0,9.674913
105,2,1.066797,97.0,9.538686
105,2,1.077795,98.0,9.402456
105,2,1.088793,99.0,9.26623
105,2,1.099791,100.0,9.13
105,3,0.0,0.0,9.13
105,3,0.010998,1.0,9.105333
105,3,0.021996,2.0,9.080667
105,3,0.032994,3.0,9.056
105,3,0.043992,4.0,9.031334
105,3,0.05499,5.0,9.006667
105,3,0.065987,6.0,8.982
105,3,0.076985,7.0,8.957333
105,3,0.087983,8.0,8.932667
105,3,0.098981,9.0,8.836941
105,3,0.109979,10.0,8.7326
105,3,0.120977,11.0,8.628259
105,3,0.131975,12.0,8.52392
105,3,0.142973,13.0,8.41958
105,3,0.153971,14.0,8.315241
105,3,0.164969,15.0,8.2109
105,3,0.175967,16.0,8.106559
105,3,0.186964,17.0,8.00222
105,3,0.197962,18.0,7.89788
105,3,0.20896,19.0,7.793541
105,3,0.219958,20.0,7.6892
105,3,0.230956,21.0,7.584859
105,3,0.241954,22.0,7.987595
105,3,0.252952,23.0,9.223405
105,3,0.26395,24.0,10.459189
105,3,0.274948,25.0,11.695
105,3,0.285946,26.0,12.930811
105,3,0.296944,27.0,14.166595
105,3,0.307941,28.0,15.327525
105,3,0.318939,29.0,16.48635
105,3,0.329937,30.0,17.6452
105,3,0.340935,31.0,18.80405
105,3,0.351933,32.0,19.962875
105,3,0.362931,33.0,21.121725
105,3,0.373929,34.0,22.28055
105,3,0.384927,35.0,23.4394
105,3,0.395925,36.0,24.59825
105,3,0.406923,37.0,25.757075
105,3,0.417921,38.0,26.915925
105,3,0.428918,39.0,28.07475
105,3,0.439916,40.0,29.2336
105,3,0.450914,41.0,31.257427
105,3,0.461912,42.0,34.298787
105,3,0.47291,43.0,37.340213
105,3,0.483908,44.0,40.381573
105,3,0.494906,45.0,43.423
105,3,0.505904,46.0,46.464427
105,3,0.516902,47.0,49.505787
105,3,0.5279,48.0,51.388126
105,3,0.538898,49.0,52.780048
105,3,0.549895,50.0,54.172
105,3,0.560893,51.0,55.563952
105,3,0.571891,52.0,56.955874
105,3,0.582889,53.0,58.347826
105,3,0.593887,54.0,59.739748
105,3,0.604885,55.0,61.1317
105,3,0.615883,56.0,62.523652
105,3,0.626881,57.0,63.915574
105,3,0.637879,58.0,65.307526
105,3,0.648877,59.0,66.699448
105,3,0.659875,60.0,68.0914
105,3,0.670873,61.0,68.110448
105,3,0.68187,62.0,62.246026
105,3,0.692868,63.0,56.381474
105,3,0.703866,64.0,51.838485
105,3,0.714864,65.0,48.690286
105,3,0.725862,66.0,45.542087
105,3,0.73686,67.0,42.393957
105,3,0.747858,68.0,39.245758
105,3,0.758856,69.0,36.097628
105,3,0.769854,70.0,32.949429
105,3,0.780852,71.0,29.801229
105,3,0.79185,72.0,26.6531
105,3,0.802847,73.0,23.542785
105,3,0.813845,74.0,21.796129
105,3,0.824843,75.0,20.049434
105,3,0.835841,76.0,18.302739
105,3,0.846839,77.0,16.556083
105,3,0.857837,78.0,14.809389
105,3,0.868835,79.0,13.062732
105,3,0.879833,80.0,11.316038
105,3,0.890831,81.0,9.569343
105,3,0.901829,82.0,7.822687
105,3,0.912827,83.0,7.004789
105,3,0.923824,84.0,7.203306
105,3,0.934822,85.0,7.401827
105,3,0.94582,86.0,7.600348
105,3,0.956818,87.0,7.798865
105,3,0.967816,88.0,7.997385
105,3,0.978814,89.0,8.195902
105,3,0.989812,90.0,8.394423
105,3,1.00081,91.0,8.592944
105,3,1.011808,92.0,8.7632
105,3,1.022806,93.0,8.7003
105,3,1.033804,94.0,8.637401
105,3,1.044801,95.0,8.5745
105,3,1.055799,96.0,8.511599
105,3,1.066797,97.0,8.4487
105,3,1.077795,98.0,8.3858
105,3,1.088793,99.0,8.322901
105,3,1.099791,100.0,8.26
105,4,0.0,0.0,8.26
105,4,0.010998,1.0,8.061435
105,4,0.021996,2.0,7.862871
105,4,0.032994,3.0,7.664311
105,4,0.043992,4.0,7.465746
105,4,0.05499,5.0,7.267182
105,4,0.065987,6.0,7.068617
105,4,0.076985,7.0,6.870053
105,4,0.087983,8.0,6.671493
105,4,0.098981,9.0,6.472928
105,4,0.109979,10.0,6.274364
105,4,0.120977,11.0,6.075799
105,4,0.131975,12.0,5.877234
105,4,0.142973,13.0,5.678675
105,4,0.153971,14.0,5.48011
105,4,0.164969,15.0,5.281545
105,4,0.175967,16.0,5.082981
105,4,0.186964,17.0,5.298355
105,4,0.197962,18.0,5.810895
105,4,0.20896,19.0,6.323448
105,4,0.219958,20.0,6.836
105,4,0.230956,21.0,7.348552
105,4,0.241954,22.0,7.861105
105,4,0.252952,23.0,8.69385
105,4,0.26395,24.0,9.729675
105,4,0.274948,25.0,10.7655
105,4,0.285946,26.0,11.801325
105,4,0.296944,27.0,12.83715
105,4,0.307941,28.0,13.87295
105,4,0.318939,29.0,14.908775
105,4,0.329937,30.0,15.985625
105,4,0.340935,31.0,17.296319
105,4,0.351933,32.0,18.607013
105,4,0.362931,33.0,19.917675
105,4,0.373929,34.0,21.228369
105,4,0.384927,35.0,22.539062
105,4,0.395925,36.0,23.849756
105,4,0.406923,37.0,25.16045
105,4,0.417921,38.0,26.471112
105,4,0.428918,39.0,27.781806
105,4,0.439916,40.0,29.0925
105,4,0.450914,41.0,30.403194
105,4,0.461912,42.0,32.043778
105,4,0.47291,43.0,34.933097
105,4,0.483908,44.0,37.822486
105,4,0.494906,45.0,40.711875
105,4,0.505904,46.0,43.601264
105,4,0.516902,47.0,46.490653
105,4,0.5279,48.0,49.379972
105,4,0.538898,49.0,52.269361
105,4,0.549895,50.0,55.15875
105,4,0.560893,51.0,58.048139
105,4,0.571891,52.0,60.937528
105,4,0.582889,53.0,63.826847
105,4,0.593887,54.0,65.688455
105,4,0.604885,55.0,64.752125
105,4,0.615883,56.0,63.815795
105,4,0.626881,57.0,62.879466
105,4,0.637879,58.0,61.943159
105,4,0.648877,59.0,61.00683
105,4,0.659875,60.0,59.9368
105,4,0.670873,61.0,58.552573
105,4,0.68187,62.0,57.168347
105,4,0.692868,63.0,55.784153
105,4,0.703866,64.0,54.399927
105,4,0.714864,65.0,53.0157
105,4,0.725862,66.0,51.631473
105,4,0.73686,67.0,50.247247
105,4,0.747858,68.0,48.863053
105,4,0.758856,69.0,47.478827
105,4,0.769854,70.0,46.0946
105,4,0.780852,71.0,44.710373
105,4,0.79185,72.0,43.326147
105,4,0.802847,73.0,41.941953
105,4,0.813845,74.0,40.557727
105,4,0.824843,75.0,37.976875
105,4,0.835841,76.0,33.385678
105,4,0.846839,77.0,28.79448
105,4,0.857837,78.0,24.203395
105,4,0.868835,79.0,19.612197
105,4,0.879833,80.0,15.021
105,4,0.890831,81.0,12.111829
105,4,0.901829,82.0,11.694519
105,4,0.912827,83.0,11.277219
105,4,0.923824,84.0,10.859909
105,4,0.934822,85.0,10.442599
105,4,0.94582,86.0,10.025289
105,4,0.956818,87.0,9.607979
105,4,0.967816,88.0,9.19068
105,4,0.978814,89.0,8.77337
105,4,0.989812,90.0,8.35606
105,4,1.00081,91.0,7.93875
105,4,1.011808,92.0,7.52144
105,4,1.022806,93.0,7.10414
105,4,1.033804,94.0,6.68683
105,4,1.044801,95.0,6.26952
105,4,1.055799,96.0,6.105865
105,4,1.066797,97.0,6.3594
105,4,1.077795,98.0,6.612929
105,4,1.088793,99.0,6.866465
105,4,1.099791,100.0,7.12
105,5,0.0,0.0,7.12
105,5,0.010998,1.0,6.883772
105,5,0.021996,2.0,6.647545
105,5,0.032994,3.0,6.411312
105,5,0.043992,4.0,6.175085
105,5,0.05499,5.0,5.938857
105,5,0.065987,6.0,5.70263
105,5,0.076985,7.0,5.466402
105,5,0.087983,8.0,5.230169
105,5,0.098981,9.0,5.010145
105,5,0.109979,10.0,5.405714
105,5,0.120977,11.0,5.801284
105,5,0.131975,12.0,6.196854
105,5,0.142973,13.0,6.592432
105,5,0.153971,14.0,6.988002
105,5,0.164969,15.0,7.383571
105,5,0.175967,16.0,7.779141
105,5,0.186964,17.0,8.174711
105,5,0.197962,18.0,8.583777
105,5,0.20896,19.0,9.242317
105,5,0.219958,20.0,9.900857
105,5,0.230956,21.0,10.559397
105,5,0.241954,22.0,11.217937
105,5,0.252952,23.0,11.876491
105,5,0.26395,24.0,12.535031
105,5,0.274948,25.0,13.193571
105,5,0.285946,26.0,13.852112
105,5,0.296944,27.0,14.569017
105,5,0.307941,28.0,15.986412
105,5,0.318939,29.0,17.403777
105,5,0.329937,30.0,18.821143
105,5,0.340935,31.0,20.238508
105,5,0.351933,32.0,21.655874
105,5,0.362931,33.0,23.073269
105,5,0.373929,34.0,24.490634
105,5,0.384927,35.0,25.908
105,5,0.395925,36.0,27.458469
105,5,0.406923,37.0,30.173637
105,5,0.417921,38.0,32.888863
105,5,0.428918,39.0,35.604031
105,5,0.439916,40.0,38.3192
105,5,0.450914,41.0,41.034369
105,5,0.461912,42.0,43.749537
105,5,0.47291,43.0,46.464763
105,5,0.483908,44.0,49.179931
105,5,0.494906,45.0,51.8951
105,5,0.505904,46.0,54.610269
105,5,0.516902,47.0,57.325437
105,5,0.5279,48.0,60.040663
105,5,0.538898,49.0,62.240165
105,5,0.549895,50.0,63.127097
105,5,0.560893,51.0,64.014029
105,5,0.571891,52.0,63.366628
105,5,0.582889,53.0,61.827603
105,5,0.593887,54.0,60.288609
105,5,0.604885,55.0,58.749615
105,5,0.615883,56.0,57.210622
105,5,0.626881,57.0,55.671628
105,5,0.637879,58.0,54.132603
105,5,0.648877,59.0,52.593609
105,5,0.659875,60.0,51.054615
105,5,0.670873,61.0,48.095977
105,5,0.68187,62.0,44.647802
105,5,0.692868,63.0,41.199556
105,5,0.703866,64.0,37.751382
105,5,0.714864,65.0,34.303208
105,5,0.725862,66.0,30.855033
105,5,0.73686,67.0,27.406859
105,5,0.747858,68.0,23.958613
105,5,0.758856,69.0,20.510438
105,5,0.769854,70.0,18.451045
105,5,0.780852,71.0,17.033954
105,5,0.79185,72.0,15.616863
105,5,0.802847,73.0,14.199742
105,5,0.813845,74.0,12.782651
105,5,0.824843,75.0,11.36556
105,5,0.835841,76.0,9.948469
105,5,0.846839,77.0,8.531377
105,5,0.857837,78.0,7.114257
105,5,0.868835,79.0,5.697166
105,5,0.879833,80.0,4.280075
105,5,0.890831,81.0,3.313898
105,5,0.901829,82.0,3.850796
105,5,0.912827,83.0,4.387704
105,5,0.923824,84.0,4.924602
105,5,0.934822,85.0,5.4615
105,5,0.94582,86.0,5.998398
105,5,0.956818,87.0,6.535296
105,5,0.967816,88.0,7.072204
105,5,0.978814,89.0,7.108598
105,5,0.989812,90.0,6.716
105,5,1.00081,91.0,6.323402
105,5,1.011808,92.0,5.930803
105,5,1.022806,93.0,5.538197
105,5,1.033804,94.0,5.145598
105,5,1.044801,95.0,4.753
105,5,1.055799,96.0,4.360402
105,5,1.066797,97.0,3.967803
105,5,1.077795,98.0,3.575197
105,5,1.088793,99.0,3.182598
105,5,1.099791,100.0,2.79
105,6,0.0,0.0,2.79
105,6,0.010998,1.0,3.793509
105,6,0.021996,2.0,4.796995
105,6,0.032994,3.0,5.800505
105,6,0.043992,4.0,6.803991
105,6,0.05499,5.0,7.494013
105,6,0.065987,6.0,7.933239
105,6,0.076985,7.0,8.372456
105,6,0.087983,8.0,8.811683
105,6,0.098981,9.0,9.250899
105,6,0.109979,10.0,9.690126
105,6,0.120977,11.0,10.129353
105,6,0.131975,12.0,10.568569
105,6,0.142973,13.0,11.007796
105,6,0.153971,14.0,11.447013
105,6,0.164969,15.0,11.886239
105,6,0.175967,16.0,12.355209
105,6,0.186964,17.0,13.307396
105,6,0.197962,18.0,14.259604
105,6,0.20896,19.0,15.211791
105,6,0.219958,20.0,16.164
105,6,0.230956,21.0,17.116209
105,6,0.241954,22.0,18.136569
105,6,0.252952,23.0,19.350118
105,6,0.26395,24.0,20.563639
105,6,0.274948,25.0,21.777188
105,6,0.285946,26.0,22.990736
105,6,0.296944,27.0,24.204257
105,6,0.307941,28.0,25.417806
105,6,0.318939,29.0,26.631326
105,6,0.329937,30.0,27.844875
105,6,0.340935,31.0,29.058424
105,6,0.351933,32.0,30.271944
105,6,0.362931,33.0,31.485493
105,6,0.373929,34.0,33.132968
105,6,0.384927,35.0,34.997464
105,6,0.395925,36.0,36.86196
105,6,0.406923,37.0,38.726413
105,6,0.417921,38.0,40.590909
105,6,0.428918,39.0,42.455361
105,6,0.439916,40.0,44.319857
105,6,0.450914,41.0,46.184353
105,6,0.461912,42.0,48.048805
105,6,0.47291,43.0,49.913302
105,6,0.483908,44.0,51.777754
105,6,0.494906,45.0,53.64225
105,6,0.505904,46.0,55.506746
105,6,0.516902,47.0,57.371198
105,6,0.5279,48.0,59.235695
105,6,0.538898,49.0,61.100147
105,6,0.549895,50.0,62.964643
105,6,0.560893,51.0,64.829139
105,6,0.571891,52.0,66.693591
105,6,0.582889,53.0,68.558087
105,6,0.593887,54.0,69.424907
105,6,0.604885,55.0,68.64175
105,6,0.615883,56.0,67.858593
105,6,0.626881,57.0,66.064014
105,6,0.637879,58.0,63.165986
105,6,0.648877,59.0,60.268027
105,6,0.659875,60.0,57.37
105,6,0.670873,61.0,54.471973
105,6,0.68187,62.0,51.574014
105,6,0.692868,63.0,48.675986
105,6,0.703866,64.0,45.907267
105,6,0.714864,65.0,43.566611
105,6,0.725862,66.0,41.225956
105,6,0.73686,67.0,38.885355
105,6,0.747858,68.0,36.5447
105,6,0.758856,69.0,34.2041
105,6,0.769854,70.0,31.863444
105,6,0.780852,71.0,29.522789
105,6,0.79185,72.0,27.182189
105,6,0.802847,73.0,24.841533
105,6,0.813845,74.0,22.500933
105,6,0.824843,75.0,20.160278
105,6,0.835841,76.0,17.819622
105,6,0.846839,77.0,15.409546
105,6,0.857837,78.0,12.700121
105,6,0.868835,79.0,9.990759
105,6,0.879833,80.0,7.281333
105,6,0.890831,81.0,4.571908
105,6,0.901829,82.0,4.175628
105,6,0.912827,83.0,4.218014
105,6,0.923824,84.0,4.2604
105,6,0.934822,85.0,4.302786
105,6,0.94582,86.0,4.345172
105,6,0.956818,87.0,4.387557
105,6,0.967816,88.0,4.429943
105,6,0.978814,89.0,4.472328
105,6,0.989812,90.0,4.514714
105,6,1.00081,91.0,4.5571
105,6,1.011808,92.0,4.701999
105,6,1.022806,93.0,4.891751
105,6,1.033804,94.0,5.081498
105,6,1.044801,95.0,5.27125
105,6,1.055799,96.0,5.461002
105,6,1.066797,97.0,5.650749
105,6,1.077795,98.0,5.840501
105,6,1.088793,99.0,6.030248
105,6,1.099791,100.0,6.22
105,7,0.0,0.0,6.22
105,7,0.010998,1.0,5.935301
105,7,0.021996,2.0,5.650602
105,7,0.032994,3.0,5.365898
105,7,0.043992,4.0,5.081199
105,7,0.05499,5.0,4.7965
105,7,0.065987,6.0,4.511801
105,7,0.076985,7.0,4.227102
105,7,0.087983,8.0,3.942398
105,7,0.098981,9.0,3.657699
105,7,0.109979,10.0,3.373
105,7,0.120977,11.0,3.088301
105,7,0.131975,12.0,2.803602
105,7,0.142973,13.0,2.773709
105,7,0.153971,14.0,3.908605
105,7,0.164969,15.0,5.0435
105,7,0.175967,16.0,6.178395
105,7,0.186964,17.0,7.313291
105,7,0.197962,18.0,8.412884
105,7,0.20896,19.0,8.859042
105,7,0.219958,20.0,9.3052
105,7,0.230956,21.0,9.751358
105,7,0.241954,22.0,10.197516
105,7,0.252952,23.0,10.643684
105,7,0.26395,24.0,11.089842
105,7,0.274948,25.0,11.536
105,7,0.285946,26.0,11.982158
105,7,0.296944,27.0,12.428316
105,7,0.307941,28.0,12.874484
105,7,0.318939,29.0,13.320642
105,7,0.329937,30.0,13.7668
105,7,0.340935,31.0,14.514993
105,7,0.351933,32.0,16.269985
105,7,0.362931,33.0,18.025015
105,7,0.373929,34.0,19.780007
105,7,0.384927,35.0,21.535
105,7,0.395925,36.0,23.289993
105,7,0.406923,37.0,25.044985
105,7,0.417921,38.0,27.437888
105,7,0.428918,39.0,29.970277
105,7,0.439916,40.0,32.502667
105,7,0.450914,41.0,35.035056
105,7,0.461912,42.0,37.567446
105,7,0.47291,43.0,40.099888
105,7,0.483908,44.0,42.632277
105,7,0.494906,45.0,45.164667
105,7,0.505904,46.0,47.697056
105,7,0.516902,47.0,50.229446
105,7,0.5279,48.0,52.761888
105,7,0.538898,49.0,55.017256
105,7,0.549895,50.0,56.5675
105,7,0.560893,51.0,58.117744
105,7,0.571891,52.0,59.667987
105,7,0.582889,53.0,61.218263
105,7,0.593887,54.0,62.347795
105,7,0.604885,55.0,61.1635
105,7,0.615883,56.0,59.979205
105,7,0.626881,57.0,58.79491
105,7,0.637879,58.0,57.61059
105,7,0.648877,59.0,56.426295
105,7,0.659875,60.0,55.242
105,7,0.670873,61.0,54.057705
105,7,0.68187,62.0,52.108081
105,7,0.692868,63.0,49.265491
105,7,0.703866,64.0,46.42296
105,7,0.714864,65.0,43.580429
105,7,0.725862,66.0,40.737898
105,7,0.73686,67.0,37.895367
105,7,0.747858,68.0,35.052776
105,7,0.758856,69.0,32.210245
105,7,0.769854,70.0,29.367714
105,7,0.780852,71.0,26.993786
105,7,0.79185,72.0,25.113127
105,7,0.802847,73.0,23.232429
105,7,0.813845,74.0,21.35177
105,7,0.824843,75.0,19.471111
105,7,0.835841,76.0,17.590452
105,7,0.846839,77.0,15.709793
105,7,0.857837,78.0,13.829095
105,7,0.868835,79.0,11.948437
105,7,0.879833,80.0,10.067778
105,7,0.890831,81.0,8.187119
105,7,0.901829,82.0,6.30646
105,7,0.912827,83.0,6.578153
105,7,0.923824,84.0,6.966202
105,7,0.934822,85.0,7.35425
105,7,0.94582,86.0,7.742298
105,7,0.956818,87.0,8.130347
105,7,0.967816,88.0,7.887677
105,7,0.978814,89.0,7.507038
105,7,0.989812,90.0,7.1264
105,7,1.00081,91.0,6.745762
105,7,1.011808,92.0,6.365123
105,7,1.022806,93.0,5.984477
105,7,1.033804,94.0,5.603838
105,7,1.044801,95.0,5.2232
105,7,1.055799,96.0,4.842562
105,7,1.066797,97.0,4.461923
105,7,1.077795,98.0,4.081277
105,7,1.088793,99.0,3.700638
105,7,1.099791,100.0,3.32
105,8,0.0,0.0,3.32
105,8,0.010998,1.0,4.378144
105,8,0.021996,2.0,5.436261
105,8,0.032994,3.0,6.494405
105,8,0.043992,4.0,7.552523
105,8,0.05499,5.0,8.421429
105,8,0.065987,6.0,8.874005
105,8,0.076985,7.0,9.326569
105,8,0.087983,8.0,9.779145
105,8,0.098981,9.0,10.23171
105,8,0.109979,10.0,10.684286
105,8,0.120977,11.0,11.136862
105,8,0.131975,12.0,11.589426
105,8,0.142973,13.0,12.042002
105,8,0.153971,14.0,12.494567
105,8,0.164969,15.0,12.947143
105,8,0.175967,16.0,13.434691
105,8,0.186964,17.0,13.980512
105,8,0.197962,18.0,14.526346
105,8,0.20896,19.0,15.072166
105,8,0.219958,20.0,15.618
105,8,0.230956,21.0,16.163834
105,8,0.241954,22.0,16.709654
105,8,0.252952,23.0,17.255488
105,8,0.26395,24.0,17.801309
105,8,0.274948,25.0,18.347143
105,8,0.285946,26.0,18.892977
105,8,0.296944,27.0,19.869192
105,8,0.307941,28.0,21.398808
105,8,0.318939,29.0,22.928384
105,8,0.329937,30.0,24.458
105,8,0.340935,31.0,25.987616
105,8,0.351933,32.0,27.517192
105,8,0.362931,33.0,29.046808
105,8,0.373929,34.0,30.576384
105,8,0.384927,35.0,32.106
105,8,0.395925,36.0,33.635616
105,8,0.406923,37.0,35.165192
105,8,0.417921,38.0,36.694808
105,8,0.428918,39.0,38.224384
105,8,0.439916,40.0,39.754
105,8,0.450914,41.0,41.853031
105,8,0.461912,42.0,44.900984
105,8,0.47291,43.0,47.949016
105,8,0.483908,44.0,50.996969
105,8,0.494906,45.0,54.045
105,8,0.505904,46.0,57.093031
105,8,0.516902,47.0,59.836877
105,8,0.5279,48.0,60.451923
105,8,0.538898,49.0,61.066954
105,8,0.549895,50.0,61.682
105,8,0.560893,51.0,62.297046
105,8,0.571891,52.0,62.912077
105,8,0.582889,53.0,63.527123
105,8,0.593887,54.0,64.142154
105,8,0.604885,55.0,64.7572
105,8,0.615883,56.0,65.372246
105,8,0.626881,57.0,65.987277
105,8,0.637879,58.0,66.602323
105,8,0.648877,59.0,67.217354
105,8,0.659875,60.0,67.8324
105,8,0.670873,61.0,68.447446
105,8,0.68187,62.0,69.062477
105,8,0.692868,63.0,67.43318
105,8,0.703866,64.0,63.559639
105,8,0.714864,65.0,59.686
105,8,0.725862,66.0,55.812361
105,8,0.73686,67.0,51.93882
105,8,0.747858,68.0,48.06518
105,8,0.758856,69.0,44.601303
105,8,0.769854,70.0,42.3664
105,8,0.780852,71.0,40.131497
105,8,0.79185,72.0,37.896651
105,8,0.802847,73.0,35.661749
105,8,0.813845,74.0,33.426903
105,8,0.824843,75.0,31.192
105,8,0.835841,76.0,28.957097
105,8,0.846839,77.0,26.722251
105,8,0.857837,78.0,24.487349
105,8,0.868835,79.0,22.252503
105,8,0.879833,80.0,20.0176
105,8,0.890831,81.0,17.782697
105,8,0.901829,82.0,15.547851
105,8,0.912827,83.0,13.312949
105,8,0.923824,84.0,11.078103
105,8,0.934822,85.0,9.66
105,8,0.94582,86.0,8.731991
105,8,0.956818,87.0,7.804005
105,8,0.967816,88.0,6.875995
105,8,0.978814,89.0,5.948009
105,8,0.989812,90.0,6.238
105,8,1.00081,91.0,6.609204
105,8,1.011808,92.0,6.980398
105,8,1.022806,93.0,7.351602
105,8,1.033804,94.0,7.722796
105,8,1.044801,95.0,8.094
105,8,1.055799,96.0,8.465204
105,8,1.066797,97.0,8.836398
105,8,1.077795,98.0,9.207602
105,8,1.088793,99.0,9.578796
105,8,1.099791,100.0,9.95
105,9,0.0,0.0,9.95
105,9,0.010998,1.0,10.066287
105,9,0.021996,2.0,10.182571
105,9,0.032994,3.0,10.298858
105,9,0.043992,4.0,10.415142
105,9,0.05499,5.0,10.531429
105,9,0.065987,6.0,10.647715
105,9,0.076985,7.0,10.763999
105,9,0.087983,8.0,10.880286
105,9,0.098981,9.0,10.99657
105,9,0.109979,10.0,10.964412
105,9,0.120977,11.0,10.806072
105,9,0.131975,12.0,10.647736
105,9,0.142973,13.0,10.489396
105,9,0.153971,14.0,10.33106
105,9,0.164969,15.0,10.172721
105,9,0.175967,16.0,10.014381
105,9,0.186964,17.0,9.856045
105,9,0.197962,18.0,9.697705
105,9,0.20896,19.0,9.539369
105,9,0.219958,20.0,9.381029
105,9,0.230956,21.0,9.22269
105,9,0.241954,22.0,9.384662
105,9,0.252952,23.0,10.337421
105,9,0.26395,24.0,11.290158
105,9,0.274948,25.0,12.242917
105,9,0.285946,26.0,13.195675
105,9,0.296944,27.0,14.148412
105,9,0.307941,28.0,14.587975
105,9,0.318939,29.0,14.95945
105,9,0.329937,30.0,15.330933
105,9,0.340935,31.0,15.702417
105,9,0.351933,32.0,16.073892
105,9,0.362931,33.0,16.445375
105,9,0.373929,34.0,16.81685
105,9,0.384927,35.0,17.188333
105,9,0.395925,36.0,17.559817
105,9,0.406923,37.0,17.931292
105,9,0.417921,38.0,18.302775
105,9,0.428918,39.0,18.67425
105,9,0.439916,40.0,19.045733
105,9,0.450914,41.0,20.819814
105,9,0.461912,42.0,24.988426
105,9,0.47291,43.0,29.157129
105,9,0.483908,44.0,33.325741
105,9,0.494906,45.0,36.98547
105,9,0.505904,46.0,39.539982
105,9,0.516902,47.0,42.094438
105,9,0.5279,48.0,44.648951
105,9,0.538898,49.0,47.203407
105,9,0.549895,50.0,49.757919
105,9,0.560893,51.0,52.312432
105,9,0.571891,52.0,54.866888
105,9,0.582889,53.0,57.4214
105,9,0.593887,54.0,59.975857
105,9,0.604885,55.0,62.530369
105,9,0.615883,56.0,65.084882
105,9,0.626881,57.0,67.639338
105,9,0.637879,58.0,70.19385
105,9,0.648877,59.0,69.288612
105,9,0.659875,60.0,67.964
105,9,0.670873,61.0,66.639388
105,9,0.68187,62.0,65.314806
105,9,0.692868,63.0,63.990194
105,9,0.703866,64.0,62.384017
105,9,0.714864,65.0,60.480556
105,9,0.725862,66.0,58.577094
105,9,0.73686,67.0,56.673675
105,9,0.747858,68.0,54.770214
105,9,0.758856,69.0,52.866795
105,9,0.769854,70.0,50.963333
105,9,0.780852,71.0,49.059872
105,9,0.79185,72.0,47.156453
105,9,0.802847,73.0,45.252992
105,9,0.813845,74.0,43.349572
105,9,0.824843,75.0,41.446111
105,9,0.835841,76.0,38.658159
105,9,0.846839,77.0,34.02767
105,9,0.857837,78.0,29.39708
105,9,0.868835,79.0,24.766591
105,9,0.879833,80.0,20.136
105,9,0.890831,81.0,15.505409
105,9,0.901829,82.0,14.845761
105,9,0.912827,83.0,14.536439
105,9,0.923824,84.0,14.227123
105,9,0.934822,85.0,13.9178
105,9,0.94582,86.0,13.608477
105,9,0.956818,87.0,13.299161
105,9,0.967816,88.0,12.989839
105,9,0.978814,89.0,12.680523
105,9,0.989812,90.0,12.3712
105,9,1.00081,91.0,12.061877
105,9,1.011808,92.0,11.752561
105,9,1.022806,93.0,11.443239
105,9,1.033804,94.0,11.133923
105,9,1.044801,95.0,10.9635
105,9,1.055799,96.0,10.9968
105,9,1.066797,97.0,11.0301
105,9,1.077795,98.0,11.0634
105,9,1.088793,99.0,11.0967
105,9,1.099791,100.0,11.13
105,10,0.0,0.0,11.13
105,10,0.010998,1.0,10.822203
105,10,0.021996,2.0,10.514399
105,10,0.032994,3.0,10.206601
105,10,0.043992,4.0,9.898797
105,10,0.05499,5.0,9.591
105,10,0.065987,6.0,9.283203
105,10,0.076985,7.0,8.975399
105,10,0.087983,8.0,8.667601
105,10,0.098981,9.0,8.359797
105,10,0.109979,10.0,8.052
105,10,0.120977,11.0,8.269793
105,10,0.131975,12.0,9.071603
105,10,0.142973,13.0,9.873397
105,10,0.153971,14.0,10.675207
105,10,0.164969,15.0,11.477
105,10,0.175967,16.0,12.224525
105,10,0.186964,17.0,12.768546
105,10,0.197962,18.0,13.312556
105,10,0.20896,19.0,13.856578
105,10,0.219958,20.0,14.400588
105,10,0.230956,21.0,14.944598
105,10,0.241954,22.0,15.48862
105,10,0.252952,23.0,16.03263
105,10,0.26395,24.0,16.576652
105,10,0.274948,25.0,17.120662
105,10,0.285946,26.0,17.664672
105,10,0.296944,27.0,18.208694
105,10,0.307941,28.0,19.021746
105,10,0.318939,29.0,20.52426
105,10,0.329937,30.0,22.026742
105,10,0.340935,31.0,23.529223
105,10,0.351933,32.0,25.031737
105,10,0.362931,33.0,26.534218
105,10,0.373929,34.0,28.036732
105,10,0.384927,35.0,29.539213
105,10,0.395925,36.0,31.469739
105,10,0.406923,37.0,33.87593
105,10,0.417921,38.0,36.28207
105,10,0.428918,39.0,38.688261
105,10,0.439916,40.0,41.0944
105,10,0.450914,41.0,43.500539
105,10,0.461912,42.0,45.90673
105,10,0.47291,43.0,48.31287
105,10,0.483908,44.0,50.719061
105,10,0.494906,45.0,53.1252
105,10,0.505904,46.0,55.531339
105,10,0.516902,47.0,57.93753
105,10,0.5279,48.0,60.34367
105,10,0.538898,49.0,62.161205
105,10,0.549895,50.0,62.703333
105,10,0.560893,51.0,63.245462
105,10,0.571891,52.0,63.787602
105,10,0.582889,53.0,63.720085
105,10,0.593887,54.0,62.60743
105,10,0.604885,55.0,61.4948
105,10,0.615883,56.0,60.38217
105,10,0.626881,57.0,59.269515
105,10,0.637879,58.0,58.156885
105,10,0.648877,59.0,57.04423
105,10,0.659875,60.0,55.9316
105,10,0.670873,61.0,54.81897
105,10,0.68187,62.0,53.706315
105,10,0.692868,63.0,52.593685
105,10,0.703866,64.0,51.48103
105,10,0.714864,65.0,50.3684
105,10,0.725862,66.0,47.797802
105,10,0.73686,67.0,39.759432
105,10,0.747858,68.0,31.721234
105,10,0.758856,69.0,23.682864
105,10,0.769854,70.0,17.43725
105,10,0.780852,71.0,16.210811
105,10,0.79185,72.0,14.984345
105,10,0.802847,73.0,13.757905
105,10,0.813845,74.0,12.531439
105,10,0.824843,75.0,11.305
105,10,0.835841,76.0,10.078561
105,10,0.846839,77.0,8.852095
105,10,0.857837,78.0,7.625655
105,10,0.868835,79.0,6.399189
105,10,0.879833,80.0,5.17275
105,10,0.890831,81.0,5.634924
105,10,0.901829,82.0,6.700205
105,10,0.912827,83.0,7.765462
105,10,0.923824,84.0,8.830742
105,10,0.934822,85.0,9.896
105,10,0.94582,86.0,10.961258
105,10,0.956818,87.0,12.026538
105,10,0.967816,88.0,13.091795
105,10,0.978814,89.0,12.45217
105,10,0.989812,90.0,11.492889
105,10,1.00081,91.0,10.533608
105,10,1.011808,92.0,9.574307
105,10,1.022806,93.0,8.615026
105,10,1.033804,94.0,7.655725
105,10,1.044801,95.0,6.696444
105,10,1.055799,96.0,5.737164
105,10,1.066797,97.0,4.777863
105,10,1.077795,98.0,3.818582
105,10,1.088793,99.0,2.859281
105,10,1.099791,100.0,1.9
105,11,0.0,0.0,1.9
105,11,0.010998,1.0,2.772096
105,11,0.021996,2.0,3.644192
105,11,0.032994,3.0,4.516308
105,11,0.043992,4.0,5.388404
105,11,0.05499,5.0,6.2605
105,11,0.065987,6.0,7.060559
105,11,0.076985,7.0,7.320318
105,11,0.087983,8.0,7.580082
105,11,0.098981,9.0,7.839841
105,11,0.109979,10.0,8.0996
105,11,0.120977,11.0,8.359359
105,11,0.131975,12.0,8.619118
105,11,0.142973,13.0,8.878882
105,11,0.153971,14.0,9.138641
105,11,0.164969,15.0,9.3984
105,11,0.175967,16.0,9.658159
105,11,0.186964,17.0,9.917918
105,11,0.197962,18.0,10.177682
105,11,0.20896,19.0,10.437441
105,11,0.219958,20.0,10.6972
105,11,0.230956,21.0,11.519892
105,11,0.241954,22.0,13.146784
105,11,0.252952,23.0,14.773716
105,11,0.26395,24.0,16.400608
105,11,0.274948,25.0,18.0275
105,11,0.285946,26.0,19.654392
105,11,0.296944,27.0,21.377943
105,11,0.307941,28.0,23.187457
105,11,0.318939,29.0,24.996929
105,11,0.329937,30.0,26.8064
105,11,0.340935,31.0,28.615871
105,11,0.351933,32.0,30.425343
105,11,0.362931,33.0,32.234857
105,11,0.373929,34.0,34.044329
105,11,0.384927,35.0,35.8538
105,11,0.395925,36.0,37.663271
105,11,0.406923,37.0,39.472743
105,11,0.417921,38.0,41.282257
105,11,0.428918,39.0,43.091729
105,11,0.439916,40.0,44.9012
105,11,0.450914,41.0,46.710671
105,11,0.461912,42.0,50.45156
105,11,0.47291,43.0,54.60644
105,11,0.483908,44.0,58.76122
105,11,0.494906,45.0,62.916
105,11,0.505904,46.0,65.302801
105,11,0.516902,47.0,65.163887
105,11,0.5279,48.0,65.02497
105,11,0.538898,49.0,64.886056
105,11,0.549895,50.0,64.747143
105,11,0.560893,51.0,64.608229
105,11,0.571891,52.0,64.469316
105,11,0.582889,53.0,64.330399
105,11,0.593887,54.0,64.191485
105,11,0.604885,55.0,64.052571
105,11,0.615883,56.0,63.647383
105,11,0.626881,57.0,61.245052
105,11,0.637879,58.0,58.842663
105,11,0.648877,59.0,56.440331
105,11,0.659875,60.0,54.038
105,11,0.670873,61.0,51.635669
105,11,0.68187,62.0,49.233337
105,11,0.692868,63.0,46.830948
105,11,0.703866,64.0,44.428617
105,11,0.714864,65.0,42.026286
105,11,0.725862,66.0,39.623954
105,11,0.73686,67.0,37.022248
105,11,0.747858,68.0,34.377752
105,11,0.758856,69.0,31.733321
105,11,0.769854,70.0,29.088889
105,11,0.780852,71.0,26.444457
105,11,0.79185,72.0,23.800025
105,11,0.802847,73.0,21.15553
105,11,0.813845,74.0,18.511098
105,11,0.824843,75.0,15.866667
105,11,0.835841,76.0,13.222235
105,11,0.846839,77.0,10.577803
105,11,0.857837,78.0,7.933308
105,11,0.868835,79.0,5.288876
105,11,0.879833,80.0,4.594
105,11,0.890831,81.0,5.263797
105,11,0.901829,82.0,5.933594
105,11,0.912827,83.0,6.603406
105,11,0.923824,84.0,7.273203
105,11,0.934822,85.0,7.943
105,11,0.94582,86.0,8.16592
105,11,0.956818,87.0,8.20264
105,11,0.967816,88.0,8.23936
105,11,0.978814,89.0,8.27608
105,11,0.989812,90.0,8.3128
105,11,1.00081,91.0,8.34952
105,11,1.011808,92.0,8.38624
105,11,1.022806,93.0,8.42296
105,11,1.033804,94.0,8.45968
105,11,1.044801,95.0,8.4964
105,11,1.055799,96.0,8.53312
105,11,1.066797,97.0,8.56984
105,11,1.077795,98.0,8.60656
105,11,1.088793,99.0,8.64328
105,11,1.099791,100.0,8.68
106,2,0.0,0.0,3.09
106,2,0.010998,1.0,3.971187
106,2,0.021996,2.0,4.852373
106,2,0.032994,3.0,5.73356
106,2,0.043992,4.0,6.614726
106,2,0.05499,5.0,7.495913
106,2,0.065987,6.0,8.080909
106,2,0.076985,7.0,8.287852
106,2,0.087983,8.0,8.494795
106,2,0.098981,9.0,8.701739
106,2,0.109979,10.0,8.908677
106,2,0.120977,11.0,9.115621
106,2,0.131975,12.0,9.322564
106,2,0.142973,13.0,9.529507
106,2,0.153971,14.0,9.73645
106,2,0.164969,15.0,9.943394
106,2,0.175967,16.0,10.150332
106,2,0.186964,17.0,10.357276
106,2,0.197962,18.0,10.577451
106,2,0.20896,19.0,11.433461
106,2,0.219958,20.0,12.289471
106,2,0.230956,21.0,13.14548
106,2,0.241954,22.0,14.001471
106,2,0.252952,23.0,14.85748
106,2,0.26395,24.0,15.71349
106,2,0.274948,25.0,16.626688
106,2,0.285946,26.0,18.305438
106,2,0.296944,27.0,19.984188
106,2,0.307941,28.0,21.662938
106,2,0.318939,29.0,23.34165
106,2,0.329937,30.0,25.020401
106,2,0.340935,31.0,26.699151
106,2,0.351933,32.0,28.377901
106,2,0.362931,33.0,30.056651
106,2,0.373929,34.0,31.735402
106,2,0.384927,35.0,33.414114
106,2,0.395925,36.0,35.092864
106,2,0.406923,37.0,38.281957
106,2,0.417921,38.0,41.553737
106,2,0.428918,39.0,44.825517
106,2,0.439916,40.0,48.097296
106,2,0.450914,41.0,51.369002
106,2,0.461912,42.0,54.640781
106,2,0.47291,43.0,57.912561
106,2,0.483908,44.0,61.184341
106,2,0.494906,45.0,62.664342
106,2,0.505904,46.0,62.984486
106,2,0.516902,47.0,63.304623
106,2,0.5279,48.0,63.624767
106,2,0.538898,49.0,63.944911
106,2,0.549895,50.0,64.265055
106,2,0.560893,51.0,64.585199
106,2,0.571891,52.0,64.905343
106,2,0.582889,53.0,64.710666
106,2,0.593887,54.0,62.060498
106,2,0.604885,55.0,59.41027
106,2,0.615883,56.0,56.760043
106,2,0.626881,57.0,54.109815
106,2,0.637879,58.0,51.459588
106,2,0.648877,59.0,48.80936
106,2,0.659875,60.0,46.159193
106,2,0.670873,61.0,43.508965
106,2,0.68187,62.0,41.157651
106,2,0.692868,63.0,38.830599
106,2,0.703866,64.0,36.503547
106,2,0.714864,65.0,34.176496
106,2,0.725862,66.0,31.849497
106,2,0.73686,67.0,29.522445
106,2,0.747858,68.0,27.195393
106,2,0.758856,69.0,24.868341
106,2,0.769854,70.0,22.541289
106,2,0.780852,71.0,20.214238
106,2,0.79185,72.0,17.887239
106,2,0.802847,73.0,16.079419
106,2,0.813845,74.0,14.398571
106,2,0.824843,75.0,12.717722
106,2,0.835841,76.0,11.036874
106,2,0.846839,77.0,9.356026
106,2,0.857837,78.0,7.675177
106,2,0.868835,79.0,5.994367
106,2,0.879833,80.0,4.313519
106,2,0.890831,81.0,3.42224
106,2,0.901829,82.0,3.448706
106,2,0.912827,83.0,3.475172
106,2,0.923824,84.0,3.501638
106,2,0.934822,85.0,3.528104
106,2,0.94582,86.0,3.55457
106,2,0.956818,87.0,3.581036
106,2,0.967816,88.0,3.607502
106,2,0.978814,89.0,3.633968
106,2,0.989812,90.0,3.660434
106,2,1.00081,91.0,3.508353
106,2,1.011808,92.0,3.255202
106,2,1.022806,93.0,3.002051
106,2,1.033804,94.0,2.7489
106,2,1.044801,95.0,2.495749
106,2,1.055799,96.0,2.242598
106,2,1.066797,97.0,1.989453
106,2,1.077795,98.0,1.736302
106,2,1.088793,99.0,1.483151
106,2,1.099791,100.0,1.23
106,3,0.0,0.0,1.23
106,3,0.010998,1.0,2.093814
106,3,0.021996,2.0,2.957649
106,3,0.032994,3.0,3.821463
106,3,0.043992,4.0,4.685277
106,3,0.05499,5.0,5.549113
106,3,0.065987,6.0,6.412927
106,3,0.076985,7.0,6.794201
106,3,0.087983,8.0,7.147654
106,3,0.098981,9.0,7.501108
106,3,0.109979,10.0,7.85457
106,3,0.120977,11.0,8.208024
106,3,0.131975,12.0,8.561477
106,3,0.142973,13.0,8.914939
106,3,0.153971,14.0,9.268393
106,3,0.164969,15.0,9.621847
106,3,0.175967,16.0,9.975309
106,3,0.186964,17.0,10.328762
106,3,0.197962,18.0,10.682216
106,3,0.20896,19.0,11.572648
106,3,0.219958,20.0,12.567995
106,3,0.230956,21.0,13.563367
106,3,0.241954,22.0,14.558714
106,3,0.252952,23.0,15.554061
106,3,0.26395,24.0,16.549433
106,3,0.274948,25.0,17.54478
106,3,0.285946,26.0,18.540127
106,3,0.296944,27.0,19.535499
106,3,0.307941,28.0,20.60541
106,3,0.318939,29.0,21.714788
106,3,0.329937,30.0,22.824193
106,3,0.340935,31.0,23.933571
106,3,0.351933,32.0,25.042977
106,3,0.362931,33.0,26.152355
106,3,0.373929,34.0,27.261733
106,3,0.384927,35.0,28.371138
106,3,0.395925,36.0,29.480517
106,3,0.406923,37.0,30.589895
106,3,0.417921,38.0,31.6993
106,3,0.428918,39.0,32.808678
106,3,0.439916,40.0,33.918056
106,3,0.450914,41.0,35.027462
106,3,0.461912,42.0,36.13684
106,3,0.47291,43.0,38.705459
106,3,0.483908,44.0,42.174014
106,3,0.494906,45.0,45.642483
106,3,0.505904,46.0,49.111038
106,3,0.516902,47.0,52.579507
106,3,0.5279,48.0,56.047976
106,3,0.538898,49.0,59.516531
106,3,0.549895,50.0,62.985
106,3,0.560893,51.0,62.739691
106,3,0.571891,52.0,62.297037
106,3,0.582889,53.0,61.854394
106,3,0.593887,54.0,61.411751
106,3,0.604885,55.0,60.969098
106,3,0.615883,56.0,60.526455
106,3,0.626881,57.0,60.083801
106,3,0.637879,58.0,59.641159
106,3,0.648877,59.0,59.198516
106,3,0.659875,60.0,58.755862
106,3,0.670873,61.0,57.916756
106,3,0.68187,62.0,56.354765
106,3,0.692868,63.0,54.792735
106,3,0.703866,64.0,53.230744
106,3,0.714864,65.0,51.668753
106,3,0.725862,66.0,50.106724
106,3,0.73686,67.0,48.544733
106,3,0.747858,68.0,46.982742
106,3,0.758856,69.0,45.420713
106,3,0.769854,70.0,43.858722
106,3,0.780852,71.0,42.296693
106,3,0.79185,72.0,39.747871
106,3,0.802847,73.0,36.885431
106,3,0.813845,74.0,34.022921
106,3,0.824843,75.0,31.160481
106,3,0.835841,76.0,28.298041
106,3,0.846839,77.0,25.43553
106,3,0.857837,78.0,22.57309
106,3,0.868835,79.0,19.71065
106,3,0.879833,80.0,16.84814
106,3,0.890831,81.0,13.9857
106,3,0.901829,82.0,11.699311
106,3,0.912827,83.0,11.015901
106,3,0.923824,84.0,10.332491
106,3,0.934822,85.0,9.649064
106,3,0.94582,86.0,8.965654
106,3,0.956818,87.0,8.282244
106,3,0.967816,88.0,7.598817
106,3,0.978814,89.0,6.915407
106,3,0.989812,90.0,6.231997
106,3,1.00081,91.0,5.54857
106,3,1.011808,92.0,4.865161
106,3,1.022806,93.0,4.641312
106,3,1.033804,94.0,4.76684
106,3,1.044801,95.0,4.892366
106,3,1.055799,96.0,5.017895
106,3,1.066797,97.0,5.14342
106,3,1.077795,98.0,5.268946
106,3,1.088793,99.0,5.394474
106,3,1.099791,100.0,5.52
106,4,0.0,0.0,5.52
106,4,0.010998,1.0,5.268529
106,4,0.021996,2.0,5.017059
106,4,0.032994,3.0,4.765588
106,4,0.043992,4.0,4.514118
106,4,0.05499,5.0,4.262647
106,4,0.065987,6.0,4.011176
106,4,0.076985,7.0,3.759706
106,4,0.087983,8.0,3.508235
106,4,0.098981,9.0,3.256765
106,4,0.109979,10.0,3.005294
106,4,0.120977,11.0,3.159778
106,4,0.131975,12.0,3.869778
106,4,0.142973,13.0,4.579778
106,4,0.153971,14.0,5.289778
106,4,0.164969,15.0,5.999778
106,4,0.175967,16.0,6.709778
106,4,0.186964,17.0,7.419778
106,4,0.197962,18.0,8.129778
106,4,0.20896,19.0,8.794976
106,4,0.219958,20.0,9.398868
106,4,0.230956,21.0,10.002759
106,4,0.241954,22.0,10.606651
106,4,0.252952,23.0,11.210542
106,4,0.26395,24.0,11.814434
106,4,0.274948,25.0,12.418325
106,4,0.285946,26.0,13.022217
106,4,0.296944,27.0,13.626108
106,4,0.307941,28.0,14.23
106,4,0.318939,29.0,15.380714
106,4,0.329937,30.0,16.531429
106,4,0.340935,31.0,17.682143
106,4,0.351933,32.0,18.832857
106,4,0.362931,33.0,19.983571
106,4,0.373929,34.0,21.134286
106,4,0.384927,35.0,22.285
106,4,0.395925,36.0,23.435714
106,4,0.406923,37.0,24.586429
106,4,0.417921,38.0,26.734
106,4,0.428918,39.0,29.38
106,4,0.439916,40.0,32.026
106,4,0.450914,41.0,34.672
106,4,0.461912,42.0,37.318
106,4,0.47291,43.0,39.964
106,4,0.483908,44.0,42.61
106,4,0.494906,45.0,45.283214
106,4,0.505904,46.0,47.956429
106,4,0.516902,47.0,50.629643
106,4,0.5279,48.0,53.302857
106,4,0.538898,49.0,55.976071
106,4,0.549895,50.0,58.649286
106,4,0.560893,51.0,61.3225
106,4,0.571891,52.0,63.995714
106,4,0.582889,53.0,66.668929
106,4,0.593887,54.0,66.687857
106,4,0.604885,55.0,65.379643
106,4,0.615883,56.0,64.071429
106,4,0.626881,57.0,62.763214
106,4,0.637879,58.0,61.455
106,4,0.648877,59.0,60.146786
106,4,0.659875,60.0,58.838571
106,4,0.670873,61.0,57.530357
106,4,0.68187,62.0,56.222143
106,4,0.692868,63.0,54.654011
106,4,0.703866,64.0,52.566045
106,4,0.714864,65.0,50.478078
106,4,0.725862,66.0,48.390112
106,4,0.73686,67.0,46.302146
106,4,0.747858,68.0,44.214179
106,4,0.758856,69.0,42.126213
106,4,0.769854,70.0,40.038246
106,4,0.780852,71.0,37.95028
106,4,0.79185,72.0,35.862313
106,4,0.802847,73.0,33.774347
106,4,0.813845,74.0,31.686381
106,4,0.824843,75.0,29.036875
106,4,0.835841,76.0,25.618947
106,4,0.846839,77.0,22.20102
106,4,0.857837,78.0,18.783092
106,4,0.868835,79.0,15.365164
106,4,0.879833,80.0,11.947237
106,4,0.890831,81.0,8.529309
106,4,0.901829,82.0,7.377127
106,4,0.912827,83.0,7.357817
106,4,0.923824,84.0,7.338507
106,4,0.934822,85.0,7.319198
106,4,0.94582,86.0,7.299888
106,4,0.956818,87.0,7.280578
106,4,0.967816,88.0,7.261269
106,4,0.978814,89.0,7.241959
106,4,0.989812,90.0,7.222649
106,4,1.00081,91.0,7.20334
106,4,1.011808,92.0,7.18403
106,4,1.022806,93.0,7.16472
106,4,1.033804,94.0,7.063816
106,4,1.044801,95.0,6.936513
106,4,1.055799,96.0,6.809211
106,4,1.066797,97.0,6.681908
106,4,1.077795,98.0,6.554605
106,4,1.088793,99.0,6.427303
106,4,1.099791,100.0,6.3
106,5,0.0,0.0,6.3
106,5,0.010998,1.0,6.01467
106,5,0.021996,2.0,5.729339
106,5,0.032994,3.0,5.444002
106,5,0.043992,4.0,5.158672
106,5,0.05499,5.0,4.873341
106,5,0.065987,6.0,4.588011
106,5,0.076985,7.0,4.30268
106,5,0.087983,8.0,4.017344
106,5,0.098981,9.0,3.732013
106,5,0.109979,10.0,3.935714
106,5,0.120977,11.0,4.623997
106,5,0.131975,12.0,5.31228
106,5,0.142973,13.0,6.000578
106,5,0.153971,14.0,6.68886
106,5,0.164969,15.0,7.377143
106,5,0.175967,16.0,8.065426
106,5,0.186964,17.0,8.753708
106,5,0.197962,18.0,9.471241
106,5,0.20896,19.0,10.311954
106,5,0.219958,20.0,11.152667
106,5,0.230956,21.0,11.99338
106,5,0.241954,22.0,12.834093
106,5,0.252952,23.0,13.674824
106,5,0.26395,24.0,14.515537
106,5,0.274948,25.0,15.35625
106,5,0.285946,26.0,16.196963
106,5,0.296944,27.0,17.047537
106,5,0.307941,28.0,17.898408
106,5,0.318939,29.0,18.749259
106,5,0.329937,30.0,19.600111
106,5,0.340935,31.0,20.450963
106,5,0.351933,32.0,21.301815
106,5,0.362931,33.0,22.152685
106,5,0.373929,34.0,23.003537
106,5,0.384927,35.0,23.854389
106,5,0.395925,36.0,24.705241
106,5,0.406923,37.0,25.556092
106,5,0.417921,38.0,26.406963
106,5,0.428918,39.0,29.216997
106,5,0.439916,40.0,33.1108
106,5,0.450914,41.0,37.004603
106,5,0.461912,42.0,40.898405
106,5,0.47291,43.0,44.792295
106,5,0.483908,44.0,48.686097
106,5,0.494906,45.0,52.5799
106,5,0.505904,46.0,53.961447
106,5,0.516902,47.0,54.693268
106,5,0.5279,48.0,55.425107
106,5,0.538898,49.0,56.156928
106,5,0.549895,50.0,56.88875
106,5,0.560893,51.0,57.620572
106,5,0.571891,52.0,58.352393
106,5,0.582889,53.0,59.084232
106,5,0.593887,54.0,59.816053
106,5,0.604885,55.0,60.547875
106,5,0.615883,56.0,61.279697
106,5,0.626881,57.0,59.903483
106,5,0.637879,58.0,58.112517
106,5,0.648877,59.0,56.321592
106,5,0.659875,60.0,54.530667
106,5,0.670873,61.0,52.739741
106,5,0.68187,62.0,50.948816
106,5,0.692868,63.0,49.157851
106,5,0.703866,64.0,47.366925
106,5,0.714864,65.0,45.293228
106,5,0.725862,66.0,43.043585
106,5,0.73686,67.0,40.793942
106,5,0.747858,68.0,38.544249
106,5,0.758856,69.0,36.294606
106,5,0.769854,70.0,34.044963
106,5,0.780852,71.0,31.79532
106,5,0.79185,72.0,29.545677
106,5,0.802847,73.0,27.295984
106,5,0.813845,74.0,25.046341
106,5,0.824843,75.0,22.796698
106,5,0.835841,76.0,20.547055
106,5,0.846839,77.0,17.701143
106,5,0.857837,78.0,13.878096
106,5,0.868835,79.0,10.055135
106,5,0.879833,80.0,6.232174
106,5,0.890831,81.0,3.148662
106,5,0.901829,82.0,3.478081
106,5,0.912827,83.0,3.807507
106,5,0.923824,84.0,4.136926
106,5,0.934822,85.0,4.466345
106,5,0.94582,86.0,4.795763
106,5,0.956818,87.0,5.125182
106,5,0.967816,88.0,5.454608
106,5,0.978814,89.0,5.784027
106,5,0.989812,90.0,6.113445
106,5,1.00081,91.0,6.442864
106,5,1.011808,92.0,6.519059
106,5,1.022806,93.0,6.032919
106,5,1.033804,94.0,5.546789
106,5,1.044801,95.0,5.060659
106,5,1.055799,96.0,4.57453
106,5,1.066797,97.0,4.0884
106,5,1.077795,98.0,3.602259
106,5,1.088793,99.0,3.11613
106,5,1.099791,100.0,2.63
106,6,0.0,0.0,2.63
106,6,0.010998,1.0,2.90375
106,6,0.021996,2.0,3.1775
106,6,0.032994,3.0,3.45125
106,6,0.043992,4.0,3.725
106,6,0.05499,5.0,3.99875
106,6,0.065987,6.0,4.2725
106,6,0.076985,7.0,4.54625
106,6,0.087983,8.0,4.82
106,6,0.098981,9.0,5.115312
106,6,0.109979,10.0,5.410625
106,6,0.120977,11.0,5.705938
106,6,0.131975,12.0,6.00125
106,6,0.142973,13.0,6.296563
106,6,0.153971,14.0,6.591875
106,6,0.164969,15.0,6.887187
106,6,0.175967,16.0,7.1825
106,6,0.186964,17.0,7.477812
106,6,0.197962,18.0,7.773125
106,6,0.20896,19.0,8.135625
106,6,0.219958,20.0,8.6325
106,6,0.230956,21.0,9.129375
106,6,0.241954,22.0,9.62625
106,6,0.252952,23.0,10.123125
106,6,0.26395,24.0,10.62
106,6,0.274948,25.0,11.116875
106,6,0.285946,26.0,11.61375
106,6,0.296944,27.0,12.110625
106,6,0.307941,28.0,12.6075
106,6,0.318939,29.0,13.104375
106,6,0.329937,30.0,14.204286
106,6,0.340935,31.0,15.605714
106,6,0.351933,32.0,17.007143
106,6,0.362931,33.0,18.408571
106,6,0.373929,34.0,19.81
106,6,0.384927,35.0,21.211429
106,6,0.395925,36.0,22.612857
106,6,0.406923,37.0,24.014286
106,6,0.417921,38.0,25.415714
106,6,0.428918,39.0,27.6245
106,6,0.439916,40.0,31.448
106,6,0.450914,41.0,35.2715
106,6,0.461912,42.0,39.095
106,6,0.47291,43.0,42.9185
106,6,0.483908,44.0,46.742
106,6,0.494906,45.0,50.5655
106,6,0.505904,46.0,52.641923
106,6,0.516902,47.0,53.844808
106,6,0.5279,48.0,55.047692
106,6,0.538898,49.0,56.250577
106,6,0.549895,50.0,57.453462
106,6,0.560893,51.0,58.656346
106,6,0.571891,52.0,59.859231
106,6,0.582889,53.0,61.062115
106,6,0.593887,54.0,62.265
106,6,0.604885,55.0,62.38478
106,6,0.615883,56.0,61.022418
106,6,0.626881,57.0,59.660055
106,6,0.637879,58.0,58.297692
106,6,0.648877,59.0,56.93533
106,6,0.659875,60.0,55.572967
106,6,0.670873,61.0,54.210604
106,6,0.68187,62.0,52.848242
106,6,0.692868,63.0,50.975
106,6,0.703866,64.0,48.08
106,6,0.714864,65.0,45.185
106,6,0.725862,66.0,42.29
106,6,0.73686,67.0,39.395
106,6,0.747858,68.0,36.5
106,6,0.758856,69.0,33.605
106,6,0.769854,70.0,30.71
106,6,0.780852,71.0,27.815
106,6,0.79185,72.0,24.92
106,6,0.802847,73.0,22.794286
106,6,0.813845,74.0,20.668571
106,6,0.824843,75.0,18.542857
106,6,0.835841,76.0,16.417143
106,6,0.846839,77.0,14.291429
106,6,0.857837,78.0,12.165714
106,6,0.868835,79.0,10.04
106,6,0.879833,80.0,7.914286
106,6,0.890831,81.0,5.788571
106,6,0.901829,82.0,5.235769
106,6,0.912827,83.0,5.469423
106,6,0.923824,84.0,5.703077
106,6,0.934822,85.0,5.936731
106,6,0.94582,86.0,6.170385
106,6,0.956818,87.0,6.404038
106,6,0.967816,88.0,6.637692
106,6,0.978814,89.0,6.871346
106,6,0.989812,90.0,7.105
106,6,1.00081,91.0,7.144552
106,6,1.011808,92.0,6.918491
106,6,1.022806,93.0,6.692429
106,6,1.033804,94.0,6.466368
106,6,1.044801,95.0,6.240307
106,6,1.055799,96.0,6.014245
106,6,1.066797,97.0,5.788184
106,6,1.077795,98.0,5.562123
106,6,1.088793,99.0,5.336061
106,6,1.099791,100.0,5.11
106,7,0.0,0.0,5.11
106,7,0.010998,1.0,5.197321
106,7,0.021996,2.0,5.28464
106,7,0.032994,3.0,5.37196
106,7,0.043992,4.0,5.459279
106,7,0.05499,5.0,5.5466
106,7,0.065987,6.0,5.633921
106,7,0.076985,7.0,5.800123
106,7,0.087983,8.0,6.211752
106,7,0.098981,9.0,6.623371
106,7,0.109979,10.0,7.035
106,7,0.120977,11.0,7.446629
106,7,0.131975,12.0,7.858248
106,7,0.142973,13.0,8.269877
106,7,0.153971,14.0,8.681496
106,7,0.164969,15.0,9.093125
106,7,0.175967,16.0,9.504754
106,7,0.186964,17.0,9.916373
106,7,0.197962,18.0,10.427336
106,7,0.20896,19.0,11.068661
106,7,0.219958,20.0,11.71
106,7,0.230956,21.0,12.351339
106,7,0.241954,22.0,12.992664
106,7,0.252952,23.0,13.634003
106,7,0.26395,24.0,14.275328
106,7,0.274948,25.0,14.916667
106,7,0.285946,26.0,15.826241
106,7,0.296944,27.0,17.294594
106,7,0.307941,28.0,18.762978
106,7,0.318939,29.0,20.23133
106,7,0.329937,30.0,21.699714
106,7,0.340935,31.0,23.168099
106,7,0.351933,32.0,24.636451
106,7,0.362931,33.0,26.104835
106,7,0.373929,34.0,27.573187
106,7,0.384927,35.0,29.041571
106,7,0.395925,36.0,31.561395
106,7,0.406923,37.0,34.245445
106,7,0.417921,38.0,36.929555
106,7,0.428918,39.0,39.613605
106,7,0.439916,40.0,42.297714
106,7,0.450914,41.0,44.981824
106,7,0.461912,42.0,47.665874
106,7,0.47291,43.0,50.349983
106,7,0.483908,44.0,53.034034
106,7,0.494906,45.0,55.215
106,7,0.505904,46.0,56.658013
106,7,0.516902,47.0,58.100994
106,7,0.5279,48.0,59.544006
106,7,0.538898,49.0,60.986987
106,7,0.549895,50.0,62.43
106,7,0.560893,51.0,63.873013
106,7,0.571891,52.0,65.315994
106,7,0.582889,53.0,66.759006
106,7,0.593887,54.0,68.201987
106,7,0.604885,55.0,67.116
106,7,0.615883,56.0,65.885475
106,7,0.626881,57.0,64.654977
106,7,0.637879,58.0,63.424452
106,7,0.648877,59.0,62.193954
106,7,0.659875,60.0,60.963429
106,7,0.670873,61.0,59.732903
106,7,0.68187,62.0,58.502405
106,7,0.692868,63.0,57.27188
106,7,0.703866,64.0,53.805509
106,7,0.714864,65.0,47.978898
106,7,0.725862,66.0,42.152288
106,7,0.73686,67.0,36.325805
106,7,0.747858,68.0,30.499195
106,7,0.758856,69.0,25.439244
106,7,0.769854,70.0,24.09106
106,7,0.780852,71.0,22.742876
106,7,0.79185,72.0,21.394721
106,7,0.802847,73.0,20.046537
106,7,0.813845,74.0,18.698383
106,7,0.824843,75.0,17.350199
106,7,0.835841,76.0,16.002015
106,7,0.846839,77.0,14.65386
106,7,0.857837,78.0,13.305676
106,7,0.868835,79.0,11.957522
106,7,0.879833,80.0,10.609338
106,7,0.890831,81.0,9.261154
106,7,0.901829,82.0,7.912999
106,7,0.912827,83.0,7.593762
106,7,0.923824,84.0,8.058476
106,7,0.934822,85.0,8.5232
106,7,0.94582,86.0,8.987924
106,7,0.956818,87.0,9.452638
106,7,0.967816,88.0,9.917362
106,7,0.978814,89.0,10.382076
106,7,0.989812,90.0,10.311
106,7,1.00081,91.0,10.114898
106,7,1.011808,92.0,9.918801
106,7,1.022806,93.0,9.722699
106,7,1.033804,94.0,9.526602
106,7,1.044801,95.0,9.3305
106,7,1.055799,96.0,9.134398
106,7,1.066797,97.0,8.938301
106,7,1.077795,98.0,8.742199
106,7,1.088793,99.0,8.546102
106,7,1.099791,100.0,8.35
106,8,0.0,0.0,8.35
106,8,0.010998,1.0,8.199999
106,8,0.021996,2.0,8.049999
106,8,0.032994,3.0,7.900001
106,8,0.043992,4.0,7.750001
106,8,0.05499,5.0,7.6
106,8,0.065987,6.0,7.449999
106,8,0.076985,7.0,7.299999
106,8,0.087983,8.0,7.150001
106,8,0.098981,9.0,7.380198
106,8,0.109979,10.0,7.8005
106,8,0.120977,11.0,8.220802
106,8,0.131975,12.0,8.641104
106,8,0.142973,13.0,9.061396
106,8,0.153971,14.0,9.481698
106,8,0.164969,15.0,9.902
106,8,0.175967,16.0,10.322302
106,8,0.186964,17.0,10.742604
106,8,0.197962,18.0,11.162896
106,8,0.20896,19.0,11.583198
106,8,0.219958,20.0,12.1596
106,8,0.230956,21.0,12.860883
106,8,0.241954,22.0,13.562166
106,8,0.252952,23.0,14.263434
106,8,0.26395,24.0,14.964717
106,8,0.274948,25.0,15.666
106,8,0.285946,26.0,16.367283
106,8,0.296944,27.0,17.479679
106,8,0.307941,28.0,18.853654
106,8,0.318939,29.0,20.22766
106,8,0.329937,30.0,21.601667
106,8,0.340935,31.0,22.975673
106,8,0.351933,32.0,24.349679
106,8,0.362931,33.0,25.723654
106,8,0.373929,34.0,27.09766
106,8,0.384927,35.0,28.717556
106,8,0.395925,36.0,30.976766
106,8,0.406923,37.0,33.235976
106,8,0.417921,38.0,35.495135
106,8,0.428918,39.0,37.754345
106,8,0.439916,40.0,40.013556
106,8,0.450914,41.0,42.272766
106,8,0.461912,42.0,44.531976
106,8,0.47291,43.0,46.791135
106,8,0.483908,44.0,49.050345
106,8,0.494906,45.0,51.309556
106,8,0.505904,46.0,53.568766
106,8,0.516902,47.0,55.827976
106,8,0.5279,48.0,58.03014
106,8,0.538898,49.0,60.21607
106,8,0.549895,50.0,62.402
106,8,0.560893,51.0,64.58793
106,8,0.571891,52.0,66.77386
106,8,0.582889,53.0,68.95974
106,8,0.593887,54.0,71.14567
106,8,0.604885,55.0,70.756667
106,8,0.615883,56.0,69.852663
106,8,0.626881,57.0,68.948658
106,8,0.637879,58.0,68.044675
106,8,0.648877,59.0,67.140671
106,8,0.659875,60.0,66.236667
106,8,0.670873,61.0,65.332663
106,8,0.68187,62.0,64.428658
106,8,0.692868,63.0,63.524675
106,8,0.703866,64.0,62.620671
106,8,0.714864,65.0,61.716667
106,8,0.725862,66.0,60.812663
106,8,0.73686,67.0,58.625477
106,8,0.747858,68.0,53.872123
106,8,0.758856,69.0,49.118661
106,8,0.769854,70.0,44.3652
106,8,0.780852,71.0,39.611739
106,8,0.79185,72.0,34.858277
106,8,0.802847,73.0,30.104923
106,8,0.813845,74.0,26.32961
106,8,0.824843,75.0,24.091429
106,8,0.835841,76.0,21.853247
106,8,0.846839,77.0,19.615065
106,8,0.857837,78.0,17.376935
106,8,0.868835,79.0,15.138753
106,8,0.879833,80.0,12.900571
106,8,0.890831,81.0,10.66239
106,8,0.901829,82.0,8.424208
106,8,0.912827,83.0,6.186077
106,8,0.923824,84.0,5.842512
106,8,0.934822,85.0,6.446286
106,8,0.94582,86.0,7.05006
106,8,0.956818,87.0,7.653834
106,8,0.967816,88.0,8.257595
106,8,0.978814,89.0,8.861369
106,8,0.989812,90.0,9.465143
106,8,1.00081,91.0,10.068917
106,8,1.011808,92.0,10.672691
106,8,1.022806,93.0,11.276452
106,8,1.033804,94.0,11.507199
106,8,1.044801,95.0,11.716
106,8,1.055799,96.0,11.924801
106,8,1.066797,97.0,12.133602
106,8,1.077795,98.0,12.342398
106,8,1.088793,99.0,12.551199
106,8,1.099791,100.0,12.76
106,9,0.0,0.0,12.76
106,9,0.010998,1.0,12.415
106,9,0.021996,2.0,12.07
106,9,0.032994,3.0,11.725
106,9,0.043992,4.0,11.38
106,9,0.05499,5.0,11.035
106,9,0.065987,6.0,10.69
106,9,0.076985,7.0,10.345
106,9,0.087983,8.0,10.0
106,9,0.098981,9.0,9.655
106,9,0.109979,10.0,9.893333
106,9,0.120977,11.0,10.423333
106,9,0.131975,12.0,10.953333
106,9,0.142973,13.0,11.483333
106,9,0.153971,14.0,12.013333
106,9,0.164969,15.0,12.543333
106,9,0.175967,16.0,13.073333
106,9,0.186964,17.0,13.603333
106,9,0.197962,18.0,14.017605
106,9,0.20896,19.0,14.374013
106,9,0.219958,20.0,14.73042
106,9,0.230956,21.0,15.086828
106,9,0.241954,22.0,15.443235
106,9,0.252952,23.0,15.799643
106,9,0.26395,24.0,16.15605
106,9,0.274948,25.0,16.512458
106,9,0.285946,26.0,16.868866
106,9,0.296944,27.0,17.225273
106,9,0.307941,28.0,17.704811
106,9,0.318939,29.0,19.446439
106,9,0.329937,30.0,21.188066
106,9,0.340935,31.0,22.929693
106,9,0.351933,32.0,24.671321
106,9,0.362931,33.0,26.412948
106,9,0.373929,34.0,28.154575
106,9,0.384927,35.0,29.896203
106,9,0.395925,36.0,31.63783
106,9,0.406923,37.0,33.379458
106,9,0.417921,38.0,35.7725
106,9,0.428918,39.0,38.49125
106,9,0.439916,40.0,41.21
106,9,0.450914,41.0,43.92875
106,9,0.461912,42.0,46.6475
106,9,0.47291,43.0,49.36625
106,9,0.483908,44.0,52.085
106,9,0.494906,45.0,54.80375
106,9,0.505904,46.0,57.5225
106,9,0.516902,47.0,60.24125
106,9,0.5279,48.0,62.96
106,9,0.538898,49.0,63.602
106,9,0.549895,50.0,64.244
106,9,0.560893,51.0,64.886
106,9,0.571891,52.0,65.528
106,9,0.582889,53.0,66.17
106,9,0.593887,54.0,66.812
106,9,0.604885,55.0,66.509286
106,9,0.615883,56.0,64.317143
106,9,0.626881,57.0,62.125
106,9,0.637879,58.0,59.932857
106,9,0.648877,59.0,57.740714
106,9,0.659875,60.0,55.548571
106,9,0.670873,61.0,53.356429
106,9,0.68187,62.0,51.164286
106,9,0.692868,63.0,48.972143
106,9,0.703866,64.0,46.78
106,9,0.714864,65.0,43.343341
106,9,0.725862,66.0,39.906683
106,9,0.73686,67.0,36.470024
106,9,0.747858,68.0,33.033365
106,9,0.758856,69.0,29.596707
106,9,0.769854,70.0,26.160048
106,9,0.780852,71.0,22.723389
106,9,0.79185,72.0,19.286731
106,9,0.802847,73.0,15.850072
106,9,0.813845,74.0,14.296374
106,9,0.824843,75.0,13.351868
106,9,0.835841,76.0,12.407363
106,9,0.846839,77.0,11.462857
106,9,0.857837,78.0,10.518352
106,9,0.868835,79.0,9.573846
106,9,0.879833,80.0,8.629341
106,9,0.890831,81.0,7.684835
106,9,0.901829,82.0,7.163571
106,9,0.912827,83.0,6.853929
106,9,0.923824,84.0,6.544286
106,9,0.934822,85.0,6.234643
106,9,0.94582,86.0,5.925
106,9,0.956818,87.0,5.615357
106,9,0.967816,88.0,5.305714
106,9,0.978814,89.0,4.996071
106,9,0.989812,90.0,4.686429
106,9,1.00081,91.0,4.368929
106,9,1.011808,92.0,4.035714
106,9,1.022806,93.0,3.7025
106,9,1.033804,94.0,3.369286
106,9,1.044801,95.0,3.036071
106,9,1.055799,96.0,2.702857
106,9,1.066797,97.0,2.369643
106,9,1.077795,98.0,2.036429
106,9,1.088793,99.0,1.703214
106,9,1.099791,100.0,1.37
106,10,0.0,0.0,1.37
106,10,0.010998,1.0,1.697035
106,10,0.021996,2.0,2.024076
106,10,0.032994,3.0,2.351111
106,10,0.043992,4.0,2.678153
106,10,0.05499,5.0,3.005187
106,10,0.065987,6.0,3.332222
106,10,0.076985,7.0,3.659264
106,10,0.087983,8.0,3.986299
106,10,0.098981,9.0,4.31334
106,10,0.109979,10.0,4.6965
106,10,0.120977,11.0,5.478144
106,10,0.131975,12.0,6.259803
106,10,0.142973,13.0,7.041447
106,10,0.153971,14.0,7.823106
106,10,0.164969,15.0,8.60475
106,10,0.175967,16.0,9.386394
106,10,0.186964,17.0,10.168053
106,10,0.197962,18.0,11.115633
106,10,0.20896,19.0,12.129036
106,10,0.219958,20.0,13.142418
106,10,0.230956,21.0,14.1558
106,10,0.241954,22.0,15.169202
106,10,0.252952,23.0,16.182584
106,10,0.26395,24.0,17.195986
106,10,0.274948,25.0,18.519185
106,10,0.285946,26.0,20.901385
106,10,0.296944,27.0,23.283633
106,10,0.307941,28.0,25.665833
106,10,0.318939,29.0,28.048081
106,10,0.329937,30.0,30.430281
106,10,0.340935,31.0,32.812481
106,10,0.351933,32.0,35.194729
106,10,0.362931,33.0,38.071545
106,10,0.373929,34.0,41.002624
106,10,0.384927,35.0,43.933643
106,10,0.395925,36.0,46.864662
106,10,0.406923,37.0,49.79574
106,10,0.417921,38.0,52.72676
106,10,0.428918,39.0,55.657838
106,10,0.439916,40.0,58.588857
106,10,0.450914,41.0,60.951882
106,10,0.461912,42.0,61.692028
106,10,0.47291,43.0,62.43216
106,10,0.483908,44.0,63.172306
106,10,0.494906,45.0,63.912437
106,10,0.505904,46.0,64.652569
106,10,0.516902,47.0,65.392715
106,10,0.5279,48.0,66.132847
106,10,0.538898,49.0,66.872993
106,10,0.549895,50.0,67.613125
106,10,0.560893,51.0,67.182385
106,10,0.571891,52.0,64.863057
106,10,0.582889,53.0,62.543776
106,10,0.593887,54.0,60.224448
106,10,0.604885,55.0,57.905167
106,10,0.615883,56.0,55.585885
106,10,0.626881,57.0,53.266557
106,10,0.637879,58.0,50.947276
106,10,0.648877,59.0,48.10692
106,10,0.659875,60.0,45.253429
106,10,0.670873,61.0,42.399937
106,10,0.68187,62.0,39.546389
106,10,0.692868,63.0,36.692897
106,10,0.703866,64.0,33.839348
106,10,0.714864,65.0,30.985857
106,10,0.725862,66.0,28.132366
106,10,0.73686,67.0,25.749394
106,10,0.747858,68.0,24.307606
106,10,0.758856,69.0,22.865788
106,10,0.769854,70.0,21.424
106,10,0.780852,71.0,19.982212
106,10,0.79185,72.0,18.821997
106,10,0.802847,73.0,18.093003
106,10,0.813845,74.0,17.363994
106,10,0.824843,75.0,16.635
106,10,0.835841,76.0,15.906006
106,10,0.846839,77.0,15.176997
106,10,0.857837,78.0,14.448003
106,10,0.868835,79.0,13.718994
106,10,0.879833,80.0,12.99
106,10,0.890831,81.0,12.261006
106,10,0.901829,82.0,11.524647
106,10,0.912827,83.0,10.781478
106,10,0.923824,84.0,10.038294
106,10,0.934822,85.0,9.295125
106,10,0.94582,86.0,8.551956
106,10,0.956818,87.0,7.808772
106,10,0.967816,88.0,7.065603
106,10,0.978814,89.0,6.322419
106,10,0.989812,90.0,5.57925
106,10,1.00081,91.0,4.836081
106,10,1.011808,92.0,4.723772
106,10,1.022806,93.0,4.963299
106,10,1.033804,94.0,5.20283
106,10,1.044801,95.0,5.442357
106,10,1.055799,96.0,5.681884
106,10,1.066797,97.0,5.921415
106,10,1.077795,98.0,6.160942
106,10,1.088793,99.0,6.400473
106,10,1.099791,100.0,6.64
106,11,0.0,0.0,6.64
106,11,0.010998,1.0,7.131336
106,11,0.021996,2.0,7.622671
106,11,0.032994,3.0,8.113995
106,11,0.043992,4.0,8.605331
106,11,0.05499,5.0,9.096667
106,11,0.065987,6.0,9.588002
106,11,0.076985,7.0,10.079338
106,11,0.087983,8.0,10.570662
106,11,0.098981,9.0,11.067511
106,11,0.109979,10.0,11.682
106,11,0.120977,11.0,12.296489
106,11,0.131975,12.0,12.910977
106,11,0.142973,13.0,13.525451
106,11,0.153971,14.0,14.13994
106,11,0.164969,15.0,14.754429
106,11,0.175967,16.0,15.368917
106,11,0.186964,17.0,15.983406
106,11,0.197962,18.0,16.59788
106,11,0.20896,19.0,17.212368
106,11,0.219958,20.0,18.270286
106,11,0.230956,21.0,19.627521
106,11,0.241954,22.0,20.984756
106,11,0.252952,23.0,22.341958
106,11,0.26395,24.0,23.699193
106,11,0.274948,25.0,25.056429
106,11,0.285946,26.0,26.413664
106,11,0.296944,27.0,27.770899
106,11,0.307941,28.0,29.128101
106,11,0.318939,29.0,30.485336
106,11,0.329937,30.0,32.010571
106,11,0.340935,31.0,34.493412
106,11,0.351933,32.0,36.976253
106,11,0.362931,33.0,39.459033
106,11,0.373929,34.0,41.941874
106,11,0.384927,35.0,44.424714
106,11,0.395925,36.0,46.907555
106,11,0.406923,37.0,49.390396
106,11,0.417921,38.0,51.873176
106,11,0.428918,39.0,54.356017
106,11,0.439916,40.0,56.838857
106,11,0.450914,41.0,57.763301
106,11,0.461912,42.0,58.024603
106,11,0.47291,43.0,58.285897
106,11,0.483908,44.0,58.547199
106,11,0.494906,45.0,58.8085
106,11,0.505904,46.0,59.069801
106,11,0.516902,47.0,59.331103
106,11,0.5279,48.0,59.592397
106,11,0.538898,49.0,59.853699
106,11,0.549895,50.0,60.115
106,11,0.560893,51.0,59.702408
106,11,0.571891,52.0,57.307817
106,11,0.582889,53.0,54.913283
106,11,0.593887,54.0,52.518692
106,11,0.604885,55.0,50.1241
106,11,0.615883,56.0,47.729508
106,11,0.626881,57.0,45.334917
106,11,0.637879,58.0,42.940383
106,11,0.648877,59.0,40.631386
106,11,0.659875,60.0,38.345
106,11,0.670873,61.0,36.058614
106,11,0.68187,62.0,33.772228
106,11,0.692868,63.0,31.485897
106,11,0.703866,64.0,29.199511
106,11,0.714864,65.0,26.913125
106,11,0.725862,66.0,24.626739
106,11,0.73686,67.0,22.340353
106,11,0.747858,68.0,20.054022
106,11,0.758856,69.0,17.767636
106,11,0.769854,70.0,15.48125
106,11,0.780852,71.0,14.627947
106,11,0.79185,72.0,14.026061
106,11,0.802847,73.0,13.424189
106,11,0.813845,74.0,12.822303
106,11,0.824843,75.0,12.220417
106,11,0.835841,76.0,11.61853
106,11,0.846839,77.0,11.016644
106,11,0.857837,78.0,10.414773
106,11,0.868835,79.0,9.812886
106,11,0.879833,80.0,9.828857
106,11,0.890831,81.0,9.916915
106,11,0.901829,82.0,10.004972
106,11,0.912827,83.0,10.093028
106,11,0.923824,84.0,10.181085
106,11,0.934822,85.0,10.269143
106,11,0.94582,86.0,10.3572
106,11,0.956818,87.0,10.445258
106,11,0.967816,88.0,10.533313
106,11,0.978814,89.0,10.621371
106,11,0.989812,90.0,10.589429
106,11,1.00081,91.0,10.409485
106,11,1.011808,92.0,10.229541
106,11,1.022806,93.0,10.049602
106,11,1.033804,94.0,9.869658
106,11,1.044801,95.0,9.689714
106,11,1.055799,96.0,9.509771
106,11,1.066797,97.0,9.329827
106,11,1.077795,98.0,9.149887
106,11,1.088793,99.0,8.969944
106,11,1.099791,100.0,8.79
106,12,0.0,0.0,8.79
106,12,0.010998,1.0,8.813117
106,12,0.021996,2.0,8.836233
106,12,0.032994,3.0,8.85935
106,12,0.043992,4.0,8.882467
106,12,0.05499,5.0,8.905583
106,12,0.065987,6.0,8.9287
106,12,0.076985,7.0,8.951816
106,12,0.087983,8.0,8.974934
106,12,0.098981,9.0,9.327702
106,12,0.109979,10.0,9.773
106,12,0.120977,11.0,10.218298
106,12,0.131975,12.0,10.663596
106,12,0.142973,13.0,11.108904
106,12,0.153971,14.0,11.554202
106,12,0.164969,15.0,11.9995
106,12,0.175967,16.0,12.444798
106,12,0.186964,17.0,13.043844
106,12,0.197962,18.0,13.762906
106,12,0.20896,19.0,14.481953
106,12,0.219958,20.0,15.201
106,12,0.230956,21.0,15.920047
106,12,0.241954,22.0,16.639094
106,12,0.252952,23.0,17.358156
106,12,0.26395,24.0,18.077203
106,12,0.274948,25.0,18.96625
106,12,0.285946,26.0,20.181695
106,12,0.296944,27.0,21.397139
106,12,0.307941,28.0,22.612611
106,12,0.318939,29.0,23.828055
106,12,0.329937,30.0,25.0435
106,12,0.340935,31.0,26.258945
106,12,0.351933,32.0,27.474389
106,12,0.362931,33.0,28.689861
106,12,0.373929,34.0,29.905305
106,12,0.384927,35.0,31.12075
106,12,0.395925,36.0,32.919588
106,12,0.406923,37.0,35.656033
106,12,0.417921,38.0,38.392539
106,12,0.428918,39.0,41.128984
106,12,0.439916,40.0,43.865429
106,12,0.450914,41.0,46.601874
106,12,0.461912,42.0,49.338318
106,12,0.47291,43.0,52.074824
106,12,0.483908,44.0,54.811269
106,12,0.494906,45.0,57.547714
106,12,0.505904,46.0,58.315899
106,12,0.516902,47.0,58.575048
106,12,0.5279,48.0,58.834202
106,12,0.538898,49.0,59.093351
106,12,0.549895,50.0,59.3525
106,12,0.560893,51.0,59.611649
106,12,0.571891,52.0,59.870798
106,12,0.582889,53.0,60.129952
106,12,0.593887,54.0,60.389101
106,12,0.604885,55.0,60.64825
106,12,0.615883,56.0,60.907399
106,12,0.626881,57.0,58.904488
106,12,0.637879,58.0,56.456512
106,12,0.648877,59.0,54.008589
106,12,0.659875,60.0,51.560667
106,12,0.670873,61.0,49.112744
106,12,0.68187,62.0,46.664822
106,12,0.692868,63.0,44.216845
106,12,0.703866,64.0,41.768922
106,12,0.714864,65.0,39.100714
106,12,0.725862,66.0,36.295441
106,12,0.73686,67.0,33.490168
106,12,0.747858,68.0,30.684832
106,12,0.758856,69.0,27.879559
106,12,0.769854,70.0,25.074286
106,12,0.780852,71.0,22.269013
106,12,0.79185,72.0,19.463739
106,12,0.802847,73.0,16.658404
106,12,0.813845,74.0,13.914831
106,12,0.824843,75.0,13.36125
106,12,0.835841,76.0,12.807669
106,12,0.846839,77.0,12.254088
106,12,0.857837,78.0,11.700495
106,12,0.868835,79.0,11.146914
106,12,0.879833,80.0,10.593333
106,12,0.890831,81.0,10.039752
106,12,0.901829,82.0,9.486172
106,12,0.912827,83.0,9.677953
106,12,0.923824,84.0,10.046602
106,12,0.934822,85.0,10.41525
106,12,0.94582,86.0,10.783898
106,12,0.956818,87.0,11.152547
106,12,0.967816,88.0,11.521203
106,12,0.978814,89.0,11.889852
106,12,0.989812,90.0,12.2585
106,12,1.00081,91.0,11.888475
106,12,1.011808,92.0,11.003094
106,12,1.022806,93.0,10.117692
106,12,1.033804,94.0,9.23231
106,12,1.044801,95.0,8.346929
106,12,1.055799,96.0,7.461547
106,12,1.066797,97.0,6.576165
106,12,1.077795,98.0,5.690764
106,12,1.088793,99.0,4.805382
106,12,1.099791,100.0,3.92
107,2,0.0,0.0,6.51
107,2,0.010998,1.0,6.4224
107,2,0.021996,2.0,6.334801
107,2,0.032994,3.0,6.247199
107,2,0.043992,4.0,6.1596
107,2,0.05499,5.0,6.072
107,2,0.065987,6.0,5.9844
107,2,0.076985,7.0,6.011194
107,2,0.087983,8.0,6.682806
107,2,0.098981,9.0,7.354403
107,2,0.109979,10.0,8.026
107,2,0.120977,11.0,8.697597
107,2,0.131975,12.0,9.369194
107,2,0.142973,13.0,10.040806
107,2,0.153971,14.0,10.712403
107,2,0.164969,15.0,11.384
107,2,0.175967,16.0,11.635713
107,2,0.186964,17.0,11.856553
107,2,0.197962,18.0,12.077397
107,2,0.20896,19.0,12.298236
107,2,0.219958,20.0,12.519076
107,2,0.230956,21.0,12.739915
107,2,0.241954,22.0,12.960754
107,2,0.252952,23.0,13.181599
107,2,0.26395,24.0,13.402438
107,2,0.274948,25.0,13.623277
107,2,0.285946,26.0,13.90924
107,2,0.296944,27.0,15.148857
107,2,0.307941,28.0,16.388502
107,2,0.318939,29.0,17.628119
107,2,0.329937,30.0,18.867736
107,2,0.340935,31.0,20.107353
107,2,0.351933,32.0,21.34697
107,2,0.362931,33.0,22.586615
107,2,0.373929,34.0,23.826232
107,2,0.384927,35.0,25.065849
107,2,0.395925,36.0,26.905587
107,2,0.406923,37.0,29.709818
107,2,0.417921,38.0,32.514111
107,2,0.428918,39.0,35.318341
107,2,0.439916,40.0,38.122571
107,2,0.450914,41.0,40.926802
107,2,0.461912,42.0,43.731032
107,2,0.47291,43.0,46.535325
107,2,0.483908,44.0,49.339555
107,2,0.494906,45.0,52.143786
107,2,0.505904,46.0,54.159359
107,2,0.516902,47.0,55.970967
107,2,0.5279,48.0,57.782616
107,2,0.538898,49.0,59.594225
107,2,0.549895,50.0,61.405833
107,2,0.560893,51.0,63.217442
107,2,0.571891,52.0,65.029051
107,2,0.582889,53.0,66.840699
107,2,0.593887,54.0,66.107438
107,2,0.604885,55.0,63.495875
107,2,0.615883,56.0,60.884312
107,2,0.626881,57.0,58.272748
107,2,0.637879,58.0,55.661127
107,2,0.648877,59.0,53.142684
107,2,0.659875,60.0,51.502182
107,2,0.670873,61.0,49.86168
107,2,0.68187,62.0,48.221178
107,2,0.692868,63.0,46.58064
107,2,0.703866,64.0,44.940138
107,2,0.714864,65.0,43.299636
107,2,0.725862,66.0,41.659135
107,2,0.73686,67.0,40.018633
107,2,0.747858,68.0,38.378094
107,2,0.758856,69.0,36.737593
107,2,0.769854,70.0,35.097091
107,2,0.780852,71.0,33.456589
107,2,0.79185,72.0,31.816087
107,2,0.802847,73.0,30.175549
107,2,0.813845,74.0,28.482704
107,2,0.824843,75.0,24.932
107,2,0.835841,76.0,21.381296
107,2,0.846839,77.0,17.830592
107,2,0.857837,78.0,14.279808
107,2,0.868835,79.0,10.729104
107,2,0.879833,80.0,7.1784
107,2,0.890831,81.0,4.32537
107,2,0.901829,82.0,4.692454
107,2,0.912827,83.0,5.059546
107,2,0.923824,84.0,5.42663
107,2,0.934822,85.0,5.793714
107,2,0.94582,86.0,6.160798
107,2,0.956818,87.0,6.527882
107,2,0.967816,88.0,6.894975
107,2,0.978814,89.0,7.262059
107,2,0.989812,90.0,7.629143
107,2,1.00081,91.0,7.840814
107,2,1.011808,92.0,7.944056
107,2,1.022806,93.0,8.047301
107,2,1.033804,94.0,8.150543
107,2,1.044801,95.0,8.253786
107,2,1.055799,96.0,8.357028
107,2,1.066797,97.0,8.460271
107,2,1.077795,98.0,8.563515
107,2,1.088793,99.0,8.666758
107,2,1.099791,100.0,8.77
107,3,0.0,0.0,8.77
107,3,0.010998,1.0,8.39753
107,3,0.021996,2.0,8.025068
107,3,0.032994,3.0,7.652598
107,3,0.043992,4.0,7.280137
107,3,0.05499,5.0,6.907667
107,3,0.065987,6.0,6.535197
107,3,0.076985,7.0,6.162735
107,3,0.087983,8.0,5.790265
107,3,0.098981,9.0,5.846524
107,3,0.109979,10.0,5.95475
107,3,0.120977,11.0,6.062976
107,3,0.131975,12.0,6.1712
107,3,0.142973,13.0,6.279425
107,3,0.153971,14.0,6.387649
107,3,0.164969,15.0,6.495875
107,3,0.175967,16.0,6.604101
107,3,0.186964,17.0,6.712325
107,3,0.197962,18.0,6.82055
107,3,0.20896,19.0,6.947997
107,3,0.219958,20.0,7.293333
107,3,0.230956,21.0,7.63867
107,3,0.241954,22.0,7.983998
107,3,0.252952,23.0,8.329335
107,3,0.26395,24.0,8.674664
107,3,0.274948,25.0,9.02
107,3,0.285946,26.0,9.365336
107,3,0.296944,27.0,9.710665
107,3,0.307941,28.0,10.773605
107,3,0.318939,29.0,11.856457
107,3,0.329937,30.0,12.939333
107,3,0.340935,31.0,14.02221
107,3,0.351933,32.0,15.105062
107,3,0.362931,33.0,16.187938
107,3,0.373929,34.0,17.27079
107,3,0.384927,35.0,18.353667
107,3,0.395925,36.0,20.568288
107,3,0.406923,37.0,22.959689
107,3,0.417921,38.0,25.351144
107,3,0.428918,39.0,27.742546
107,3,0.439916,40.0,30.134
107,3,0.450914,41.0,32.525454
107,3,0.461912,42.0,34.916856
107,3,0.47291,43.0,37.308311
107,3,0.483908,44.0,39.961276
107,3,0.494906,45.0,42.698375
107,3,0.505904,46.0,45.435474
107,3,0.516902,47.0,48.172513
107,3,0.5279,48.0,50.909612
107,3,0.538898,49.0,53.646651
107,3,0.549895,50.0,56.38375
107,3,0.560893,51.0,59.120849
107,3,0.571891,52.0,61.857888
107,3,0.582889,53.0,64.594987
107,3,0.593887,54.0,67.332026
107,3,0.604885,55.0,67.10375
107,3,0.615883,56.0,66.705997
107,3,0.626881,57.0,66.308252
107,3,0.637879,58.0,65.910498
107,3,0.648877,59.0,65.512753
107,3,0.659875,60.0,65.115
107,3,0.670873,61.0,64.717247
107,3,0.68187,62.0,64.319502
107,3,0.692868,63.0,63.921748
107,3,0.703866,64.0,63.524003
107,3,0.714864,65.0,62.39225
107,3,0.725862,66.0,56.562849
107,3,0.73686,67.0,50.733576
107,3,0.747858,68.0,44.904174
107,3,0.758856,69.0,39.074901
107,3,0.769854,70.0,33.2455
107,3,0.780852,71.0,29.951429
107,3,0.79185,72.0,27.59641
107,3,0.802847,73.0,25.24134
107,3,0.813845,74.0,22.886321
107,3,0.824843,75.0,20.53125
107,3,0.835841,76.0,18.176179
107,3,0.846839,77.0,15.82116
107,3,0.857837,78.0,13.46609
107,3,0.868835,79.0,11.111071
107,3,0.879833,80.0,8.756
107,3,0.890831,81.0,6.400929
107,3,0.901829,82.0,6.857697
107,3,0.912827,83.0,7.562553
107,3,0.923824,84.0,8.267394
107,3,0.934822,85.0,8.97225
107,3,0.94582,86.0,9.677106
107,3,0.956818,87.0,9.9934
107,3,0.967816,88.0,9.9416
107,3,0.978814,89.0,9.8898
107,3,0.989812,90.0,9.838
107,3,1.00081,91.0,9.7862
107,3,1.011808,92.0,9.7344
107,3,1.022806,93.0,9.6826
107,3,1.033804,94.0,9.6308
107,3,1.044801,95.0,9.579
107,3,1.055799,96.0,9.5272
107,3,1.066797,97.0,9.4754
107,3,1.077795,98.0,9.4236
107,3,1.088793,99.0,9.3718
107,3,1.099791,100.0,9.32
107,4,0.0,0.0,9.32
107,4,0.010998,1.0,8.60836
107,4,0.021996,2.0,7.896736
107,4,0.032994,3.0,7.185097
107,4,0.043992,4.0,6.473473
107,4,0.05499,5.0,5.761833
107,4,0.065987,6.0,5.050194
107,4,0.076985,7.0,4.33857
107,4,0.087983,8.0,3.62693
107,4,0.098981,9.0,3.887917
107,4,0.109979,10.0,4.2668
107,4,0.120977,11.0,4.645683
107,4,0.131975,12.0,5.024558
107,4,0.142973,13.0,5.403442
107,4,0.153971,14.0,5.782317
107,4,0.164969,15.0,6.1612
107,4,0.175967,16.0,6.540083
107,4,0.186964,17.0,6.918958
107,4,0.197962,18.0,7.297842
107,4,0.20896,19.0,7.676717
107,4,0.219958,20.0,8.0556
107,4,0.230956,21.0,8.434483
107,4,0.241954,22.0,9.195694
107,4,0.252952,23.0,10.585056
107,4,0.26395,24.0,11.974388
107,4,0.274948,25.0,13.36375
107,4,0.285946,26.0,14.753112
107,4,0.296944,27.0,16.142444
107,4,0.307941,28.0,18.013608
107,4,0.318939,29.0,19.898117
107,4,0.329937,30.0,21.782667
107,4,0.340935,31.0,23.667217
107,4,0.351933,32.0,25.551725
107,4,0.362931,33.0,27.436275
107,4,0.373929,34.0,29.320783
107,4,0.384927,35.0,31.205333
107,4,0.395925,36.0,33.335219
107,4,0.406923,37.0,35.50339
107,4,0.417921,38.0,37.67161
107,4,0.428918,39.0,39.839781
107,4,0.439916,40.0,42.008
107,4,0.450914,41.0,44.176219
107,4,0.461912,42.0,46.34439
107,4,0.47291,43.0,48.51261
107,4,0.483908,44.0,50.680781
107,4,0.494906,45.0,52.849
107,4,0.505904,46.0,55.017219
107,4,0.516902,47.0,57.18539
107,4,0.5279,48.0,58.827366
107,4,0.538898,49.0,60.246668
107,4,0.549895,50.0,61.666
107,4,0.560893,51.0,63.085332
107,4,0.571891,52.0,64.504634
107,4,0.582889,53.0,65.923966
107,4,0.593887,54.0,67.343268
107,4,0.604885,55.0,65.618667
107,4,0.615883,56.0,63.714383
107,4,0.626881,57.0,61.810142
107,4,0.637879,58.0,59.905858
107,4,0.648877,59.0,58.001617
107,4,0.659875,60.0,56.097333
107,4,0.670873,61.0,54.19305
107,4,0.68187,62.0,52.288808
107,4,0.692868,63.0,48.562749
107,4,0.703866,64.0,44.484169
107,4,0.714864,65.0,40.4055
107,4,0.725862,66.0,36.326831
107,4,0.73686,67.0,32.248251
107,4,0.747858,68.0,28.169582
107,4,0.758856,69.0,24.091003
107,4,0.769854,70.0,20.012333
107,4,0.780852,71.0,18.587796
107,4,0.79185,72.0,18.146269
107,4,0.802847,73.0,17.704731
107,4,0.813845,74.0,17.263204
107,4,0.824843,75.0,16.821667
107,4,0.835841,76.0,16.380129
107,4,0.846839,77.0,15.938602
107,4,0.857837,78.0,15.497065
107,4,0.868835,79.0,14.998805
107,4,0.879833,80.0,14.466
107,4,0.890831,81.0,13.933195
107,4,0.901829,82.0,13.400402
107,4,0.912827,83.0,12.867598
107,4,0.923824,84.0,12.334805
107,4,0.934822,85.0,11.802
107,4,0.94582,86.0,11.269195
107,4,0.956818,87.0,10.736402
107,4,0.967816,88.0,10.203598
107,4,0.978814,89.0,9.670805
107,4,0.989812,90.0,9.46875
107,4,1.00081,91.0,9.343874
107,4,1.011808,92.0,9.219001
107,4,1.022806,93.0,9.094124
107,4,1.033804,94.0,8.969251
107,4,1.044801,95.0,8.844375
107,4,1.055799,96.0,8.719499
107,4,1.066797,97.0,8.594626
107,4,1.077795,98.0,8.469749
107,4,1.088793,99.0,8.344876
107,4,1.099791,100.0,8.22
107,5,0.0,0.0,8.22
107,5,0.010998,1.0,8.512801
107,5,0.021996,2.0,8.805603
107,5,0.032994,3.0,9.098397
107,5,0.043992,4.0,9.391199
107,5,0.05499,5.0,9.684
107,5,0.065987,6.0,9.976801
107,5,0.076985,7.0,10.269603
107,5,0.087983,8.0,10.562397
107,5,0.098981,9.0,11.157597
107,5,0.109979,10.0,11.904
107,5,0.120977,11.0,12.650403
107,5,0.131975,12.0,13.396807
107,5,0.142973,13.0,14.143193
107,5,0.153971,14.0,14.889597
107,5,0.164969,15.0,15.636
107,5,0.175967,16.0,16.382403
107,5,0.186964,17.0,16.99787
107,5,0.197962,18.0,17.351463
107,5,0.20896,19.0,17.705065
107,5,0.219958,20.0,18.058667
107,5,0.230956,21.0,18.412268
107,5,0.241954,22.0,18.76587
107,5,0.252952,23.0,19.119463
107,5,0.26395,24.0,19.473065
107,5,0.274948,25.0,19.826667
107,5,0.285946,26.0,20.180268
107,5,0.296944,27.0,20.53387
107,5,0.307941,28.0,20.887463
107,5,0.318939,29.0,21.241065
107,5,0.329937,30.0,22.572
107,5,0.340935,31.0,24.098407
107,5,0.351933,32.0,25.624814
107,5,0.362931,33.0,27.151186
107,5,0.373929,34.0,28.677593
107,5,0.384927,35.0,30.204
107,5,0.395925,36.0,31.730407
107,5,0.406923,37.0,33.256814
107,5,0.417921,38.0,35.221864
107,5,0.428918,39.0,37.625646
107,5,0.439916,40.0,40.029429
107,5,0.450914,41.0,42.433211
107,5,0.461912,42.0,44.836993
107,5,0.47291,43.0,47.240721
107,5,0.483908,44.0,49.644503
107,5,0.494906,45.0,52.048286
107,5,0.505904,46.0,54.452068
107,5,0.516902,47.0,56.85585
107,5,0.5279,48.0,58.028393
107,5,0.538898,49.0,58.849196
107,5,0.549895,50.0,59.67
107,5,0.560893,51.0,60.490804
107,5,0.571891,52.0,61.311607
107,5,0.582889,53.0,62.132393
107,5,0.593887,54.0,62.953196
107,5,0.604885,55.0,63.774
107,5,0.615883,56.0,64.594804
107,5,0.626881,57.0,65.24942
107,5,0.637879,58.0,63.07938
107,5,0.648877,59.0,60.90929
107,5,0.659875,60.0,58.7392
107,5,0.670873,61.0,56.56911
107,5,0.68187,62.0,54.39902
107,5,0.692868,63.0,52.22898
107,5,0.703866,64.0,50.012512
107,5,0.714864,65.0,47.425
107,5,0.725862,66.0,44.837488
107,5,0.73686,67.0,42.249977
107,5,0.747858,68.0,39.662523
107,5,0.758856,69.0,37.075012
107,5,0.769854,70.0,34.4875
107,5,0.780852,71.0,31.899988
107,5,0.79185,72.0,29.312477
107,5,0.802847,73.0,26.725023
107,5,0.813845,74.0,24.137512
107,5,0.824843,75.0,21.55
107,5,0.835841,76.0,19.479991
107,5,0.846839,77.0,17.409981
107,5,0.857837,78.0,15.340019
107,5,0.868835,79.0,13.270009
107,5,0.879833,80.0,11.2
107,5,0.890831,81.0,9.129991
107,5,0.901829,82.0,7.059981
107,5,0.912827,83.0,4.990019
107,5,0.923824,84.0,4.676797
107,5,0.934822,85.0,5.242
107,5,0.94582,86.0,5.807203
107,5,0.956818,87.0,6.372405
107,5,0.967816,88.0,6.937595
107,5,0.978814,89.0,7.421101
107,5,0.989812,90.0,7.251
107,5,1.00081,91.0,7.080899
107,5,1.011808,92.0,6.910798
107,5,1.022806,93.0,6.740702
107,5,1.033804,94.0,6.570601
107,5,1.044801,95.0,6.4005
107,5,1.055799,96.0,6.230399
107,5,1.066797,97.0,6.060298
107,5,1.077795,98.0,5.890202
107,5,1.088793,99.0,5.720101
107,5,1.099791,100.0,5.55
107,6,0.0,0.0,5.55
107,6,0.010998,1.0,5.129154
107,6,0.021996,2.0,4.708298
107,6,0.032994,3.0,4.287452
107,6,0.043992,4.0,3.866596
107,6,0.05499,5.0,3.44575
107,6,0.065987,6.0,3.024904
107,6,0.076985,7.0,2.604048
107,6,0.087983,8.0,2.183202
107,6,0.098981,9.0,1.762346
107,6,0.109979,10.0,1.3415
107,6,0.120977,11.0,1.371481
107,6,0.131975,12.0,1.902402
107,6,0.142973,13.0,2.433312
107,6,0.153971,14.0,2.964233
107,6,0.164969,15.0,3.495143
107,6,0.175967,16.0,4.026053
107,6,0.186964,17.0,4.556974
107,6,0.197962,18.0,5.087883
107,6,0.20896,19.0,5.618805
107,6,0.219958,20.0,6.12625
107,6,0.230956,21.0,6.567996
107,6,0.241954,22.0,7.009752
107,6,0.252952,23.0,7.451498
107,6,0.26395,24.0,7.893254
107,6,0.274948,25.0,8.335
107,6,0.285946,26.0,8.776746
107,6,0.296944,27.0,9.218502
107,6,0.307941,28.0,9.660248
107,6,0.318939,29.0,10.102004
107,6,0.329937,30.0,10.54375
107,6,0.340935,31.0,11.191994
107,6,0.351933,32.0,11.914003
107,6,0.362931,33.0,12.635997
107,6,0.373929,34.0,13.358006
107,6,0.384927,35.0,14.08
107,6,0.395925,36.0,14.801994
107,6,0.406923,37.0,15.898113
107,6,0.417921,38.0,18.989387
107,6,0.428918,39.0,22.080726
107,6,0.439916,40.0,25.172
107,6,0.450914,41.0,28.263274
107,6,0.461912,42.0,31.354613
107,6,0.47291,43.0,32.899234
107,6,0.483908,44.0,34.261932
107,6,0.494906,45.0,35.6246
107,6,0.505904,46.0,36.987268
107,6,0.516902,47.0,38.349966
107,6,0.5279,48.0,39.712634
107,6,0.538898,49.0,41.075332
107,6,0.549895,50.0,42.438
107,6,0.560893,51.0,43.800668
107,6,0.571891,52.0,45.163366
107,6,0.582889,53.0,46.526034
107,6,0.593887,54.0,47.888732
107,6,0.604885,55.0,49.2514
107,6,0.615883,56.0,50.743053
107,6,0.626881,57.0,52.280807
107,6,0.637879,58.0,53.818527
107,6,0.648877,59.0,55.35628
107,6,0.659875,60.0,56.894
107,6,0.670873,61.0,58.43172
107,6,0.68187,62.0,59.969473
107,6,0.692868,63.0,61.507193
107,6,0.703866,64.0,60.247585
107,6,0.714864,65.0,58.4635
107,6,0.725862,66.0,56.679415
107,6,0.73686,67.0,54.895292
107,6,0.747858,68.0,53.111208
107,6,0.758856,69.0,51.327085
107,6,0.769854,70.0,49.543
107,6,0.780852,71.0,47.758915
107,6,0.79185,72.0,45.974792
107,6,0.802847,73.0,44.190708
107,6,0.813845,74.0,41.733966
107,6,0.824843,75.0,37.82
107,6,0.835841,76.0,33.906034
107,6,0.846839,77.0,29.991983
107,6,0.857837,78.0,26.078017
107,6,0.868835,79.0,22.163966
107,6,0.879833,80.0,18.25
107,6,0.890831,81.0,14.336034
107,6,0.901829,82.0,11.73133
107,6,0.912827,83.0,10.927003
107,6,0.923824,84.0,10.12266
107,6,0.934822,85.0,9.318333
107,6,0.94582,86.0,8.514007
107,6,0.956818,87.0,7.709663
107,6,0.967816,88.0,6.905337
107,6,0.978814,89.0,6.100993
107,6,0.989812,90.0,5.795
107,6,1.00081,91.0,5.937499
107,6,1.011808,92.0,6.080001
107,6,1.022806,93.0,6.222499
107,6,1.033804,94.0,6.365001
107,6,1.044801,95.0,6.5075
107,6,1.055799,96.0,6.649999
107,6,1.066797,97.0,6.792501
107,6,1.077795,98.0,6.934999
107,6,1.088793,99.0,7.077501
107,6,1.099791,100.0,7.22
107,7,0.0,0.0,7.22
107,7,0.010998,1.0,6.841615
107,7,0.021996,2.0,6.463239
107,7,0.032994,3.0,6.084855
107,7,0.043992,4.0,5.706478
107,7,0.05499,5.0,5.328094
107,7,0.065987,6.0,4.949709
107,7,0.076985,7.0,4.571333
107,7,0.087983,8.0,4.192949
107,7,0.098981,9.0,3.814572
107,7,0.109979,10.0,3.436188
107,7,0.120977,11.0,3.057803
107,7,0.131975,12.0,2.679427
107,7,0.142973,13.0,2.301043
107,7,0.153971,14.0,1.922666
107,7,0.164969,15.0,1.544282
107,7,0.175967,16.0,1.165897
107,7,0.186964,17.0,2.169521
107,7,0.197962,18.0,3.7834
107,7,0.20896,19.0,5.397244
107,7,0.219958,20.0,7.011124
107,7,0.230956,21.0,8.625003
107,7,0.241954,22.0,10.238847
107,7,0.252952,23.0,11.852726
107,7,0.26395,24.0,13.46657
107,7,0.274948,25.0,14.259375
107,7,0.285946,26.0,14.658054
107,7,0.296944,27.0,15.056723
107,7,0.307941,28.0,15.455402
107,7,0.318939,29.0,15.854071
107,7,0.329937,30.0,16.25275
107,7,0.340935,31.0,16.651429
107,7,0.351933,32.0,17.050098
107,7,0.362931,33.0,17.448777
107,7,0.373929,34.0,17.847446
107,7,0.384927,35.0,18.246125
107,7,0.395925,36.0,19.802415
107,7,0.406923,37.0,21.539542
107,7,0.417921,38.0,23.276708
107,7,0.428918,39.0,25.013835
107,7,0.439916,40.0,26.751
107,7,0.450914,41.0,28.488165
107,7,0.461912,42.0,30.225292
107,7,0.47291,43.0,31.962458
107,7,0.483908,44.0,33.699585
107,7,0.494906,45.0,35.43675
107,7,0.505904,46.0,37.227024
107,7,0.516902,47.0,39.946488
107,7,0.5279,48.0,42.666012
107,7,0.538898,49.0,45.385476
107,7,0.549895,50.0,48.105
107,7,0.560893,51.0,50.824524
107,7,0.571891,52.0,53.543988
107,7,0.582889,53.0,56.263512
107,7,0.593887,54.0,58.982976
107,7,0.604885,55.0,61.7025
107,7,0.615883,56.0,64.422024
107,7,0.626881,57.0,66.50475
107,7,0.637879,58.0,66.6065
107,7,0.648877,59.0,66.708249
107,7,0.659875,60.0,66.81
107,7,0.670873,61.0,66.911751
107,7,0.68187,62.0,67.0135
107,7,0.692868,63.0,63.27743
107,7,0.703866,64.0,58.798639
107,7,0.714864,65.0,54.31975
107,7,0.725862,66.0,49.840861
107,7,0.73686,67.0,45.36207
107,7,0.747858,68.0,41.85967
107,7,0.758856,69.0,39.63896
107,7,0.769854,70.0,37.4182
107,7,0.780852,71.0,35.19744
107,7,0.79185,72.0,32.97673
107,7,0.802847,73.0,30.75597
107,7,0.813845,74.0,28.53526
107,7,0.824843,75.0,26.3145
107,7,0.835841,76.0,24.09374
107,7,0.846839,77.0,21.87303
107,7,0.857837,78.0,19.65227
107,7,0.868835,79.0,17.43156
107,7,0.879833,80.0,15.2108
107,7,0.890831,81.0,12.99004
107,7,0.901829,82.0,12.368002
107,7,0.912827,83.0,11.886998
107,7,0.923824,84.0,11.406004
107,7,0.934822,85.0,10.925
107,7,0.94582,86.0,10.443996
107,7,0.956818,87.0,9.963002
107,7,0.967816,88.0,9.481998
107,7,0.978814,89.0,9.001004
107,7,0.989812,90.0,8.99475
107,7,1.00081,91.0,9.099276
107,7,1.011808,92.0,9.2038
107,7,1.022806,93.0,9.308325
107,7,1.033804,94.0,9.412849
107,7,1.044801,95.0,9.517375
107,7,1.055799,96.0,9.621901
107,7,1.066797,97.0,9.726425
107,7,1.077795,98.0,9.83095
107,7,1.088793,99.0,9.935474
107,7,1.099791,100.0,10.04
107,8,0.0,0.0,10.04
107,8,0.010998,1.0,9.635167
107,8,0.021996,2.0,9.230333
107,8,0.032994,3.0,8.8255
107,8,0.043992,4.0,8.420667
107,8,0.05499,5.0,8.015833
107,8,0.065987,6.0,7.611
107,8,0.076985,7.0,7.206167
107,8,0.087983,8.0,6.801333
107,8,0.098981,9.0,6.662333
107,8,0.109979,10.0,6.877778
107,8,0.120977,11.0,7.093222
107,8,0.131975,12.0,7.308667
107,8,0.142973,13.0,7.524111
107,8,0.153971,14.0,7.739556
107,8,0.164969,15.0,7.955
107,8,0.175967,16.0,8.170444
107,8,0.186964,17.0,8.385889
107,8,0.197962,18.0,8.601333
107,8,0.20896,19.0,8.816778
107,8,0.219958,20.0,9.032222
107,8,0.230956,21.0,9.247667
107,8,0.241954,22.0,9.88
107,8,0.252952,23.0,10.825
107,8,0.26395,24.0,11.77
107,8,0.274948,25.0,12.715
107,8,0.285946,26.0,13.66
107,8,0.296944,27.0,14.605
107,8,0.307941,28.0,15.55
107,8,0.318939,29.0,16.558708
107,8,0.329937,30.0,17.694831
107,8,0.340935,31.0,18.830955
107,8,0.351933,32.0,19.967079
107,8,0.362931,33.0,21.103202
107,8,0.373929,34.0,22.239326
107,8,0.384927,35.0,23.375449
107,8,0.395925,36.0,24.511573
107,8,0.406923,37.0,25.647697
107,8,0.417921,38.0,28.391
107,8,0.428918,39.0,31.402167
107,8,0.439916,40.0,34.413333
107,8,0.450914,41.0,37.4245
107,8,0.461912,42.0,40.435667
107,8,0.47291,43.0,43.446833
107,8,0.483908,44.0,46.458
107,8,0.494906,45.0,49.469167
107,8,0.505904,46.0,52.008
107,8,0.516902,47.0,53.366
107,8,0.5279,48.0,54.724
107,8,0.538898,49.0,56.082
107,8,0.549895,50.0,57.44
107,8,0.560893,51.0,58.798
107,8,0.571891,52.0,60.156
107,8,0.582889,53.0,61.514
107,8,0.593887,54.0,62.872
107,8,0.604885,55.0,63.176667
107,8,0.615883,56.0,63.06
107,8,0.626881,57.0,62.943333
107,8,0.637879,58.0,62.826667
107,8,0.648877,59.0,62.71
107,8,0.659875,60.0,62.593333
107,8,0.670873,61.0,62.476667
107,8,0.68187,62.0,62.36
107,8,0.692868,63.0,62.243333
107,8,0.703866,64.0,62.126667
107,8,0.714864,65.0,62.01
107,8,0.725862,66.0,61.893333
107,8,0.73686,67.0,61.776667
107,8,0.747858,68.0,58.617
107,8,0.758856,69.0,54.950167
107,8,0.769854,70.0,51.283333
107,8,0.780852,71.0,47.6165
107,8,0.79185,72.0,43.949667
107,8,0.802847,73.0,40.282833
107,8,0.813845,74.0,36.616
107,8,0.824843,75.0,32.949167
107,8,0.835841,76.0,29.691
107,8,0.846839,77.0,27.4545
107,8,0.857837,78.0,25.218
107,8,0.868835,79.0,22.9815
107,8,0.879833,80.0,20.745
107,8,0.890831,81.0,18.5085
107,8,0.901829,82.0,16.272
107,8,0.912827,83.0,14.0355
107,8,0.923824,84.0,11.799
107,8,0.934822,85.0,9.5625
107,8,0.94582,86.0,7.326
107,8,0.956818,87.0,5.0895
107,8,0.967816,88.0,5.3988
107,8,0.978814,89.0,6.1324
107,8,0.989812,90.0,6.866
107,8,1.00081,91.0,7.5996
107,8,1.011808,92.0,8.3332
107,8,1.022806,93.0,9.0668
107,8,1.033804,94.0,9.8004
107,8,1.044801,95.0,10.0475
107,8,1.055799,96.0,10.1
107,8,1.066797,97.0,10.1525
107,8,1.077795,98.0,10.205
107,8,1.088793,99.0,10.2575
107,8,1.099791,100.0,10.31
107,9,0.0,0.0,10.31
107,9,0.010998,1.0,9.925768
107,9,0.021996,2.0,9.541537
107,9,0.032994,3.0,9.157313
107,9,0.043992,4.0,8.773082
107,9,0.05499,5.0,8.38885
107,9,0.065987,6.0,8.004618
107,9,0.076985,7.0,7.620387
107,9,0.087983,8.0,7.236163
107,9,0.098981,9.0,6.851932
107,9,0.109979,10.0,6.4677
107,9,0.120977,11.0,6.083468
107,9,0.131975,12.0,5.699237
107,9,0.142973,13.0,5.327445
107,9,0.153971,14.0,5.901098
107,9,0.164969,15.0,6.47475
107,9,0.175967,16.0,7.048402
107,9,0.186964,17.0,7.622055
107,9,0.197962,18.0,8.195695
107,9,0.20896,19.0,8.769348
107,9,0.219958,20.0,9.343
107,9,0.230956,21.0,9.856544
107,9,0.241954,22.0,10.157945
107,9,0.252952,23.0,10.45934
107,9,0.26395,24.0,10.760742
107,9,0.274948,25.0,11.062143
107,9,0.285946,26.0,11.363544
107,9,0.296944,27.0,11.664945
107,9,0.307941,28.0,11.96634
107,9,0.318939,29.0,12.267742
107,9,0.329937,30.0,12.624857
107,9,0.340935,31.0,13.35526
107,9,0.351933,32.0,14.085663
107,9,0.362931,33.0,14.816051
107,9,0.373929,34.0,15.546454
107,9,0.384927,35.0,16.276857
107,9,0.395925,36.0,17.00726
107,9,0.406923,37.0,17.737663
107,9,0.417921,38.0,18.468051
107,9,0.428918,39.0,19.271289
107,9,0.439916,40.0,21.871333
107,9,0.450914,41.0,24.471378
107,9,0.461912,42.0,27.071422
107,9,0.47291,43.0,29.671411
107,9,0.483908,44.0,32.271456
107,9,0.494906,45.0,34.8715
107,9,0.505904,46.0,37.471544
107,9,0.516902,47.0,39.972469
107,9,0.5279,48.0,42.170781
107,9,0.538898,49.0,44.369141
107,9,0.549895,50.0,46.5675
107,9,0.560893,51.0,48.765859
107,9,0.571891,52.0,50.964219
107,9,0.582889,53.0,53.162531
107,9,0.593887,54.0,55.360891
107,9,0.604885,55.0,56.802375
107,9,0.615883,56.0,57.335602
107,9,0.626881,57.0,57.86883
107,9,0.637879,58.0,58.402045
107,9,0.648877,59.0,58.935273
107,9,0.659875,60.0,59.4685
107,9,0.670873,61.0,60.001727
107,9,0.68187,62.0,60.534955
107,9,0.692868,63.0,61.06817
107,9,0.703866,64.0,61.601398
107,9,0.714864,65.0,61.8875
107,9,0.725862,66.0,58.614986
107,9,0.73686,67.0,55.342472
107,9,0.747858,68.0,52.070028
107,9,0.758856,69.0,48.797514
107,9,0.769854,70.0,45.525
107,9,0.780852,71.0,42.252486
107,9,0.79185,72.0,38.979972
107,9,0.802847,73.0,35.785575
107,9,0.813845,74.0,32.799246
107,9,0.824843,75.0,29.812917
107,9,0.835841,76.0,26.826587
107,9,0.846839,77.0,23.840258
107,9,0.857837,78.0,20.853992
107,9,0.868835,79.0,17.867663
107,9,0.879833,80.0,14.881333
107,9,0.890831,81.0,13.23051
107,9,0.901829,82.0,13.023465
107,9,0.912827,83.0,12.816424
107,9,0.923824,84.0,12.609379
107,9,0.934822,85.0,12.402333
107,9,0.94582,86.0,12.195288
107,9,0.956818,87.0,11.988243
107,9,0.967816,88.0,11.781202
107,9,0.978814,89.0,11.574156
107,9,0.989812,90.0,11.367111
107,9,1.00081,91.0,11.160066
107,9,1.011808,92.0,10.95302
107,9,1.022806,93.0,11.138748
107,9,1.033804,94.0,11.427499
107,9,1.044801,95.0,11.71625
107,9,1.055799,96.0,12.005001
107,9,1.066797,97.0,12.293752
107,9,1.077795,98.0,12.582498
107,9,1.088793,99.0,12.871249
107,9,1.099791,100.0,13.16
107,10,0.0,0.0,13.16
107,10,0.010998,1.0,12.88573
107,10,0.021996,2.0,12.61146
107,10,0.032994,3.0,12.337183
107,10,0.043992,4.0,12.062913
107,10,0.05499,5.0,11.788643
107,10,0.065987,6.0,11.514373
107,10,0.076985,7.0,11.240102
107,10,0.087983,8.0,10.965826
107,10,0.098981,9.0,10.691556
107,10,0.109979,10.0,10.462
107,10,0.120977,11.0,10.296534
107,10,0.131975,12.0,10.131068
107,10,0.142973,13.0,9.965599
107,10,0.153971,14.0,9.800133
107,10,0.164969,15.0,9.634667
107,10,0.175967,16.0,9.469201
107,10,0.186964,17.0,9.303735
107,10,0.197962,18.0,9.368109
107,10,0.20896,19.0,10.401055
107,10,0.219958,20.0,11.434
107,10,0.230956,21.0,12.466945
107,10,0.241954,22.0,13.499891
107,10,0.252952,23.0,14.532859
107,10,0.26395,24.0,15.290203
107,10,0.274948,25.0,15.93625
107,10,0.285946,26.0,16.582297
107,10,0.296944,27.0,17.228344
107,10,0.307941,28.0,17.874406
107,10,0.318939,29.0,18.520453
107,10,0.329937,30.0,19.1665
107,10,0.340935,31.0,19.812547
107,10,0.351933,32.0,20.458594
107,10,0.362931,33.0,21.104656
107,10,0.373929,34.0,21.750703
107,10,0.384927,35.0,22.39675
107,10,0.395925,36.0,23.042797
107,10,0.406923,37.0,23.724205
107,10,0.417921,38.0,26.953295
107,10,0.428918,39.0,30.182314
107,10,0.439916,40.0,33.411333
107,10,0.450914,41.0,36.640352
107,10,0.461912,42.0,39.869371
107,10,0.47291,43.0,43.098462
107,10,0.483908,44.0,46.327481
107,10,0.494906,45.0,49.5565
107,10,0.505904,46.0,51.797591
107,10,0.516902,47.0,53.783182
107,10,0.5279,48.0,55.768818
107,10,0.538898,49.0,57.754409
107,10,0.549895,50.0,59.74
107,10,0.560893,51.0,61.725591
107,10,0.571891,52.0,63.711182
107,10,0.582889,53.0,65.696818
107,10,0.593887,54.0,67.682409
107,10,0.604885,55.0,68.9303
107,10,0.615883,56.0,67.325767
107,10,0.626881,57.0,65.721234
107,10,0.637879,58.0,64.116666
107,10,0.648877,59.0,62.512133
107,10,0.659875,60.0,60.9076
107,10,0.670873,61.0,59.303067
107,10,0.68187,62.0,57.310624
107,10,0.692868,63.0,54.616876
107,10,0.703866,64.0,51.923188
107,10,0.714864,65.0,49.2295
107,10,0.725862,66.0,46.535812
107,10,0.73686,67.0,43.842124
107,10,0.747858,68.0,41.148376
107,10,0.758856,69.0,38.454688
107,10,0.769854,70.0,35.761
107,10,0.780852,71.0,33.067312
107,10,0.79185,72.0,30.373624
107,10,0.802847,73.0,27.76289
107,10,0.813845,74.0,25.278164
107,10,0.824843,75.0,22.793437
107,10,0.835841,76.0,20.308711
107,10,0.846839,77.0,17.823985
107,10,0.857837,78.0,15.339203
107,10,0.868835,79.0,12.854476
107,10,0.879833,80.0,10.36975
107,10,0.890831,81.0,7.885024
107,10,0.901829,82.0,5.400297
107,10,0.912827,83.0,2.915515
107,10,0.923824,84.0,2.044805
107,10,0.934822,85.0,3.242
107,10,0.94582,86.0,4.439195
107,10,0.956818,87.0,5.636389
107,10,0.967816,88.0,6.833611
107,10,0.978814,89.0,8.030805
107,10,0.989812,90.0,9.228
107,10,1.00081,91.0,10.425195
107,10,1.011808,92.0,11.386666
107,10,1.022806,93.0,11.508334
107,10,1.033804,94.0,11.630001
107,10,1.044801,95.0,11.751667
107,10,1.055799,96.0,11.873333
107,10,1.066797,97.0,11.994999
107,10,1.077795,98.0,12.116668
107,10,1.088793,99.0,12.238334
107,10,1.099791,100.0,12.36
107,11,0.0,0.0,12.36
107,11,0.010998,1.0,12.504301
107,11,0.021996,2.0,12.648599
107,11,0.032994,3.0,12.792901
107,11,0.043992,4.0,12.937199
107,11,0.05499,5.0,13.0815
107,11,0.065987,6.0,13.225801
107,11,0.076985,7.0,13.370099
107,11,0.087983,8.0,13.514401
107,11,0.098981,9.0,13.251978
107,11,0.109979,10.0,12.94025
107,11,0.120977,11.0,12.628522
107,11,0.131975,12.0,12.316801
107,11,0.142973,13.0,12.005074
107,11,0.153971,14.0,11.693353
107,11,0.164969,15.0,11.381625
107,11,0.175967,16.0,11.069897
107,11,0.186964,17.0,10.758176
107,11,0.197962,18.0,10.446449
107,11,0.20896,19.0,10.186826
107,11,0.219958,20.0,10.517714
107,11,0.230956,21.0,10.848603
107,11,0.241954,22.0,11.179484
107,11,0.252952,23.0,11.510373
107,11,0.26395,24.0,11.841254
107,11,0.274948,25.0,12.172143
107,11,0.285946,26.0,12.503031
107,11,0.296944,27.0,12.833913
107,11,0.307941,28.0,13.164801
107,11,0.318939,29.0,13.848564
107,11,0.329937,30.0,14.747143
107,11,0.340935,31.0,15.645722
107,11,0.351933,32.0,16.544282
107,11,0.362931,33.0,17.442861
107,11,0.373929,34.0,18.341421
107,11,0.384927,35.0,19.24
107,11,0.395925,36.0,20.138579
107,11,0.406923,37.0,21.037139
107,11,0.417921,38.0,22.278413
107,11,0.428918,39.0,25.290174
107,11,0.439916,40.0,28.302
107,11,0.450914,41.0,31.313826
107,11,0.461912,42.0,34.325587
107,11,0.47291,43.0,37.337413
107,11,0.483908,44.0,40.349174
107,11,0.494906,45.0,43.361
107,11,0.505904,46.0,46.372826
107,11,0.516902,47.0,49.384587
107,11,0.5279,48.0,52.396413
107,11,0.538898,49.0,55.408174
107,11,0.549895,50.0,58.42
107,11,0.560893,51.0,61.175291
107,11,0.571891,52.0,63.930521
107,11,0.582889,53.0,66.685812
107,11,0.593887,54.0,69.441042
107,11,0.604885,55.0,69.184875
107,11,0.615883,56.0,68.756596
107,11,0.626881,57.0,68.328327
107,11,0.637879,58.0,67.900048
107,11,0.648877,59.0,67.471779
107,11,0.659875,60.0,67.0435
107,11,0.670873,61.0,66.615221
107,11,0.68187,62.0,66.186952
107,11,0.692868,63.0,65.758673
107,11,0.703866,64.0,65.330404
107,11,0.714864,65.0,64.483167
107,11,0.725862,66.0,60.954569
107,11,0.73686,67.0,57.426049
107,11,0.747858,68.0,53.897451
107,11,0.758856,69.0,50.368931
107,11,0.769854,70.0,46.840333
107,11,0.780852,71.0,43.311736
107,11,0.79185,72.0,39.783216
107,11,0.802847,73.0,36.271873
107,11,0.813845,74.0,33.381683
107,11,0.824843,75.0,30.491429
107,11,0.835841,76.0,27.601175
107,11,0.846839,77.0,24.710984
107,11,0.857837,78.0,21.82073
107,11,0.868835,79.0,18.93054
107,11,0.879833,80.0,16.040286
107,11,0.890831,81.0,13.150032
107,11,0.901829,82.0,10.259841
107,11,0.912827,83.0,8.9812
107,11,0.923824,84.0,8.930458
107,11,0.934822,85.0,8.879714
107,11,0.94582,86.0,8.828971
107,11,0.956818,87.0,8.778229
107,11,0.967816,88.0,8.727485
107,11,0.978814,89.0,8.676743
107,11,0.989812,90.0,8.626
107,11,1.00081,91.0,8.575257
107,11,1.011808,92.0,8.517467
107,11,1.022806,93.0,8.401533
107,11,1.033804,94.0,8.285601
107,11,1.044801,95.0,8.169667
107,11,1.055799,96.0,8.053732
107,11,1.066797,97.0,7.937801
107,11,1.077795,98.0,7.821866
107,11,1.088793,99.0,7.705934
107,11,1.099791,100.0,7.59
108,2,0.0,0.0,8.76
108,2,0.010998,1.0,8.591053
108,2,0.021996,2.0,8.42211
108,2,0.032994,3.0,8.253162
108,2,0.043992,4.0,8.084219
108,2,0.05499,5.0,7.915272
108,2,0.065987,6.0,7.746329
108,2,0.076985,7.0,7.577382
108,2,0.087983,8.0,7.408438
108,2,0.098981,9.0,7.239491
108,2,0.109979,10.0,7.070544
108,2,0.120977,11.0,6.995018
108,2,0.131975,12.0,7.683844
108,2,0.142973,13.0,8.372656
108,2,0.153971,14.0,9.061482
108,2,0.164969,15.0,9.750294
108,2,0.175967,16.0,10.439121
108,2,0.186964,17.0,10.815766
108,2,0.197962,18.0,11.063886
108,2,0.20896,19.0,11.312012
108,2,0.219958,20.0,11.560132
108,2,0.230956,21.0,11.808258
108,2,0.241954,22.0,12.056378
108,2,0.252952,23.0,12.304504
108,2,0.26395,24.0,12.552624
108,2,0.274948,25.0,12.80075
108,2,0.285946,26.0,13.048876
108,2,0.296944,27.0,13.296996
108,2,0.307941,28.0,13.545122
108,2,0.318939,29.0,13.793242
108,2,0.329937,30.0,14.343824
108,2,0.340935,31.0,16.052891
108,2,0.351933,32.0,17.761996
108,2,0.362931,33.0,19.471064
108,2,0.373929,34.0,21.180168
108,2,0.384927,35.0,22.889273
108,2,0.395925,36.0,24.956739
108,2,0.406923,37.0,27.110248
108,2,0.417921,38.0,29.26371
108,2,0.428918,39.0,31.417219
108,2,0.439916,40.0,33.570681
108,2,0.450914,41.0,35.72419
108,2,0.461912,42.0,37.877699
108,2,0.47291,43.0,40.031161
108,2,0.483908,44.0,42.18467
108,2,0.494906,45.0,44.338132
108,2,0.505904,46.0,46.491485
108,2,0.516902,47.0,48.615937
108,2,0.5279,48.0,50.740437
108,2,0.538898,49.0,52.864889
108,2,0.549895,50.0,54.989389
108,2,0.560893,51.0,57.113888
108,2,0.571891,52.0,59.238341
108,2,0.582889,53.0,61.36284
108,2,0.593887,54.0,63.487293
108,2,0.604885,55.0,62.977284
108,2,0.615883,56.0,62.18941
108,2,0.626881,57.0,61.401518
108,2,0.637879,58.0,60.613643
108,2,0.648877,59.0,59.825752
108,2,0.659875,60.0,59.03786
108,2,0.670873,61.0,58.249985
108,2,0.68187,62.0,57.462093
108,2,0.692868,63.0,56.674219
108,2,0.703866,64.0,55.886327
108,2,0.714864,65.0,54.806605
108,2,0.725862,66.0,51.198941
108,2,0.73686,67.0,47.591277
108,2,0.747858,68.0,43.983692
108,2,0.758856,69.0,40.376028
108,2,0.769854,70.0,36.768443
108,2,0.780852,71.0,33.160779
108,2,0.79185,72.0,29.553194
108,2,0.802847,73.0,26.11494
108,2,0.813845,74.0,24.334607
108,2,0.824843,75.0,22.554236
108,2,0.835841,76.0,20.773864
108,2,0.846839,77.0,18.993531
108,2,0.857837,78.0,17.213159
108,2,0.868835,79.0,15.432827
108,2,0.879833,80.0,13.652455
108,2,0.890831,81.0,11.872122
108,2,0.901829,82.0,10.091751
108,2,0.912827,83.0,8.311418
108,2,0.923824,84.0,6.8844
108,2,0.934822,85.0,6.856625
108,2,0.94582,86.0,6.82885
108,2,0.956818,87.0,6.801075
108,2,0.967816,88.0,6.7733
108,2,0.978814,89.0,6.745525
108,2,0.989812,90.0,6.85644
108,2,1.00081,91.0,7.001798
108,2,1.011808,92.0,7.147155
108,2,1.022806,93.0,7.292509
108,2,1.033804,94.0,7.437866
108,2,1.044801,95.0,7.58322
108,2,1.055799,96.0,7.728577
108,2,1.066797,97.0,7.873931
108,2,1.077795,98.0,8.019289
108,2,1.088793,99.0,8.164643
108,2,1.099791,100.0,8.31
108,3,0.0,0.0,8.31
108,3,0.010998,1.0,7.798647
108,3,0.021996,2.0,7.287306
108,3,0.032994,3.0,6.775953
108,3,0.043992,4.0,6.264611
108,3,0.05499,5.0,5.753258
108,3,0.065987,6.0,5.241906
108,3,0.076985,7.0,4.730564
108,3,0.087983,8.0,4.219211
108,3,0.098981,9.0,4.442411
108,3,0.109979,10.0,4.679091
108,3,0.120977,11.0,4.915771
108,3,0.131975,12.0,5.152445
108,3,0.142973,13.0,5.389125
108,3,0.153971,14.0,5.6258
108,3,0.164969,15.0,5.862479
108,3,0.175967,16.0,6.099159
108,3,0.186964,17.0,6.335834
108,3,0.197962,18.0,6.572513
108,3,0.20896,19.0,6.810698
108,3,0.219958,20.0,7.066
108,3,0.230956,21.0,7.321302
108,3,0.241954,22.0,7.576599
108,3,0.252952,23.0,7.831901
108,3,0.26395,24.0,8.087198
108,3,0.274948,25.0,8.3425
108,3,0.285946,26.0,8.597802
108,3,0.296944,27.0,8.853099
108,3,0.307941,28.0,9.108401
108,3,0.318939,29.0,9.363698
108,3,0.329937,30.0,9.619
108,3,0.340935,31.0,9.874302
108,3,0.351933,32.0,10.129599
108,3,0.362931,33.0,11.53571
108,3,0.373929,34.0,13.81858
108,3,0.384927,35.0,16.1015
108,3,0.395925,36.0,18.38442
108,3,0.406923,37.0,20.66729
108,3,0.417921,38.0,23.260418
108,3,0.428918,39.0,27.456163
108,3,0.439916,40.0,31.652
108,3,0.450914,41.0,35.847837
108,3,0.461912,42.0,40.043582
108,3,0.47291,43.0,44.239418
108,3,0.483908,44.0,46.376627
108,3,0.494906,45.0,47.8522
108,3,0.505904,46.0,49.327773
108,3,0.516902,47.0,50.803314
108,3,0.5279,48.0,52.278886
108,3,0.538898,49.0,53.754427
108,3,0.549895,50.0,55.23
108,3,0.560893,51.0,56.705573
108,3,0.571891,52.0,58.181114
108,3,0.582889,53.0,59.656686
108,3,0.593887,54.0,61.132227
108,3,0.604885,55.0,62.6078
108,3,0.615883,56.0,64.083373
108,3,0.626881,57.0,64.890856
108,3,0.637879,58.0,63.619894
108,3,0.648877,59.0,62.348961
108,3,0.659875,60.0,61.078
108,3,0.670873,61.0,59.807039
108,3,0.68187,62.0,58.536106
108,3,0.692868,63.0,56.066988
108,3,0.703866,64.0,53.366024
108,3,0.714864,65.0,50.665
108,3,0.725862,66.0,47.963976
108,3,0.73686,67.0,45.263012
108,3,0.747858,68.0,42.561988
108,3,0.758856,69.0,39.861024
108,3,0.769854,70.0,37.16
108,3,0.780852,71.0,34.458976
108,3,0.79185,72.0,31.758012
108,3,0.802847,73.0,29.063686
108,3,0.813845,74.0,26.610493
108,3,0.824843,75.0,24.157247
108,3,0.835841,76.0,21.704001
108,3,0.846839,77.0,19.250809
108,3,0.857837,78.0,16.797562
108,3,0.868835,79.0,14.34437
108,3,0.879833,80.0,11.891124
108,3,0.890831,81.0,9.458461
108,3,0.901829,82.0,9.287835
108,3,0.912827,83.0,9.117206
108,3,0.923824,84.0,8.94658
108,3,0.934822,85.0,8.77595
108,3,0.94582,86.0,8.605321
108,3,0.956818,87.0,8.434695
108,3,0.967816,88.0,8.264065
108,3,0.978814,89.0,8.09344
108,3,0.989812,90.0,7.92281
108,3,1.00081,91.0,7.75218
108,3,1.011808,92.0,7.607466
108,3,1.022806,93.0,7.676534
108,3,1.033804,94.0,7.745599
108,3,1.044801,95.0,7.814667
108,3,1.055799,96.0,7.883734
108,3,1.066797,97.0,7.9528
108,3,1.077795,98.0,8.021867
108,3,1.088793,99.0,8.090933
108,3,1.099791,100.0,8.16
108,4,0.0,0.0,8.16
108,4,0.010998,1.0,7.809422
108,4,0.021996,2.0,7.458852
108,4,0.032994,3.0,7.108273
108,4,0.043992,4.0,6.757703
108,4,0.05499,5.0,6.407125
108,4,0.065987,6.0,6.056547
108,4,0.076985,7.0,5.705977
108,4,0.087983,8.0,5.355398
108,4,0.098981,9.0,5.004828
108,4,0.109979,10.0,4.65425
108,4,0.120977,11.0,4.502656
108,4,0.131975,12.0,5.203797
108,4,0.142973,13.0,5.904953
108,4,0.153971,14.0,6.606094
108,4,0.164969,15.0,7.30725
108,4,0.175967,16.0,8.008406
108,4,0.186964,17.0,8.675472
108,4,0.197962,18.0,9.333153
108,4,0.20896,19.0,9.990819
108,4,0.219958,20.0,10.6485
108,4,0.230956,21.0,11.306181
108,4,0.241954,22.0,11.963847
108,4,0.252952,23.0,12.621528
108,4,0.26395,24.0,13.279194
108,4,0.274948,25.0,13.936875
108,4,0.285946,26.0,14.594556
108,4,0.296944,27.0,15.252222
108,4,0.307941,28.0,16.622406
108,4,0.318939,29.0,18.012354
108,4,0.329937,30.0,19.402333
108,4,0.340935,31.0,20.792312
108,4,0.351933,32.0,22.182261
108,4,0.362931,33.0,23.572239
108,4,0.373929,34.0,24.962188
108,4,0.384927,35.0,26.352167
108,4,0.395925,36.0,27.903214
108,4,0.406923,37.0,29.479393
108,4,0.417921,38.0,31.055607
108,4,0.428918,39.0,32.631786
108,4,0.439916,40.0,34.208
108,4,0.450914,41.0,35.784214
108,4,0.461912,42.0,37.360393
108,4,0.47291,43.0,38.936607
108,4,0.483908,44.0,40.512786
108,4,0.494906,45.0,42.089
108,4,0.505904,46.0,43.737559
108,4,0.516902,47.0,46.651887
108,4,0.5279,48.0,49.566279
108,4,0.538898,49.0,52.480608
108,4,0.549895,50.0,55.395
108,4,0.560893,51.0,58.309392
108,4,0.571891,52.0,61.223721
108,4,0.582889,53.0,64.138113
108,4,0.593887,54.0,67.052441
108,4,0.604885,55.0,66.234375
108,4,0.615883,56.0,65.202991
108,4,0.626881,57.0,64.17163
108,4,0.637879,58.0,63.140245
108,4,0.648877,59.0,62.108884
108,4,0.659875,60.0,61.0775
108,4,0.670873,61.0,60.046116
108,4,0.68187,62.0,59.014755
108,4,0.692868,63.0,57.98337
108,4,0.703866,64.0,56.952009
108,4,0.714864,65.0,55.263
108,4,0.725862,66.0,49.365148
108,4,0.73686,67.0,43.467426
108,4,0.747858,68.0,37.569574
108,4,0.758856,69.0,31.671852
108,4,0.769854,70.0,25.774
108,4,0.780852,71.0,23.273329
108,4,0.79185,72.0,22.030885
108,4,0.802847,73.0,20.788415
108,4,0.813845,74.0,19.545971
108,4,0.824843,75.0,18.3035
108,4,0.835841,76.0,17.061029
108,4,0.846839,77.0,15.818585
108,4,0.857837,78.0,14.576115
108,4,0.868835,79.0,13.333671
108,4,0.879833,80.0,12.0912
108,4,0.890831,81.0,10.848729
108,4,0.901829,82.0,9.606285
108,4,0.912827,83.0,8.363815
108,4,0.923824,84.0,7.445198
108,4,0.934822,85.0,7.7005
108,4,0.94582,86.0,7.955802
108,4,0.956818,87.0,8.211099
108,4,0.967816,88.0,8.466401
108,4,0.978814,89.0,8.721698
108,4,0.989812,90.0,8.7145
108,4,1.00081,91.0,8.646049
108,4,1.011808,92.0,8.5776
108,4,1.022806,93.0,8.50915
108,4,1.033804,94.0,8.440701
108,4,1.044801,95.0,8.37225
108,4,1.055799,96.0,8.303799
108,4,1.066797,97.0,8.23535
108,4,1.077795,98.0,8.1669
108,4,1.088793,99.0,8.098451
108,4,1.099791,100.0,8.03
108,5,0.0,0.0,8.03
108,5,0.010998,1.0,7.715599
108,5,0.021996,2.0,7.401197
108,5,0.032994,3.0,7.086803
108,5,0.043992,4.0,6.772401
108,5,0.05499,5.0,6.458
108,5,0.065987,6.0,6.143599
108,5,0.076985,7.0,5.829197
108,5,0.087983,8.0,5.514803
108,5,0.098981,9.0,5.751398
108,5,0.109979,10.0,6.2635
108,5,0.120977,11.0,6.775602
108,5,0.131975,12.0,7.287705
108,5,0.142973,13.0,7.799795
108,5,0.153971,14.0,8.311898
108,5,0.164969,15.0,8.824
108,5,0.175967,16.0,9.336102
108,5,0.186964,17.0,9.848205
108,5,0.197962,18.0,10.360295
108,5,0.20896,19.0,10.872398
108,5,0.219958,20.0,11.342
108,5,0.230956,21.0,11.777602
108,5,0.241954,22.0,12.213204
108,5,0.252952,23.0,12.648796
108,5,0.26395,24.0,13.084398
108,5,0.274948,25.0,13.52
108,5,0.285946,26.0,13.955602
108,5,0.296944,27.0,14.391204
108,5,0.307941,28.0,15.051387
108,5,0.318939,29.0,16.497693
108,5,0.329937,30.0,17.944
108,5,0.340935,31.0,19.390307
108,5,0.351933,32.0,20.836613
108,5,0.362931,33.0,22.282887
108,5,0.373929,34.0,23.729193
108,5,0.384927,35.0,25.1755
108,5,0.395925,36.0,26.621807
108,5,0.406923,37.0,28.068113
108,5,0.417921,38.0,29.514387
108,5,0.428918,39.0,31.333378
108,5,0.439916,40.0,36.134
108,5,0.450914,41.0,40.934622
108,5,0.461912,42.0,45.735243
108,5,0.47291,43.0,50.535757
108,5,0.483908,44.0,55.336378
108,5,0.494906,45.0,57.84
108,5,0.505904,46.0,58.506003
108,5,0.516902,47.0,59.172006
108,5,0.5279,48.0,59.837994
108,5,0.538898,49.0,60.503997
108,5,0.549895,50.0,61.17
108,5,0.560893,51.0,61.836003
108,5,0.571891,52.0,62.502006
108,5,0.582889,53.0,63.167994
108,5,0.593887,54.0,63.833997
108,5,0.604885,55.0,64.5
108,5,0.615883,56.0,65.166003
108,5,0.626881,57.0,65.832006
108,5,0.637879,58.0,66.497994
108,5,0.648877,59.0,64.976412
108,5,0.659875,60.0,62.361
108,5,0.670873,61.0,59.745588
108,5,0.68187,62.0,57.130176
108,5,0.692868,63.0,54.514824
108,5,0.703866,64.0,51.94371
108,5,0.714864,65.0,49.727
108,5,0.725862,66.0,47.51029
108,5,0.73686,67.0,45.29358
108,5,0.747858,68.0,43.07692
108,5,0.758856,69.0,40.86021
108,5,0.769854,70.0,38.6435
108,5,0.780852,71.0,36.42679
108,5,0.79185,72.0,34.21008
108,5,0.802847,73.0,31.99342
108,5,0.813845,74.0,29.77671
108,5,0.824843,75.0,27.56
108,5,0.835841,76.0,25.39639
108,5,0.846839,77.0,23.23278
108,5,0.857837,78.0,21.06922
108,5,0.868835,79.0,18.90561
108,5,0.879833,80.0,16.742
108,5,0.890831,81.0,14.57839
108,5,0.901829,82.0,12.41478
108,5,0.912827,83.0,10.25122
108,5,0.923824,84.0,9.759309
108,5,0.934822,85.0,10.103277
108,5,0.94582,86.0,10.447245
108,5,0.956818,87.0,10.791213
108,5,0.967816,88.0,11.135173
108,5,0.978814,89.0,11.479141
108,5,0.989812,90.0,11.823109
108,5,1.00081,91.0,12.167077
108,5,1.011808,92.0,12.511045
108,5,1.022806,93.0,12.855005
108,5,1.033804,94.0,13.198973
108,5,1.044801,95.0,12.556885
108,5,1.055799,96.0,11.379503
108,5,1.066797,97.0,10.202121
108,5,1.077795,98.0,9.024765
108,5,1.088793,99.0,7.847382
108,5,1.099791,100.0,6.67
108,6,0.0,0.0,6.67
108,6,0.010998,1.0,6.751319
108,6,0.021996,2.0,6.83264
108,6,0.032994,3.0,6.91396
108,6,0.043992,4.0,6.995281
108,6,0.05499,5.0,7.0766
108,6,0.065987,6.0,7.157919
108,6,0.076985,7.0,7.23924
108,6,0.087983,8.0,7.32056
108,6,0.098981,9.0,7.401881
108,6,0.109979,10.0,7.4832
108,6,0.120977,11.0,7.564519
108,6,0.131975,12.0,7.64584
108,6,0.142973,13.0,7.72716
108,6,0.153971,14.0,8.143204
108,6,0.164969,15.0,8.622
108,6,0.175967,16.0,9.100796
108,6,0.186964,17.0,9.579602
108,6,0.197962,18.0,10.058398
108,6,0.20896,19.0,10.517954
108,6,0.219958,20.0,10.9635
108,6,0.230956,21.0,11.409046
108,6,0.241954,22.0,11.854602
108,6,0.252952,23.0,12.300148
108,6,0.26395,24.0,12.745704
108,6,0.274948,25.0,13.19125
108,6,0.285946,26.0,13.636796
108,6,0.296944,27.0,14.082352
108,6,0.307941,28.0,14.527898
108,6,0.318939,29.0,14.997474
108,6,0.329937,30.0,15.899333
108,6,0.340935,31.0,16.801192
108,6,0.351933,32.0,17.703071
108,6,0.362931,33.0,18.604929
108,6,0.373929,34.0,19.506808
108,6,0.384927,35.0,20.408667
108,6,0.395925,36.0,21.310526
108,6,0.406923,37.0,22.389959
108,6,0.417921,38.0,24.416291
108,6,0.428918,39.0,26.442667
108,6,0.439916,40.0,28.469
108,6,0.450914,41.0,30.495333
108,6,0.461912,42.0,32.521709
108,6,0.47291,43.0,34.548041
108,6,0.483908,44.0,36.574417
108,6,0.494906,45.0,38.60075
108,6,0.505904,46.0,40.627083
108,6,0.516902,47.0,42.653459
108,6,0.5279,48.0,44.92319
108,6,0.538898,49.0,47.334954
108,6,0.549895,50.0,49.746667
108,6,0.560893,51.0,52.158379
108,6,0.571891,52.0,54.570144
108,6,0.582889,53.0,56.981856
108,6,0.593887,54.0,59.393621
108,6,0.604885,55.0,61.805333
108,6,0.615883,56.0,61.973805
108,6,0.626881,57.0,61.341097
108,6,0.637879,58.0,60.708403
108,6,0.648877,59.0,60.075695
108,6,0.659875,60.0,59.443
108,6,0.670873,61.0,58.810305
108,6,0.68187,62.0,58.177597
108,6,0.692868,63.0,57.544903
108,6,0.703866,64.0,56.912195
108,6,0.714864,65.0,56.2795
108,6,0.725862,66.0,54.79884
108,6,0.73686,67.0,50.13808
108,6,0.747858,68.0,45.47742
108,6,0.758856,69.0,40.81666
108,6,0.769854,70.0,36.156
108,6,0.780852,71.0,31.49534
108,6,0.79185,72.0,29.431235
108,6,0.802847,73.0,27.511454
108,6,0.813845,74.0,25.591631
108,6,0.824843,75.0,23.671849
108,6,0.835841,76.0,21.752067
108,6,0.846839,77.0,19.832244
108,6,0.857837,78.0,17.912462
108,6,0.868835,79.0,15.992639
108,6,0.879833,80.0,14.072857
108,6,0.890831,81.0,12.153075
108,6,0.901829,82.0,11.213187
108,6,0.912827,83.0,11.219451
108,6,0.923824,84.0,11.225714
108,6,0.934822,85.0,11.231978
108,6,0.94582,86.0,11.238242
108,6,0.956818,87.0,11.244506
108,6,0.967816,88.0,11.250769
108,6,0.978814,89.0,11.257033
108,6,0.989812,90.0,11.2805
108,6,1.00081,91.0,11.31945
108,6,1.011808,92.0,11.3584
108,6,1.022806,93.0,11.39735
108,6,1.033804,94.0,11.4363
108,6,1.044801,95.0,11.47525
108,6,1.055799,96.0,11.5142
108,6,1.066797,97.0,11.55315
108,6,1.077795,98.0,11.5921
108,6,1.088793,99.0,11.63105
108,6,1.099791,100.0,11.67
108,7,0.0,0.0,11.67
108,7,0.010998,1.0,11.536799
108,7,0.021996,2.0,11.403599
108,7,0.032994,3.0,11.270401
108,7,0.043992,4.0,11.137201
108,7,0.05499,5.0,11.004
108,7,0.065987,6.0,10.870799
108,7,0.076985,7.0,10.737599
108,7,0.087983,8.0,10.604401
108,7,0.098981,9.0,10.726932
108,7,0.109979,10.0,10.977333
108,7,0.120977,11.0,11.227734
108,7,0.131975,12.0,11.478136
108,7,0.142973,13.0,11.728531
108,7,0.153971,14.0,11.978932
108,7,0.164969,15.0,12.229333
108,7,0.175967,16.0,12.479734
108,7,0.186964,17.0,12.730136
108,7,0.197962,18.0,12.980531
108,7,0.20896,19.0,13.230932
108,7,0.219958,20.0,13.481333
108,7,0.230956,21.0,13.756402
108,7,0.241954,22.0,14.154804
108,7,0.252952,23.0,14.553196
108,7,0.26395,24.0,14.951598
108,7,0.274948,25.0,15.35
108,7,0.285946,26.0,16.136964
108,7,0.296944,27.0,16.923927
108,7,0.307941,28.0,17.710873
108,7,0.318939,29.0,18.497836
108,7,0.329937,30.0,19.2848
108,7,0.340935,31.0,20.071764
108,7,0.351933,32.0,20.858727
108,7,0.362931,33.0,21.645673
108,7,0.373929,34.0,22.432636
108,7,0.384927,35.0,23.2196
108,7,0.395925,36.0,24.006564
108,7,0.406923,37.0,24.793527
108,7,0.417921,38.0,25.580473
108,7,0.428918,39.0,26.583543
108,7,0.439916,40.0,29.315556
108,7,0.450914,41.0,32.047568
108,7,0.461912,42.0,34.77958
108,7,0.47291,43.0,37.511531
108,7,0.483908,44.0,40.243543
108,7,0.494906,45.0,42.975556
108,7,0.505904,46.0,45.707568
108,7,0.516902,47.0,48.43958
108,7,0.5279,48.0,51.171531
108,7,0.538898,49.0,53.903543
108,7,0.549895,50.0,56.635556
108,7,0.560893,51.0,59.367568
108,7,0.571891,52.0,61.453748
108,7,0.582889,53.0,63.128918
108,7,0.593887,54.0,64.804126
108,7,0.604885,55.0,66.479333
108,7,0.615883,56.0,66.611592
108,7,0.626881,57.0,64.815184
108,7,0.637879,58.0,63.018816
108,7,0.648877,59.0,61.222408
108,7,0.659875,60.0,59.426
108,7,0.670873,61.0,57.629592
108,7,0.68187,62.0,55.833184
108,7,0.692868,63.0,54.036816
108,7,0.703866,64.0,52.208209
108,7,0.714864,65.0,50.122
108,7,0.725862,66.0,48.035791
108,7,0.73686,67.0,45.949581
108,7,0.747858,68.0,43.863419
108,7,0.758856,69.0,41.777209
108,7,0.769854,70.0,39.691
108,7,0.780852,71.0,37.604791
108,7,0.79185,72.0,35.518581
108,7,0.802847,73.0,33.432419
108,7,0.813845,74.0,31.346209
108,7,0.824843,75.0,29.26
108,7,0.835841,76.0,27.13959
108,7,0.846839,77.0,25.019181
108,7,0.857837,78.0,22.898819
108,7,0.868835,79.0,20.77841
108,7,0.879833,80.0,18.658
108,7,0.890831,81.0,16.53759
108,7,0.901829,82.0,14.417181
108,7,0.912827,83.0,12.296819
108,7,0.923824,84.0,11.471201
108,7,0.934822,85.0,11.293
108,7,0.94582,86.0,11.114799
108,7,0.956818,87.0,10.936598
108,7,0.967816,88.0,10.758402
108,7,0.978814,89.0,10.580201
108,7,0.989812,90.0,10.402
108,7,1.00081,91.0,10.223799
108,7,1.011808,92.0,10.045598
108,7,1.022806,93.0,9.867402
108,7,1.033804,94.0,9.689201
108,7,1.044801,95.0,9.527
108,7,1.055799,96.0,9.377599
108,7,1.066797,97.0,9.228199
108,7,1.077795,98.0,9.078801
108,7,1.088793,99.0,8.929401
108,7,1.099791,100.0,8.78
108,8,0.0,0.0,8.78
108,8,0.010998,1.0,8.529202
108,8,0.021996,2.0,8.278399
108,8,0.032994,3.0,8.027601
108,8,0.043992,4.0,7.776798
108,8,0.05499,5.0,7.526
108,8,0.065987,6.0,7.275202
108,8,0.076985,7.0,7.024399
108,8,0.087983,8.0,6.773601
108,8,0.098981,9.0,6.522798
108,8,0.109979,10.0,6.272
108,8,0.120977,11.0,6.231438
108,8,0.131975,12.0,6.424481
108,8,0.142973,13.0,6.617519
108,8,0.153971,14.0,6.810562
108,8,0.164969,15.0,7.0036
108,8,0.175967,16.0,7.196638
108,8,0.186964,17.0,7.389681
108,8,0.197962,18.0,7.582719
108,8,0.20896,19.0,7.775762
108,8,0.219958,20.0,7.9688
108,8,0.230956,21.0,8.161838
108,8,0.241954,22.0,8.354881
108,8,0.252952,23.0,8.547919
108,8,0.26395,24.0,9.101211
108,8,0.274948,25.0,10.435
108,8,0.285946,26.0,11.768789
108,8,0.296944,27.0,13.102606
108,8,0.307941,28.0,14.436394
108,8,0.318939,29.0,15.77264
108,8,0.329937,30.0,17.152571
108,8,0.340935,31.0,18.532502
108,8,0.351933,32.0,19.912463
108,8,0.362931,33.0,21.292394
108,8,0.373929,34.0,22.672355
108,8,0.384927,35.0,24.052286
108,8,0.395925,36.0,25.432217
108,8,0.406923,37.0,26.812177
108,8,0.417921,38.0,28.192108
108,8,0.428918,39.0,30.648194
108,8,0.439916,40.0,33.306
108,8,0.450914,41.0,35.963806
108,8,0.461912,42.0,38.621669
108,8,0.47291,43.0,41.279474
108,8,0.483908,44.0,43.937337
108,8,0.494906,45.0,46.595143
108,8,0.505904,46.0,49.252949
108,8,0.516902,47.0,51.910811
108,8,0.5279,48.0,54.691188
108,8,0.538898,49.0,57.543124
108,8,0.549895,50.0,60.395
108,8,0.560893,51.0,63.246876
108,8,0.571891,52.0,66.098812
108,8,0.582889,53.0,67.573244
108,8,0.593887,54.0,66.686312
108,8,0.604885,55.0,65.7994
108,8,0.615883,56.0,64.912488
108,8,0.626881,57.0,64.025556
108,8,0.637879,58.0,63.138644
108,8,0.648877,59.0,62.251712
108,8,0.659875,60.0,61.3648
108,8,0.670873,61.0,60.477888
108,8,0.68187,62.0,59.590956
108,8,0.692868,63.0,58.704044
108,8,0.703866,64.0,57.817112
108,8,0.714864,65.0,56.9302
108,8,0.725862,66.0,54.962452
108,8,0.73686,67.0,48.941274
108,8,0.747858,68.0,42.920226
108,8,0.758856,69.0,36.899048
108,8,0.769854,70.0,30.878
108,8,0.780852,71.0,24.856952
108,8,0.79185,72.0,23.063993
108,8,0.802847,73.0,21.506007
108,8,0.813845,74.0,19.947987
108,8,0.824843,75.0,18.39
108,8,0.835841,76.0,16.832013
108,8,0.846839,77.0,15.273993
108,8,0.857837,78.0,13.716007
108,8,0.868835,79.0,12.157987
108,8,0.879833,80.0,10.6
108,8,0.890831,81.0,9.042013
108,8,0.901829,82.0,8.270668
108,8,0.912827,83.0,8.580999
108,8,0.923824,84.0,8.891336
108,8,0.934822,85.0,9.201667
108,8,0.94582,86.0,9.511997
108,8,0.956818,87.0,9.822335
108,8,0.967816,88.0,10.132665
108,8,0.978814,89.0,10.443003
108,8,0.989812,90.0,10.6015
108,8,1.00081,91.0,10.62335
108,8,1.011808,92.0,10.6452
108,8,1.022806,93.0,10.66705
108,8,1.033804,94.0,10.6889
108,8,1.044801,95.0,10.71075
108,8,1.055799,96.0,10.7326
108,8,1.066797,97.0,10.75445
108,8,1.077795,98.0,10.7763
108,8,1.088793,99.0,10.79815
108,8,1.099791,100.0,10.82
108,9,0.0,0.0,10.82
108,9,0.010998,1.0,10.501235
108,9,0.021996,2.0,10.18247
108,9,0.032994,3.0,9.863697
108,9,0.043992,4.0,9.544932
108,9,0.05499,5.0,9.226167
108,9,0.065987,6.0,8.907401
108,9,0.076985,7.0,8.588636
108,9,0.087983,8.0,8.269864
108,9,0.098981,9.0,8.27695
108,9,0.109979,10.0,8.3755
108,9,0.120977,11.0,8.47405
108,9,0.131975,12.0,8.572599
108,9,0.142973,13.0,8.671151
108,9,0.153971,14.0,8.7697
108,9,0.164969,15.0,8.86825
108,9,0.175967,16.0,8.9668
108,9,0.186964,17.0,9.065349
108,9,0.197962,18.0,9.163901
108,9,0.20896,19.0,9.26245
108,9,0.219958,20.0,9.862
108,9,0.230956,21.0,10.570097
108,9,0.241954,22.0,11.278194
108,9,0.252952,23.0,11.986306
108,9,0.26395,24.0,12.694403
108,9,0.274948,25.0,13.486875
108,9,0.285946,26.0,14.441346
108,9,0.296944,27.0,15.395816
108,9,0.307941,28.0,16.350309
108,9,0.318939,29.0,17.304779
108,9,0.329937,30.0,18.25925
108,9,0.340935,31.0,19.213721
108,9,0.351933,32.0,20.168191
108,9,0.362931,33.0,21.122684
108,9,0.373929,34.0,22.077154
108,9,0.384927,35.0,23.031625
108,9,0.395925,36.0,24.688654
108,9,0.406923,37.0,27.474808
108,9,0.417921,38.0,30.261025
108,9,0.428918,39.0,33.047179
108,9,0.439916,40.0,35.833333
108,9,0.450914,41.0,38.619488
108,9,0.461912,42.0,41.405642
108,9,0.47291,43.0,44.191858
108,9,0.483908,44.0,46.755356
108,9,0.494906,45.0,48.187063
108,9,0.505904,46.0,49.618769
108,9,0.516902,47.0,51.050475
108,9,0.5279,48.0,52.482213
108,9,0.538898,49.0,53.913919
108,9,0.549895,50.0,55.345625
108,9,0.560893,51.0,56.777331
108,9,0.571891,52.0,58.209037
108,9,0.582889,53.0,59.640775
108,9,0.593887,54.0,61.072481
108,9,0.604885,55.0,61.9555
108,9,0.615883,56.0,60.716939
108,9,0.626881,57.0,59.478378
108,9,0.637879,58.0,58.239789
108,9,0.648877,59.0,57.001228
108,9,0.659875,60.0,55.762667
108,9,0.670873,61.0,54.524106
108,9,0.68187,62.0,53.285544
108,9,0.692868,63.0,52.046956
108,9,0.703866,64.0,49.462288
108,9,0.714864,65.0,46.858938
108,9,0.725862,66.0,44.255587
108,9,0.73686,67.0,41.652236
108,9,0.747858,68.0,39.048827
108,9,0.758856,69.0,36.445476
108,9,0.769854,70.0,33.842125
108,9,0.780852,71.0,31.238774
108,9,0.79185,72.0,28.635423
108,9,0.802847,73.0,26.032014
108,9,0.813845,74.0,23.413232
108,9,0.824843,75.0,20.246721
108,9,0.835841,76.0,17.080211
108,9,0.846839,77.0,13.9137
108,9,0.857837,78.0,10.747119
108,9,0.868835,79.0,7.580609
108,9,0.879833,80.0,6.027683
108,9,0.890831,81.0,6.394907
108,9,0.901829,82.0,6.762131
108,9,0.912827,83.0,7.129363
108,9,0.923824,84.0,7.496587
108,9,0.934822,85.0,7.863811
108,9,0.94582,86.0,8.231035
108,9,0.956818,87.0,8.598259
108,9,0.967816,88.0,8.965491
108,9,0.978814,89.0,9.332715
108,9,0.989812,90.0,9.699939
108,9,1.00081,91.0,10.067163
108,9,1.011808,92.0,10.434387
108,9,1.022806,93.0,10.801619
108,9,1.033804,94.0,11.168843
108,9,1.044801,95.0,11.40725
108,9,1.055799,96.0,11.5058
108,9,1.066797,97.0,11.604349
108,9,1.077795,98.0,11.702901
108,9,1.088793,99.0,11.80145
108,9,1.099791,100.0,11.9
108,10,0.0,0.0,11.9
108,10,0.010998,1.0,11.563323
108,10,0.021996,2.0,11.226639
108,10,0.032994,3.0,10.889961
108,10,0.043992,4.0,10.553277
108,10,0.05499,5.0,10.2166
108,10,0.065987,6.0,9.879923
108,10,0.076985,7.0,9.543239
108,10,0.087983,8.0,9.206561
108,10,0.098981,9.0,8.869877
108,10,0.109979,10.0,8.5332
108,10,0.120977,11.0,8.196523
108,10,0.131975,12.0,7.859839
108,10,0.142973,13.0,7.523161
108,10,0.153971,14.0,8.42361
108,10,0.164969,15.0,9.556
108,10,0.175967,16.0,10.68839
108,10,0.186964,17.0,11.820805
108,10,0.197962,18.0,12.386248
108,10,0.20896,19.0,12.885004
108,10,0.219958,20.0,13.38375
108,10,0.230956,21.0,13.882496
108,10,0.241954,22.0,14.381252
108,10,0.252952,23.0,14.879998
108,10,0.26395,24.0,15.378754
108,10,0.274948,25.0,15.8775
108,10,0.285946,26.0,16.376246
108,10,0.296944,27.0,16.875002
108,10,0.307941,28.0,17.843326
108,10,0.318939,29.0,19.616682
108,10,0.329937,30.0,21.39
108,10,0.340935,31.0,23.163318
108,10,0.351933,32.0,24.936674
108,10,0.362931,33.0,26.709992
108,10,0.373929,34.0,28.483349
108,10,0.384927,35.0,30.256667
108,10,0.395925,36.0,32.216431
108,10,0.406923,37.0,34.383409
108,10,0.417921,38.0,36.550341
108,10,0.428918,39.0,38.717319
108,10,0.439916,40.0,40.88425
108,10,0.450914,41.0,43.051181
108,10,0.461912,42.0,45.218159
108,10,0.47291,43.0,47.385091
108,10,0.483908,44.0,49.552069
108,10,0.494906,45.0,51.719
108,10,0.505904,46.0,53.885931
108,10,0.516902,47.0,56.511011
108,10,0.5279,48.0,59.161489
108,10,0.538898,49.0,61.812023
108,10,0.549895,50.0,64.4625
108,10,0.560893,51.0,67.112977
108,10,0.571891,52.0,67.199245
108,10,0.582889,53.0,66.102005
108,10,0.593887,54.0,65.004741
108,10,0.604885,55.0,63.9075
108,10,0.615883,56.0,62.810259
108,10,0.626881,57.0,61.712995
108,10,0.637879,58.0,60.615755
108,10,0.648877,59.0,59.518491
108,10,0.659875,60.0,58.42125
108,10,0.670873,61.0,57.324009
108,10,0.68187,62.0,55.857585
108,10,0.692868,63.0,52.422415
108,10,0.703866,64.0,48.987171
108,10,0.714864,65.0,45.552
108,10,0.725862,66.0,42.116829
108,10,0.73686,67.0,38.681585
108,10,0.747858,68.0,35.246415
108,10,0.758856,69.0,31.811171
108,10,0.769854,70.0,28.667
108,10,0.780852,71.0,26.33762
108,10,0.79185,72.0,24.00819
108,10,0.802847,73.0,21.67881
108,10,0.813845,74.0,19.34938
108,10,0.824843,75.0,17.02
108,10,0.835841,76.0,14.69062
108,10,0.846839,77.0,12.36119
108,10,0.857837,78.0,10.03181
108,10,0.868835,79.0,7.70238
108,10,0.879833,80.0,5.373
108,10,0.890831,81.0,5.206128
108,10,0.901829,82.0,5.811603
108,10,0.912827,83.0,6.417064
108,10,0.923824,84.0,7.022539
108,10,0.934822,85.0,7.628
108,10,0.94582,86.0,8.233461
108,10,0.956818,87.0,8.838936
108,10,0.967816,88.0,9.444397
108,10,0.978814,89.0,9.608267
108,10,0.989812,90.0,9.689333
108,10,1.00081,91.0,9.770399
108,10,1.011808,92.0,9.851467
108,10,1.022806,93.0,9.932533
108,10,1.033804,94.0,10.013601
108,10,1.044801,95.0,10.094667
108,10,1.055799,96.0,10.175733
108,10,1.066797,97.0,10.2568
108,10,1.077795,98.0,10.337866
108,10,1.088793,99.0,10.418934
108,10,1.099791,100.0,10.5
108,11,0.0,0.0,10.5
108,11,0.010998,1.0,10.554433
108,11,0.021996,2.0,10.608867
108,11,0.032994,3.0,10.6633
108,11,0.043992,4.0,10.717734
108,11,0.05499,5.0,10.77345
108,11,0.065987,6.0,10.829539
108,11,0.076985,7.0,10.88563
108,11,0.087983,8.0,10.94172
108,11,0.098981,9.0,10.997811
108,11,0.109979,10.0,11.0539
108,11,0.120977,11.0,11.109989
108,11,0.131975,12.0,11.16608
108,11,0.142973,13.0,11.22217
108,11,0.153971,14.0,11.278261
108,11,0.164969,15.0,11.33435
108,11,0.175967,16.0,11.390439
108,11,0.186964,17.0,11.44653
108,11,0.197962,18.0,11.50262
108,11,0.20896,19.0,11.812779
108,11,0.219958,20.0,12.237
108,11,0.230956,21.0,12.661221
108,11,0.241954,22.0,13.085452
108,11,0.252952,23.0,13.509673
108,11,0.26395,24.0,13.932954
108,11,0.274948,25.0,14.340312
108,11,0.285946,26.0,14.747671
108,11,0.296944,27.0,15.155039
108,11,0.307941,28.0,15.562398
108,11,0.318939,29.0,15.969766
108,11,0.329937,30.0,16.377125
108,11,0.340935,31.0,16.784484
108,11,0.351933,32.0,17.191852
108,11,0.362931,33.0,17.599211
108,11,0.373929,34.0,18.006579
108,11,0.384927,35.0,18.413937
108,11,0.395925,36.0,20.112781
108,11,0.406923,37.0,22.157609
108,11,0.417921,38.0,24.202391
108,11,0.428918,39.0,26.247219
108,11,0.439916,40.0,28.292
108,11,0.450914,41.0,30.336781
108,11,0.461912,42.0,32.381609
108,11,0.47291,43.0,34.426391
108,11,0.483908,44.0,36.553721
108,11,0.494906,45.0,38.842562
108,11,0.505904,46.0,41.131404
108,11,0.516902,47.0,43.420298
108,11,0.5279,48.0,45.70914
108,11,0.538898,49.0,47.998033
108,11,0.549895,50.0,50.286875
108,11,0.560893,51.0,52.575717
108,11,0.571891,52.0,54.86461
108,11,0.582889,53.0,57.153452
108,11,0.593887,54.0,59.442346
108,11,0.604885,55.0,61.579917
108,11,0.615883,56.0,61.720732
108,11,0.626881,57.0,61.861551
108,11,0.637879,58.0,62.002366
108,11,0.648877,59.0,62.143185
108,11,0.659875,60.0,62.284
108,11,0.670873,61.0,62.424815
108,11,0.68187,62.0,62.565634
108,11,0.692868,63.0,62.706449
108,11,0.703866,64.0,61.615983
108,11,0.714864,65.0,59.77
108,11,0.725862,66.0,57.924017
108,11,0.73686,67.0,56.077992
108,11,0.747858,68.0,54.232008
108,11,0.758856,69.0,52.385983
108,11,0.769854,70.0,50.54
108,11,0.780852,71.0,48.694017
108,11,0.79185,72.0,46.847992
108,11,0.802847,73.0,45.002008
108,11,0.813845,74.0,43.155983
108,11,0.824843,75.0,40.875937
108,11,0.835841,76.0,37.797228
108,11,0.846839,77.0,34.718448
108,11,0.857837,78.0,31.639739
108,11,0.868835,79.0,28.560959
108,11,0.879833,80.0,25.48225
108,11,0.890831,81.0,22.403541
108,11,0.901829,82.0,19.324761
108,11,0.912827,83.0,16.246052
108,11,0.923824,84.0,13.167272
108,11,0.934822,85.0,10.088563
108,11,0.94582,86.0,7.252752
108,11,0.956818,87.0,7.048624
108,11,0.967816,88.0,6.844501
108,11,0.978814,89.0,6.640373
108,11,0.989812,90.0,6.43625
108,11,1.00081,91.0,6.232127
108,11,1.011808,92.0,6.120533
108,11,1.022806,93.0,6.121717
108,11,1.033804,94.0,6.1229
108,11,1.044801,95.0,6.124083
108,11,1.055799,96.0,6.125267
108,11,1.066797,97.0,6.12645
108,11,1.077795,98.0,6.127633
108,11,1.088793,99.0,6.128817
108,11,1.099791,100.0,6.13
109,2,0.0,0.0,12.67
109,2,0.010998,1.0,12.518002
109,2,0.021996,2.0,12.366
109,2,0.032994,3.0,12.214001
109,2,0.043992,4.0,12.061999
109,2,0.05499,5.0,11.910001
109,2,0.065987,6.0,11.757999
109,2,0.076985,7.0,11.606
109,2,0.087983,8.0,11.453998
109,2,0.098981,9.0,11.302
109,2,0.109979,10.0,11.21293
109,2,0.120977,11.0,11.539228
109,2,0.131975,12.0,11.865518
109,2,0.142973,13.0,12.191815
109,2,0.153971,14.0,12.518105
109,2,0.164969,15.0,12.429562
109,2,0.175967,16.0,12.29608
109,2,0.186964,17.0,12.162598
109,2,0.197962,18.0,12.029112
109,2,0.20896,19.0,11.89563
109,2,0.219958,20.0,11.762145
109,2,0.230956,21.0,11.628663
109,2,0.241954,22.0,11.495177
109,2,0.252952,23.0,11.361695
109,2,0.26395,24.0,11.22821
109,2,0.274948,25.0,11.094727
109,2,0.285946,26.0,10.961245
109,2,0.296944,27.0,10.82776
109,2,0.307941,28.0,10.694277
109,2,0.318939,29.0,10.560792
109,2,0.329937,30.0,11.551454
109,2,0.340935,31.0,14.265871
109,2,0.351933,32.0,16.980226
109,2,0.362931,33.0,19.694643
109,2,0.373929,34.0,22.353236
109,2,0.384927,35.0,24.730492
109,2,0.395925,36.0,27.107803
109,2,0.406923,37.0,29.485059
109,2,0.417921,38.0,31.86237
109,2,0.428918,39.0,34.239626
109,2,0.439916,40.0,36.616936
109,2,0.450914,41.0,38.994192
109,2,0.461912,42.0,41.371448
109,2,0.47291,43.0,43.748759
109,2,0.483908,44.0,46.19162
109,2,0.494906,45.0,48.78984
109,2,0.505904,46.0,51.388001
109,2,0.516902,47.0,53.986221
109,2,0.5279,48.0,56.584381
109,2,0.538898,49.0,59.182601
109,2,0.549895,50.0,61.780762
109,2,0.560893,51.0,64.378922
109,2,0.571891,52.0,66.977142
109,2,0.582889,53.0,69.575303
109,2,0.593887,54.0,71.094454
109,2,0.604885,55.0,71.174844
109,2,0.615883,56.0,71.255236
109,2,0.626881,57.0,71.335627
109,2,0.637879,58.0,71.416019
109,2,0.648877,59.0,71.496409
109,2,0.659875,60.0,71.576799
109,2,0.670873,61.0,71.657191
109,2,0.68187,62.0,71.737582
109,2,0.692868,63.0,71.817974
109,2,0.703866,64.0,71.898364
109,2,0.714864,65.0,71.978756
109,2,0.725862,66.0,72.059147
109,2,0.73686,67.0,67.818185
109,2,0.747858,68.0,62.063495
109,2,0.758856,69.0,56.308936
109,2,0.769854,70.0,50.554245
109,2,0.780852,71.0,44.799686
109,2,0.79185,72.0,39.721081
109,2,0.802847,73.0,37.424799
109,2,0.813845,74.0,35.128464
109,2,0.824843,75.0,32.832182
109,2,0.835841,76.0,30.5359
109,2,0.846839,77.0,28.239565
109,2,0.857837,78.0,25.943282
109,2,0.868835,79.0,23.646947
109,2,0.879833,80.0,21.350665
109,2,0.890831,81.0,19.05433
109,2,0.901829,82.0,16.758048
109,2,0.912827,83.0,14.461713
109,2,0.923824,84.0,12.165431
109,2,0.934822,85.0,9.869148
109,2,0.94582,86.0,7.572813
109,2,0.956818,87.0,5.276531
109,2,0.967816,88.0,5.960258
109,2,0.978814,89.0,7.995567
109,2,0.989812,90.0,10.030922
109,2,1.00081,91.0,10.291923
109,2,1.011808,92.0,10.036157
109,2,1.022806,93.0,9.780384
109,2,1.033804,94.0,9.524617
109,2,1.044801,95.0,9.268845
109,2,1.055799,96.0,9.013078
109,2,1.066797,97.0,8.757306
109,2,1.077795,98.0,8.501539
109,2,1.088793,99.0,8.245767
109,2,1.099791,100.0,7.99
109,3,0.0,0.0,7.99
109,3,0.010998,1.0,7.575618
109,3,0.021996,2.0,7.161246
109,3,0.032994,3.0,6.746864
109,3,0.043992,4.0,6.332491
109,3,0.05499,5.0,5.91811
109,3,0.065987,6.0,5.503737
109,3,0.076985,7.0,5.089355
109,3,0.087983,8.0,4.674983
109,3,0.098981,9.0,4.260601
109,3,0.109979,10.0,4.102477
109,3,0.120977,11.0,4.236084
109,3,0.131975,12.0,4.369689
109,3,0.142973,13.0,4.503296
109,3,0.153971,14.0,4.636901
109,3,0.164969,15.0,4.770508
109,3,0.175967,16.0,4.904112
109,3,0.186964,17.0,5.03772
109,3,0.197962,18.0,5.171324
109,3,0.20896,19.0,5.304932
109,3,0.219958,20.0,5.438536
109,3,0.230956,21.0,5.572144
109,3,0.241954,22.0,6.157295
109,3,0.252952,23.0,7.373094
109,3,0.26395,24.0,8.588867
109,3,0.274948,25.0,9.804667
109,3,0.285946,26.0,11.020466
109,3,0.296944,27.0,12.232092
109,3,0.307941,28.0,13.255732
109,3,0.318939,29.0,14.279349
109,3,0.329937,30.0,15.302989
109,3,0.340935,31.0,16.326607
109,3,0.351933,32.0,17.350247
109,3,0.362931,33.0,18.373864
109,3,0.373929,34.0,19.397504
109,3,0.384927,35.0,20.421121
109,3,0.395925,36.0,21.444761
109,3,0.406923,37.0,22.468379
109,3,0.417921,38.0,23.492019
109,3,0.428918,39.0,24.515636
109,3,0.439916,40.0,25.539276
109,3,0.450914,41.0,28.362231
109,3,0.461912,42.0,33.452773
109,3,0.47291,43.0,38.543204
109,3,0.483908,44.0,43.633747
109,3,0.494906,45.0,47.37441
109,3,0.505904,46.0,49.05361
109,3,0.516902,47.0,50.732773
109,3,0.5279,48.0,52.411972
109,3,0.538898,49.0,54.091135
109,3,0.549895,50.0,55.770335
109,3,0.560893,51.0,57.449535
109,3,0.571891,52.0,59.128698
109,3,0.582889,53.0,60.807898
109,3,0.593887,54.0,62.487061
109,3,0.604885,55.0,64.166261
109,3,0.615883,56.0,65.845424
109,3,0.626881,57.0,67.524623
109,3,0.637879,58.0,69.203786
109,3,0.648877,59.0,70.882986
109,3,0.659875,60.0,72.562149
109,3,0.670873,61.0,72.946792
109,3,0.68187,62.0,70.29011
109,3,0.692868,63.0,67.633369
109,3,0.703866,64.0,64.976686
109,3,0.714864,65.0,62.194385
109,3,0.725862,66.0,58.762051
109,3,0.73686,67.0,55.329641
109,3,0.747858,68.0,51.897307
109,3,0.758856,69.0,48.464898
109,3,0.769854,70.0,45.032563
109,3,0.780852,71.0,41.600154
109,3,0.79185,72.0,38.16782
109,3,0.802847,73.0,34.829941
109,3,0.813845,74.0,32.780707
109,3,0.824843,75.0,30.731429
109,3,0.835841,76.0,28.68215
109,3,0.846839,77.0,26.632916
109,3,0.857837,78.0,24.583637
109,3,0.868835,79.0,22.534404
109,3,0.879833,80.0,20.485125
109,3,0.890831,81.0,18.435891
109,3,0.901829,82.0,16.386612
109,3,0.912827,83.0,15.081299
109,3,0.923824,84.0,14.220602
109,3,0.934822,85.0,13.359924
109,3,0.94582,86.0,12.499227
109,3,0.956818,87.0,11.638549
109,3,0.967816,88.0,10.777851
109,3,0.978814,89.0,9.917173
109,3,0.989812,90.0,9.056476
109,3,1.00081,91.0,8.195798
109,3,1.011808,92.0,7.335101
109,3,1.022806,93.0,6.474423
109,3,1.033804,94.0,5.613726
109,3,1.044801,95.0,4.753048
109,3,1.055799,96.0,4.215864
109,3,1.066797,97.0,5.721881
109,3,1.077795,98.0,7.227932
109,3,1.088793,99.0,8.733949
109,3,1.099791,100.0,10.24
109,4,0.0,0.0,10.24
109,4,0.010998,1.0,9.860305
109,4,0.021996,2.0,9.480618
109,4,0.032994,3.0,9.100922
109,4,0.043992,4.0,8.721227
109,4,0.05499,5.0,8.34154
109,4,0.065987,6.0,7.961845
109,4,0.076985,7.0,7.582149
109,4,0.087983,8.0,7.202462
109,4,0.098981,9.0,6.822767
109,4,0.109979,10.0,6.443071
109,4,0.120977,11.0,6.063385
109,4,0.131975,12.0,5.683689
109,4,0.142973,13.0,5.303994
109,4,0.153971,14.0,4.924298
109,4,0.164969,15.0,5.0653
109,4,0.175967,16.0,7.308061
109,4,0.186964,17.0,9.550822
109,4,0.197962,18.0,10.788047
109,4,0.20896,19.0,11.300844
109,4,0.219958,20.0,11.813641
109,4,0.230956,21.0,12.326427
109,4,0.241954,22.0,12.839224
109,4,0.252952,23.0,13.352021
109,4,0.26395,24.0,13.864806
109,4,0.274948,25.0,14.377603
109,4,0.285946,26.0,14.8904
109,4,0.296944,27.0,15.403186
109,4,0.307941,28.0,15.915983
109,4,0.318939,29.0,17.514535
109,4,0.329937,30.0,19.670745
109,4,0.340935,31.0,21.827003
109,4,0.351933,32.0,23.983261
109,4,0.362931,33.0,26.139471
109,4,0.373929,34.0,28.295729
109,4,0.384927,35.0,30.451987
109,4,0.395925,36.0,32.608197
109,4,0.406923,37.0,35.310172
109,4,0.417921,38.0,38.335196
109,4,0.428918,39.0,41.36022
109,4,0.439916,40.0,44.385178
109,4,0.450914,41.0,47.410202
109,4,0.461912,42.0,50.435226
109,4,0.47291,43.0,53.460184
109,4,0.483908,44.0,56.485208
109,4,0.494906,45.0,59.510233
109,4,0.505904,46.0,62.53519
109,4,0.516902,47.0,65.560214
109,4,0.5279,48.0,68.585239
109,4,0.538898,49.0,70.38451
109,4,0.549895,50.0,69.945
109,4,0.560893,51.0,69.50549
109,4,0.571891,52.0,69.06599
109,4,0.582889,53.0,68.62648
109,4,0.593887,54.0,68.186971
109,4,0.604885,55.0,67.229555
109,4,0.615883,56.0,66.238258
109,4,0.626881,57.0,65.24696
109,4,0.637879,58.0,64.255684
109,4,0.648877,59.0,63.264387
109,4,0.659875,60.0,62.273089
109,4,0.670873,61.0,61.281813
109,4,0.68187,62.0,60.290515
109,4,0.692868,63.0,59.299218
109,4,0.703866,64.0,58.30792
109,4,0.714864,65.0,57.316644
109,4,0.725862,66.0,56.325347
109,4,0.73686,67.0,55.334049
109,4,0.747858,68.0,51.566922
109,4,0.758856,69.0,43.648359
109,4,0.769854,70.0,35.729797
109,4,0.780852,71.0,27.811409
109,4,0.79185,72.0,22.151587
109,4,0.802847,73.0,20.889129
109,4,0.813845,74.0,19.6267
109,4,0.824843,75.0,18.364242
109,4,0.835841,76.0,17.101785
109,4,0.846839,77.0,15.839355
109,4,0.857837,78.0,14.576898
109,4,0.868835,79.0,13.314441
109,4,0.879833,80.0,12.052011
109,4,0.890831,81.0,10.789554
109,4,0.901829,82.0,9.527096
109,4,0.912827,83.0,8.264667
109,4,0.923824,84.0,7.002209
109,4,0.934822,85.0,5.739752
109,4,0.94582,86.0,4.477322
109,4,0.956818,87.0,4.162142
109,4,0.967816,88.0,5.015812
109,4,0.978814,89.0,5.869482
109,4,0.989812,90.0,6.723133
109,4,1.00081,91.0,7.158434
109,4,1.011808,92.0,7.134164
109,4,1.022806,93.0,7.109893
109,4,1.033804,94.0,7.085623
109,4,1.044801,95.0,7.061352
109,4,1.055799,96.0,7.037082
109,4,1.066797,97.0,7.012811
109,4,1.077795,98.0,6.988541
109,4,1.088793,99.0,6.964271
109,4,1.099791,100.0,6.94
109,5,0.0,0.0,6.94
109,5,0.010998,1.0,6.952262
109,5,0.021996,2.0,6.964523
109,5,0.032994,3.0,6.976785
109,5,0.043992,4.0,6.989047
109,5,0.05499,5.0,7.001308
109,5,0.065987,6.0,7.01357
109,5,0.076985,7.0,7.025832
109,5,0.087983,8.0,7.038093
109,5,0.098981,9.0,7.050355
109,5,0.109979,10.0,7.062617
109,5,0.120977,11.0,7.074878
109,5,0.131975,12.0,7.437007
109,5,0.142973,13.0,8.050076
109,5,0.153971,14.0,8.66316
109,5,0.164969,15.0,9.276244
109,5,0.175967,16.0,9.889328
109,5,0.186964,17.0,10.502412
109,5,0.197962,18.0,11.115496
109,5,0.20896,19.0,11.72858
109,5,0.219958,20.0,12.339909
109,5,0.230956,21.0,12.860738
109,5,0.241954,22.0,13.381567
109,5,0.252952,23.0,13.902397
109,5,0.26395,24.0,14.423226
109,5,0.274948,25.0,14.944056
109,5,0.285946,26.0,15.464885
109,5,0.296944,27.0,15.985714
109,5,0.307941,28.0,16.506544
109,5,0.318939,29.0,17.027373
109,5,0.329937,30.0,17.548202
109,5,0.340935,31.0,18.069032
109,5,0.351933,32.0,18.589861
109,5,0.362931,33.0,19.467333
109,5,0.373929,34.0,22.036337
109,5,0.384927,35.0,24.60534
109,5,0.395925,36.0,27.174343
109,5,0.406923,37.0,29.743347
109,5,0.417921,38.0,32.31229
109,5,0.428918,39.0,34.881294
109,5,0.439916,40.0,37.450297
109,5,0.450914,41.0,40.0193
109,5,0.461912,42.0,42.588304
109,5,0.47291,43.0,45.348469
109,5,0.483908,44.0,50.077974
109,5,0.494906,45.0,54.807478
109,5,0.505904,46.0,59.536982
109,5,0.516902,47.0,64.266487
109,5,0.5279,48.0,65.493355
109,5,0.538898,49.0,65.881725
109,5,0.549895,50.0,66.270095
109,5,0.560893,51.0,66.658465
109,5,0.571891,52.0,67.046835
109,5,0.582889,53.0,67.435205
109,5,0.593887,54.0,67.823575
109,5,0.604885,55.0,68.211945
109,5,0.615883,56.0,68.600315
109,5,0.626881,57.0,68.988684
109,5,0.637879,58.0,67.4829
109,5,0.648877,59.0,65.55106
109,5,0.659875,60.0,63.61922
109,5,0.670873,61.0,61.68738
109,5,0.68187,62.0,59.75554
109,5,0.692868,63.0,57.823745
109,5,0.703866,64.0,55.891905
109,5,0.714864,65.0,53.960066
109,5,0.725862,66.0,52.028226
109,5,0.73686,67.0,50.096386
109,5,0.747858,68.0,47.51537
109,5,0.758856,69.0,44.797481
109,5,0.769854,70.0,42.079593
109,5,0.780852,71.0,39.361704
109,5,0.79185,72.0,36.643816
109,5,0.802847,73.0,33.925927
109,5,0.813845,74.0,31.208039
109,5,0.824843,75.0,28.49015
109,5,0.835841,76.0,25.772261
109,5,0.846839,77.0,23.054373
109,5,0.857837,78.0,20.336484
109,5,0.868835,79.0,17.618596
109,5,0.879833,80.0,14.900707
109,5,0.890831,81.0,12.182819
109,5,0.901829,82.0,10.604167
109,5,0.912827,83.0,9.943538
109,5,0.923824,84.0,9.282909
109,5,0.934822,85.0,8.62228
109,5,0.94582,86.0,7.96165
109,5,0.956818,87.0,7.301021
109,5,0.967816,88.0,6.640407
109,5,0.978814,89.0,5.979778
109,5,0.989812,90.0,5.319149
109,5,1.00081,91.0,5.631825
109,5,1.011808,92.0,6.058289
109,5,1.022806,93.0,6.484753
109,5,1.033804,94.0,6.911217
109,5,1.044801,95.0,7.337681
109,5,1.055799,96.0,7.764145
109,5,1.066797,97.0,8.190608
109,5,1.077795,98.0,8.617072
109,5,1.088793,99.0,9.043536
109,5,1.099791,100.0,9.47
109,6,0.0,0.0,9.47
109,6,0.010998,1.0,9.219333
109,6,0.021996,2.0,8.968667
109,6,0.032994,3.0,8.718
109,6,0.043992,4.0,8.544817
109,6,0.05499,5.0,8.604085
109,6,0.065987,6.0,8.663354
109,6,0.076985,7.0,8.722622
109,6,0.087983,8.0,8.78189
109,6,0.098981,9.0,8.841159
109,6,0.109979,10.0,8.900427
109,6,0.120977,11.0,8.959695
109,6,0.131975,12.0,9.018963
109,6,0.142973,13.0,9.078232
109,6,0.153971,14.0,9.1375
109,6,0.164969,15.0,9.196768
109,6,0.175967,16.0,9.256037
109,6,0.186964,17.0,9.315305
109,6,0.197962,18.0,9.870833
109,6,0.20896,19.0,10.780833
109,6,0.219958,20.0,11.690833
109,6,0.230956,21.0,12.600833
109,6,0.241954,22.0,13.510833
109,6,0.252952,23.0,14.539231
109,6,0.26395,24.0,15.652198
109,6,0.274948,25.0,16.765165
109,6,0.285946,26.0,17.878132
109,6,0.296944,27.0,18.991099
109,6,0.307941,28.0,20.104066
109,6,0.318939,29.0,21.217033
109,6,0.329937,30.0,22.33
109,6,0.340935,31.0,24.192
109,6,0.351933,32.0,26.054
109,6,0.362931,33.0,27.916
109,6,0.373929,34.0,29.778
109,6,0.384927,35.0,31.64
109,6,0.395925,36.0,33.502
109,6,0.406923,37.0,35.364
109,6,0.417921,38.0,37.226
109,6,0.428918,39.0,39.088
109,6,0.439916,40.0,40.95
109,6,0.450914,41.0,43.405
109,6,0.461912,42.0,45.86
109,6,0.47291,43.0,48.315
109,6,0.483908,44.0,50.77
109,6,0.494906,45.0,53.225
109,6,0.505904,46.0,55.68
109,6,0.516902,47.0,58.135
109,6,0.5279,48.0,60.59
109,6,0.538898,49.0,63.045
109,6,0.549895,50.0,65.5
109,6,0.560893,51.0,64.934286
109,6,0.571891,52.0,64.368571
109,6,0.582889,53.0,63.802857
109,6,0.593887,54.0,63.237143
109,6,0.604885,55.0,62.671429
109,6,0.615883,56.0,62.105714
109,6,0.626881,57.0,61.54
109,6,0.637879,58.0,60.974286
109,6,0.648877,59.0,59.958
109,6,0.659875,60.0,57.59
109,6,0.670873,61.0,55.222
109,6,0.68187,62.0,52.854
109,6,0.692868,63.0,50.486
109,6,0.703866,64.0,48.118
109,6,0.714864,65.0,45.75
109,6,0.725862,66.0,43.382
109,6,0.73686,67.0,41.014
109,6,0.747858,68.0,37.096667
109,6,0.758856,69.0,31.63
109,6,0.769854,70.0,26.163333
109,6,0.780852,71.0,20.696667
109,6,0.79185,72.0,18.568
109,6,0.802847,73.0,17.552
109,6,0.813845,74.0,16.536
109,6,0.824843,75.0,15.52
109,6,0.835841,76.0,14.504
109,6,0.846839,77.0,13.488
109,6,0.857837,78.0,12.472
109,6,0.868835,79.0,11.456
109,6,0.879833,80.0,10.44
109,6,0.890831,81.0,9.424
109,6,0.901829,82.0,8.633034
109,6,0.912827,83.0,7.917079
109,6,0.923824,84.0,7.201124
109,6,0.934822,85.0,6.485169
109,6,0.94582,86.0,5.769213
109,6,0.956818,87.0,5.053258
109,6,0.967816,88.0,4.337303
109,6,0.978814,89.0,3.838235
109,6,0.989812,90.0,3.772941
109,6,1.00081,91.0,3.707647
109,6,1.011808,92.0,3.642353
109,6,1.022806,93.0,3.577059
109,6,1.033804,94.0,3.511765
109,6,1.044801,95.0,3.446471
109,6,1.055799,96.0,3.381176
109,6,1.066797,97.0,3.315882
109,6,1.077795,98.0,3.250588
109,6,1.088793,99.0,3.185294
109,6,1.099791,100.0,3.12
109,7,0.0,0.0,3.12
109,7,0.010998,1.0,3.68267
109,7,0.021996,2.0,4.245353
109,7,0.032994,3.0,4.808022
109,7,0.043992,4.0,5.370705
109,7,0.05499,5.0,5.933375
109,7,0.065987,6.0,6.227342
109,7,0.076985,7.0,6.056229
109,7,0.087983,8.0,5.885121
109,7,0.098981,9.0,5.714008
109,7,0.109979,10.0,5.5429
109,7,0.120977,11.0,5.371792
109,7,0.131975,12.0,5.200679
109,7,0.142973,13.0,5.029571
109,7,0.153971,14.0,4.858458
109,7,0.164969,15.0,4.68735
109,7,0.175967,16.0,4.516242
109,7,0.186964,17.0,4.345129
109,7,0.197962,18.0,4.174021
109,7,0.20896,19.0,4.002908
109,7,0.219958,20.0,4.267333
109,7,0.230956,21.0,5.642354
109,7,0.241954,22.0,7.017406
109,7,0.252952,23.0,8.392427
109,7,0.26395,24.0,9.737935
109,7,0.274948,25.0,10.588636
109,7,0.285946,26.0,11.439338
109,7,0.296944,27.0,12.290058
109,7,0.307941,28.0,13.14076
109,7,0.318939,29.0,13.991481
109,7,0.329937,30.0,14.842182
109,7,0.340935,31.0,15.692883
109,7,0.351933,32.0,16.543604
109,7,0.362931,33.0,17.394305
109,7,0.373929,34.0,18.245026
109,7,0.384927,35.0,19.095727
109,7,0.395925,36.0,19.946429
109,7,0.406923,37.0,20.797149
109,7,0.417921,38.0,21.647851
109,7,0.428918,39.0,22.498571
109,7,0.439916,40.0,24.989322
109,7,0.450914,41.0,28.751084
109,7,0.461912,42.0,32.512933
109,7,0.47291,43.0,36.274695
109,7,0.483908,44.0,40.036543
109,7,0.494906,45.0,43.768297
109,7,0.505904,46.0,46.251713
109,7,0.516902,47.0,48.735187
109,7,0.5279,48.0,51.218604
109,7,0.538898,49.0,53.702078
109,7,0.549895,50.0,56.185495
109,7,0.560893,51.0,58.668911
109,7,0.571891,52.0,61.152385
109,7,0.582889,53.0,63.635802
109,7,0.593887,54.0,64.679367
109,7,0.604885,55.0,64.156
109,7,0.615883,56.0,63.632633
109,7,0.626881,57.0,63.109255
109,7,0.637879,58.0,62.585888
109,7,0.648877,59.0,62.062509
109,7,0.659875,60.0,61.539143
109,7,0.670873,61.0,61.015776
109,7,0.68187,62.0,60.492398
109,7,0.692868,63.0,59.969031
109,7,0.703866,64.0,58.417201
109,7,0.714864,65.0,56.234329
109,7,0.725862,66.0,54.051456
109,7,0.73686,67.0,51.868534
109,7,0.747858,68.0,49.685661
109,7,0.758856,69.0,47.502738
109,7,0.769854,70.0,45.319866
109,7,0.780852,71.0,43.136993
109,7,0.79185,72.0,40.954071
109,7,0.802847,73.0,38.771198
109,7,0.813845,74.0,36.588275
109,7,0.824843,75.0,34.405403
109,7,0.835841,76.0,32.22253
109,7,0.846839,77.0,30.039607
109,7,0.857837,78.0,26.309695
109,7,0.868835,79.0,21.66762
109,7,0.879833,80.0,17.025652
109,7,0.890831,81.0,12.383684
109,7,0.901829,82.0,9.073738
109,7,0.912827,83.0,8.730812
109,7,0.923824,84.0,8.387877
109,7,0.934822,85.0,8.04495
109,7,0.94582,86.0,7.702023
109,7,0.956818,87.0,7.359088
109,7,0.967816,88.0,7.016162
109,7,0.978814,89.0,6.673227
109,7,0.989812,90.0,6.3303
109,7,1.00081,91.0,5.987373
109,7,1.011808,92.0,5.644438
109,7,1.022806,93.0,5.301512
109,7,1.033804,94.0,4.958577
109,7,1.044801,95.0,4.61565
109,7,1.055799,96.0,4.552658
109,7,1.066797,97.0,5.452004
109,7,1.077795,98.0,6.351329
109,7,1.088793,99.0,7.250675
109,7,1.099791,100.0,8.15
109,8,0.0,0.0,8.15
109,8,0.010998,1.0,8.1181
109,8,0.021996,2.0,8.0862
109,8,0.032994,3.0,8.0543
109,8,0.043992,4.0,8.0224
109,8,0.05499,5.0,7.9905
109,8,0.065987,6.0,7.9586
109,8,0.076985,7.0,7.9267
109,8,0.087983,8.0,7.8948
109,8,0.098981,9.0,7.8629
109,8,0.109979,10.0,8.322
109,8,0.120977,11.0,8.830202
109,8,0.131975,12.0,9.338404
109,8,0.142973,13.0,9.846596
109,8,0.153971,14.0,10.354798
109,8,0.164969,15.0,10.863
109,8,0.175967,16.0,11.371202
109,8,0.186964,17.0,11.879404
109,8,0.197962,18.0,12.387596
109,8,0.20896,19.0,12.68637
109,8,0.219958,20.0,12.938603
109,8,0.230956,21.0,13.190836
109,8,0.241954,22.0,13.443068
109,8,0.252952,23.0,13.695296
109,8,0.26395,24.0,13.947528
109,8,0.274948,25.0,14.199761
109,8,0.285946,26.0,14.451994
109,8,0.296944,27.0,14.704226
109,8,0.307941,28.0,14.956454
109,8,0.318939,29.0,15.208686
109,8,0.329937,30.0,15.586017
109,8,0.340935,31.0,18.728022
109,8,0.351933,32.0,21.870027
109,8,0.362931,33.0,25.011965
109,8,0.373929,34.0,28.15397
109,8,0.384927,35.0,31.295975
109,8,0.395925,36.0,34.053132
109,8,0.406923,37.0,36.783563
109,8,0.417921,38.0,39.513937
109,8,0.428918,39.0,42.244368
109,8,0.439916,40.0,44.9748
109,8,0.450914,41.0,47.705232
109,8,0.461912,42.0,50.435663
109,8,0.47291,43.0,53.166037
109,8,0.483908,44.0,55.896468
109,8,0.494906,45.0,58.6269
109,8,0.505904,46.0,61.357332
109,8,0.516902,47.0,64.087763
109,8,0.5279,48.0,66.818137
109,8,0.538898,49.0,66.887
109,8,0.549895,50.0,66.81
109,8,0.560893,51.0,66.733
109,8,0.571891,52.0,66.602318
109,8,0.582889,53.0,65.492137
109,8,0.593887,54.0,64.381932
109,8,0.604885,55.0,63.271727
109,8,0.615883,56.0,62.161523
109,8,0.626881,57.0,61.051318
109,8,0.637879,58.0,59.941137
109,8,0.648877,59.0,58.830932
109,8,0.659875,60.0,57.720727
109,8,0.670873,61.0,56.610523
109,8,0.68187,62.0,55.500318
109,8,0.692868,63.0,54.390137
109,8,0.703866,64.0,53.279932
109,8,0.714864,65.0,52.169727
109,8,0.725862,66.0,51.059523
109,8,0.73686,67.0,44.536098
109,8,0.747858,68.0,36.361402
109,8,0.758856,69.0,28.186535
109,8,0.769854,70.0,20.011667
109,8,0.780852,71.0,17.657851
109,8,0.79185,72.0,16.172845
109,8,0.802847,73.0,14.68787
109,8,0.813845,74.0,13.202863
109,8,0.824843,75.0,11.717857
109,8,0.835841,76.0,10.232851
109,8,0.846839,77.0,8.747845
109,8,0.857837,78.0,7.26287
109,8,0.868835,79.0,5.777863
109,8,0.879833,80.0,5.966857
109,8,0.890831,81.0,6.63016
109,8,0.901829,82.0,7.293463
109,8,0.912827,83.0,7.956752
109,8,0.923824,84.0,8.620054
109,8,0.934822,85.0,9.283357
109,8,0.94582,86.0,9.94666
109,8,0.956818,87.0,10.609963
109,8,0.967816,88.0,11.273252
109,8,0.978814,89.0,11.116069
109,8,0.989812,90.0,10.587333
109,8,1.00081,91.0,10.058598
109,8,1.011808,92.0,9.529862
109,8,1.022806,93.0,9.001138
109,8,1.033804,94.0,8.472402
109,8,1.044801,95.0,7.943667
109,8,1.055799,96.0,7.414931
109,8,1.066797,97.0,6.886196
109,8,1.077795,98.0,6.357471
109,8,1.088793,99.0,5.828736
109,8,1.099791,100.0,5.3
109,9,0.0,0.0,5.3
109,9,0.010998,1.0,5.87098
109,9,0.021996,2.0,6.441947
109,9,0.032994,3.0,7.012928
109,9,0.043992,4.0,7.583895
109,9,0.05499,5.0,8.154875
109,9,0.065987,6.0,8.648438
109,9,0.076985,7.0,8.837872
109,9,0.087983,8.0,9.02731
109,9,0.098981,9.0,9.216744
109,9,0.109979,10.0,9.406182
109,9,0.120977,11.0,9.59562
109,9,0.131975,12.0,9.785054
109,9,0.142973,13.0,9.974492
109,9,0.153971,14.0,10.163925
109,9,0.164969,15.0,10.353364
109,9,0.175967,16.0,10.542802
109,9,0.186964,17.0,10.732235
109,9,0.197962,18.0,10.921674
109,9,0.20896,19.0,11.111107
109,9,0.219958,20.0,11.300545
109,9,0.230956,21.0,11.489984
109,9,0.241954,22.0,12.555183
109,9,0.252952,23.0,16.101817
109,9,0.26395,24.0,19.648367
109,9,0.274948,25.0,22.621429
109,9,0.285946,26.0,24.58499
109,9,0.296944,27.0,26.548505
109,9,0.307941,28.0,28.512066
109,9,0.318939,29.0,30.475581
109,9,0.329937,30.0,32.439143
109,9,0.340935,31.0,34.402704
109,9,0.351933,32.0,36.366219
109,9,0.362931,33.0,38.329781
109,9,0.373929,34.0,40.293296
109,9,0.384927,35.0,42.345571
109,9,0.395925,36.0,44.717222
109,9,0.406923,37.0,47.088817
109,9,0.417921,38.0,49.460468
109,9,0.428918,39.0,51.832063
109,9,0.439916,40.0,54.203714
109,9,0.450914,41.0,56.575365
109,9,0.461912,42.0,58.94696
109,9,0.47291,43.0,61.318611
109,9,0.483908,44.0,63.690206
109,9,0.494906,45.0,65.908722
109,9,0.505904,46.0,66.167091
109,9,0.516902,47.0,66.425454
109,9,0.5279,48.0,66.683823
109,9,0.538898,49.0,66.942186
109,9,0.549895,50.0,67.200556
109,9,0.560893,51.0,67.458925
109,9,0.571891,52.0,67.717288
109,9,0.582889,53.0,67.975657
109,9,0.593887,54.0,68.23402
109,9,0.604885,55.0,68.492389
109,9,0.615883,56.0,68.750758
109,9,0.626881,57.0,69.009121
109,9,0.637879,58.0,69.109576
109,9,0.648877,59.0,63.920849
109,9,0.659875,60.0,58.732
109,9,0.670873,61.0,53.543151
109,9,0.68187,62.0,48.354424
109,9,0.692868,63.0,43.165576
109,9,0.703866,64.0,38.622903
109,9,0.714864,65.0,36.2203
109,9,0.725862,66.0,33.817697
109,9,0.73686,67.0,31.415151
109,9,0.747858,68.0,29.012549
109,9,0.758856,69.0,26.610003
109,9,0.769854,70.0,24.2074
109,9,0.780852,71.0,21.804797
109,9,0.79185,72.0,19.402251
109,9,0.802847,73.0,16.999649
109,9,0.813845,74.0,14.597103
109,9,0.824843,75.0,12.1945
109,9,0.835841,76.0,9.791897
109,9,0.846839,77.0,7.389351
109,9,0.857837,78.0,4.986749
109,9,0.868835,79.0,5.539785
109,9,0.879833,80.0,7.136
109,9,0.890831,81.0,8.732215
109,9,0.901829,82.0,10.328392
109,9,0.912827,83.0,11.210674
109,9,0.923824,84.0,10.982402
109,9,0.934822,85.0,10.754125
109,9,0.94582,86.0,10.525848
109,9,0.956818,87.0,10.297576
109,9,0.967816,88.0,10.069299
109,9,0.978814,89.0,9.841027
109,9,0.989812,90.0,9.61275
109,9,1.00081,91.0,9.384473
109,9,1.011808,92.0,9.156201
109,9,1.022806,93.0,8.927924
109,9,1.033804,94.0,8.699652
109,9,1.044801,95.0,8.471375
109,9,1.055799,96.0,8.243098
109,9,1.066797,97.0,8.014826
109,9,1.077795,98.0,7.786549
109,9,1.088793,99.0,7.558277
109,9,1.099791,100.0,7.33
109,10,0.0,0.0,7.33
109,10,0.010998,1.0,7.3783
109,10,0.021996,2.0,7.4266
109,10,0.032994,3.0,7.485901
109,10,0.043992,4.0,7.642627
109,10,0.05499,5.0,7.799357
109,10,0.065987,6.0,7.956087
109,10,0.076985,7.0,8.112814
109,10,0.087983,8.0,8.269544
109,10,0.098981,9.0,8.42627
109,10,0.109979,10.0,8.583
109,10,0.120977,11.0,8.73973
109,10,0.131975,12.0,8.896456
109,10,0.142973,13.0,9.053186
109,10,0.153971,14.0,9.710565
109,10,0.164969,15.0,10.390714
109,10,0.175967,16.0,11.070864
109,10,0.186964,17.0,11.750997
109,10,0.197962,18.0,12.431146
109,10,0.20896,19.0,13.111279
109,10,0.219958,20.0,13.791429
109,10,0.230956,21.0,14.471578
109,10,0.241954,22.0,15.151711
109,10,0.252952,23.0,15.83186
109,10,0.26395,24.0,16.829234
109,10,0.274948,25.0,17.900278
109,10,0.285946,26.0,18.971321
109,10,0.296944,27.0,20.042339
109,10,0.307941,28.0,21.113383
109,10,0.318939,29.0,22.184401
109,10,0.329937,30.0,23.255444
109,10,0.340935,31.0,24.326488
109,10,0.351933,32.0,25.397506
109,10,0.362931,33.0,26.468549
109,10,0.373929,34.0,27.539568
109,10,0.384927,35.0,28.610611
109,10,0.395925,36.0,29.681655
109,10,0.406923,37.0,32.870157
109,10,0.417921,38.0,36.697968
109,10,0.428918,39.0,40.525689
109,10,0.439916,40.0,44.3535
109,10,0.450914,41.0,48.181311
109,10,0.461912,42.0,52.009032
109,10,0.47291,43.0,53.435886
109,10,0.483908,44.0,54.791027
109,10,0.494906,45.0,56.1462
109,10,0.505904,46.0,57.501373
109,10,0.516902,47.0,58.856514
109,10,0.5279,48.0,60.211686
109,10,0.538898,49.0,61.566827
109,10,0.549895,50.0,62.922
109,10,0.560893,51.0,64.277173
109,10,0.571891,52.0,65.632314
109,10,0.582889,53.0,66.987486
109,10,0.593887,54.0,68.342627
109,10,0.604885,55.0,69.6978
109,10,0.615883,56.0,71.052973
109,10,0.626881,57.0,70.012117
109,10,0.637879,58.0,66.357383
109,10,0.648877,59.0,62.702734
109,10,0.659875,60.0,59.048
109,10,0.670873,61.0,55.484644
109,10,0.68187,62.0,52.5305
109,10,0.692868,63.0,49.576286
109,10,0.703866,64.0,46.622142
109,10,0.714864,65.0,43.667929
109,10,0.725862,66.0,40.713715
109,10,0.73686,67.0,37.759571
109,10,0.747858,68.0,34.805357
109,10,0.758856,69.0,31.851214
109,10,0.769854,70.0,28.897
109,10,0.780852,71.0,25.942786
109,10,0.79185,72.0,24.174751
109,10,0.802847,73.0,22.424106
109,10,0.813845,74.0,20.673502
109,10,0.824843,75.0,18.922857
109,10,0.835841,76.0,17.172212
109,10,0.846839,77.0,15.421608
109,10,0.857837,78.0,13.670963
109,10,0.868835,79.0,11.920359
109,10,0.879833,80.0,10.169714
109,10,0.890831,81.0,8.419069
109,10,0.901829,82.0,7.980179
109,10,0.912827,83.0,7.790044
109,10,0.923824,84.0,7.599913
109,10,0.934822,85.0,7.409778
109,10,0.94582,86.0,7.219643
109,10,0.956818,87.0,7.029512
109,10,0.967816,88.0,6.839377
109,10,0.978814,89.0,6.649246
109,10,0.989812,90.0,6.459111
109,10,1.00081,91.0,6.268976
109,10,1.011808,92.0,6.078845
109,10,1.022806,93.0,5.88871
109,10,1.033804,94.0,5.69858
109,10,1.044801,95.0,6.274625
109,10,1.055799,96.0,7.045707
109,10,1.066797,97.0,7.816771
109,10,1.077795,98.0,8.587854
109,10,1.088793,99.0,9.358918
109,10,1.099791,100.0,10.13
109,11,0.0,0.0,10.13
109,11,0.010998,1.0,9.866961
109,11,0.021996,2.0,9.603928
109,11,0.032994,3.0,9.34089
109,11,0.043992,4.0,9.077857
109,11,0.05499,5.0,8.814818
109,11,0.065987,6.0,8.55178
109,11,0.076985,7.0,8.288747
109,11,0.087983,8.0,8.025708
109,11,0.098981,9.0,7.762675
109,11,0.109979,10.0,7.499636
109,11,0.120977,11.0,7.236598
109,11,0.131975,12.0,6.973565
109,11,0.142973,13.0,6.710526
109,11,0.153971,14.0,6.447493
109,11,0.164969,15.0,6.4945
109,11,0.175967,16.0,8.525818
109,11,0.186964,17.0,10.557091
109,11,0.197962,18.0,11.760619
109,11,0.20896,19.0,11.877672
109,11,0.219958,20.0,11.994727
109,11,0.230956,21.0,12.111783
109,11,0.241954,22.0,12.228836
109,11,0.252952,23.0,12.345891
109,11,0.26395,24.0,12.462944
109,11,0.274948,25.0,12.58
109,11,0.285946,26.0,12.697056
109,11,0.296944,27.0,12.814109
109,11,0.307941,28.0,12.931164
109,11,0.318939,29.0,13.048217
109,11,0.329937,30.0,13.165273
109,11,0.340935,31.0,13.282328
109,11,0.351933,32.0,13.399381
109,11,0.362931,33.0,15.429615
109,11,0.373929,34.0,18.917436
109,11,0.384927,35.0,22.405333
109,11,0.395925,36.0,25.893231
109,11,0.406923,37.0,28.884703
109,11,0.417921,38.0,31.406011
109,11,0.428918,39.0,33.927264
109,11,0.439916,40.0,36.448571
109,11,0.450914,41.0,38.969879
109,11,0.461912,42.0,41.491132
109,11,0.47291,43.0,44.01244
109,11,0.483908,44.0,46.533692
109,11,0.494906,45.0,49.055
109,11,0.505904,46.0,51.513841
109,11,0.516902,47.0,52.879651
109,11,0.5279,48.0,54.245492
109,11,0.538898,49.0,55.611302
109,11,0.549895,50.0,56.977143
109,11,0.560893,51.0,58.342983
109,11,0.571891,52.0,59.708794
109,11,0.582889,53.0,61.074635
109,11,0.593887,54.0,62.440445
109,11,0.604885,55.0,63.806286
109,11,0.615883,56.0,63.931727
109,11,0.626881,57.0,63.21147
109,11,0.637879,58.0,62.491197
109,11,0.648877,59.0,61.77094
109,11,0.659875,60.0,61.050667
109,11,0.670873,61.0,60.330394
109,11,0.68187,62.0,59.610137
109,11,0.692868,63.0,58.889863
109,11,0.703866,64.0,58.169606
109,11,0.714864,65.0,57.449333
109,11,0.725862,66.0,56.72906
109,11,0.73686,67.0,56.008803
109,11,0.747858,68.0,53.059174
109,11,0.758856,69.0,47.183652
109,11,0.769854,70.0,41.308
109,11,0.780852,71.0,35.432348
109,11,0.79185,72.0,29.556826
109,11,0.802847,73.0,23.802514
109,11,0.813845,74.0,22.415772
109,11,0.824843,75.0,21.029
109,11,0.835841,76.0,19.642228
109,11,0.846839,77.0,18.255486
109,11,0.857837,78.0,16.868714
109,11,0.868835,79.0,15.481972
109,11,0.879833,80.0,14.0952
109,11,0.890831,81.0,12.708428
109,11,0.901829,82.0,11.321686
109,11,0.912827,83.0,9.934914
109,11,0.923824,84.0,8.548172
109,11,0.934822,85.0,7.1614
109,11,0.94582,86.0,5.774628
109,11,0.956818,87.0,5.753594
109,11,0.967816,88.0,7.026406
109,11,0.978814,89.0,8.299189
109,11,0.989812,90.0,9.572
109,11,1.00081,91.0,10.070082
109,11,1.011808,92.0,9.656745
109,11,1.022806,93.0,9.243398
109,11,1.033804,94.0,8.830061
109,11,1.044801,95.0,8.416714
109,11,1.055799,96.0,8.003368
109,11,1.066797,97.0,7.59003
109,11,1.077795,98.0,7.176684
109,11,1.088793,99.0,6.763346
109,11,1.099791,100.0,6.35
110,2,0.0,0.0,4.97
110,2,0.010998,1.0,4.910384
110,2,0.021996,2.0,4.850767
110,2,0.032994,3.0,4.791149
110,2,0.043992,4.0,4.731533
110,2,0.05499,5.0,4.671917
110,2,0.065987,6.0,4.6123
110,2,0.076985,7.0,4.552684
110,2,0.087983,8.0,4.493066
110,2,0.098981,9.0,4.482138
110,2,0.109979,10.0,4.484875
110,2,0.120977,11.0,4.487612
110,2,0.131975,12.0,4.49035
110,2,0.142973,13.0,4.493088
110,2,0.153971,14.0,4.495825
110,2,0.164969,15.0,4.498563
110,2,0.175967,16.0,4.5013
110,2,0.186964,17.0,4.504037
110,2,0.197962,18.0,4.506775
110,2,0.20896,19.0,4.509513
110,2,0.219958,20.0,5.139
110,2,0.230956,21.0,5.90428
110,2,0.241954,22.0,6.66956
110,2,0.252952,23.0,7.434857
110,2,0.26395,24.0,8.200137
110,2,0.274948,25.0,8.965417
110,2,0.285946,26.0,9.730697
110,2,0.296944,27.0,10.495977
110,2,0.307941,28.0,11.350558
110,2,0.318939,29.0,12.263967
110,2,0.329937,30.0,13.177375
110,2,0.340935,31.0,14.090783
110,2,0.351933,32.0,15.004192
110,2,0.362931,33.0,15.917621
110,2,0.373929,34.0,16.831029
110,2,0.384927,35.0,17.744438
110,2,0.395925,36.0,18.657846
110,2,0.406923,37.0,19.571254
110,2,0.417921,38.0,20.484683
110,2,0.428918,39.0,22.627973
110,2,0.439916,40.0,25.4516
110,2,0.450914,41.0,28.275227
110,2,0.461912,42.0,31.098855
110,2,0.47291,43.0,33.922545
110,2,0.483908,44.0,36.746173
110,2,0.494906,45.0,39.5698
110,2,0.505904,46.0,42.154614
110,2,0.516902,47.0,44.677665
110,2,0.5279,48.0,47.200773
110,2,0.538898,49.0,49.723824
110,2,0.549895,50.0,52.246875
110,2,0.560893,51.0,54.769926
110,2,0.571891,52.0,57.292977
110,2,0.582889,53.0,59.816085
110,2,0.593887,54.0,62.339136
110,2,0.604885,55.0,64.862188
110,2,0.615883,56.0,67.385239
110,2,0.626881,57.0,66.257936
110,2,0.637879,58.0,64.412464
110,2,0.648877,59.0,62.567032
110,2,0.659875,60.0,60.7216
110,2,0.670873,61.0,58.876168
110,2,0.68187,62.0,57.030736
110,2,0.692868,63.0,55.185264
110,2,0.703866,64.0,53.05309
110,2,0.714864,65.0,50.916937
110,2,0.725862,66.0,48.780785
110,2,0.73686,67.0,46.644632
110,2,0.747858,68.0,44.508431
110,2,0.758856,69.0,42.372278
110,2,0.769854,70.0,40.236125
110,2,0.780852,71.0,38.099972
110,2,0.79185,72.0,35.963819
110,2,0.802847,73.0,33.827618
110,2,0.813845,74.0,31.684014
110,2,0.824843,75.0,29.275938
110,2,0.835841,76.0,26.867861
110,2,0.846839,77.0,24.459784
110,2,0.857837,78.0,22.051654
110,2,0.868835,79.0,19.643577
110,2,0.879833,80.0,17.2355
110,2,0.890831,81.0,14.827423
110,2,0.901829,82.0,12.419346
110,2,0.912827,83.0,10.011216
110,2,0.923824,84.0,7.603139
110,2,0.934822,85.0,5.36
110,2,0.94582,86.0,5.36
110,2,0.956818,87.0,5.36
110,2,0.967816,88.0,5.36
110,2,0.978814,89.0,5.36
110,2,0.989812,90.0,5.36
110,2,1.00081,91.0,5.36
110,2,1.011808,92.0,5.36
110,2,1.022806,93.0,5.36
110,2,1.033804,94.0,5.652642
110,2,1.044801,95.0,5.9972
110,2,1.055799,96.0,6.341758
110,2,1.066797,97.0,6.686317
110,2,1.077795,98.0,7.030883
110,2,1.088793,99.0,7.375442
110,2,1.099791,100.0,7.72
110,3,0.0,0.0,7.72
110,3,0.010998,1.0,7.369167
110,3,0.021996,2.0,7.018333
110,3,0.032994,3.0,6.6675
110,3,0.043992,4.0,6.316667
110,3,0.05499,5.0,5.965833
110,3,0.065987,6.0,5.615
110,3,0.076985,7.0,5.264167
110,3,0.087983,8.0,4.913333
110,3,0.098981,9.0,4.5625
110,3,0.109979,10.0,4.211667
110,3,0.120977,11.0,3.860833
110,3,0.131975,12.0,3.51
110,3,0.142973,13.0,4.485
110,3,0.153971,14.0,5.46
110,3,0.164969,15.0,6.435
110,3,0.175967,16.0,7.41
110,3,0.186964,17.0,8.385
110,3,0.197962,18.0,8.87625
110,3,0.20896,19.0,9.125625
110,3,0.219958,20.0,9.375
110,3,0.230956,21.0,9.624375
110,3,0.241954,22.0,9.87375
110,3,0.252952,23.0,10.123125
110,3,0.26395,24.0,10.3725
110,3,0.274948,25.0,10.621875
110,3,0.285946,26.0,10.87125
110,3,0.296944,27.0,11.120625
110,3,0.307941,28.0,11.37
110,3,0.318939,29.0,13.1825
110,3,0.329937,30.0,14.995
110,3,0.340935,31.0,16.8075
110,3,0.351933,32.0,18.62
110,3,0.362931,33.0,20.4325
110,3,0.373929,34.0,22.245
110,3,0.384927,35.0,24.0575
110,3,0.395925,36.0,25.87
110,3,0.406923,37.0,28.704062
110,3,0.417921,38.0,31.538125
110,3,0.428918,39.0,34.372188
110,3,0.439916,40.0,37.20625
110,3,0.450914,41.0,40.040312
110,3,0.461912,42.0,42.874375
110,3,0.47291,43.0,45.708438
110,3,0.483908,44.0,48.5425
110,3,0.494906,45.0,51.376563
110,3,0.505904,46.0,54.210625
110,3,0.516902,47.0,56.43875
110,3,0.5279,48.0,57.455
110,3,0.538898,49.0,58.47125
110,3,0.549895,50.0,59.4875
110,3,0.560893,51.0,60.50375
110,3,0.571891,52.0,61.52
110,3,0.582889,53.0,62.53625
110,3,0.593887,54.0,63.5525
110,3,0.604885,55.0,64.042813
110,3,0.615883,56.0,63.48125
110,3,0.626881,57.0,62.919688
110,3,0.637879,58.0,62.358125
110,3,0.648877,59.0,61.796563
110,3,0.659875,60.0,61.235
110,3,0.670873,61.0,60.673438
110,3,0.68187,62.0,60.111875
110,3,0.692868,63.0,59.550313
110,3,0.703866,64.0,58.98875
110,3,0.714864,65.0,58.427188
110,3,0.725862,66.0,54.994
110,3,0.73686,67.0,50.125
110,3,0.747858,68.0,45.256
110,3,0.758856,69.0,40.387
110,3,0.769854,70.0,35.518
110,3,0.780852,71.0,30.649
110,3,0.79185,72.0,25.78
110,3,0.802847,73.0,23.465312
110,3,0.813845,74.0,21.150625
110,3,0.824843,75.0,18.835938
110,3,0.835841,76.0,16.52125
110,3,0.846839,77.0,14.206563
110,3,0.857837,78.0,11.891875
110,3,0.868835,79.0,9.577188
110,3,0.879833,80.0,7.2625
110,3,0.890831,81.0,4.947813
110,3,0.901829,82.0,2.633125
110,3,0.912827,83.0,1.378333
110,3,0.923824,84.0,2.243333
110,3,0.934822,85.0,3.108333
110,3,0.94582,86.0,3.973333
110,3,0.956818,87.0,4.838333
110,3,0.967816,88.0,5.703333
110,3,0.978814,89.0,6.568333
110,3,0.989812,90.0,7.433333
110,3,1.00081,91.0,8.030357
110,3,1.011808,92.0,8.091429
110,3,1.022806,93.0,8.1525
110,3,1.033804,94.0,8.213571
110,3,1.044801,95.0,8.274643
110,3,1.055799,96.0,8.335714
110,3,1.066797,97.0,8.396786
110,3,1.077795,98.0,8.457857
110,3,1.088793,99.0,8.518929
110,3,1.099791,100.0,8.58
110,4,0.0,0.0,8.58
110,4,0.010998,1.0,8.252468
110,4,0.021996,2.0,7.924936
110,4,0.032994,3.0,7.597397
110,4,0.043992,4.0,7.269865
110,4,0.05499,5.0,6.942333
110,4,0.065987,6.0,6.614802
110,4,0.076985,7.0,6.28727
110,4,0.087983,8.0,5.95973
110,4,0.098981,9.0,5.734401
110,4,0.109979,10.0,5.986
110,4,0.120977,11.0,6.237599
110,4,0.131975,12.0,6.489198
110,4,0.142973,13.0,6.740802
110,4,0.153971,14.0,6.992401
110,4,0.164969,15.0,7.244
110,4,0.175967,16.0,7.495599
110,4,0.186964,17.0,7.747198
110,4,0.197962,18.0,7.998802
110,4,0.20896,19.0,8.250401
110,4,0.219958,20.0,8.502
110,4,0.230956,21.0,9.089035
110,4,0.241954,22.0,10.15527
110,4,0.252952,23.0,11.22153
110,4,0.26395,24.0,12.287765
110,4,0.274948,25.0,13.354
110,4,0.285946,26.0,14.420235
110,4,0.296944,27.0,15.48647
110,4,0.307941,28.0,16.565879
110,4,0.318939,29.0,17.855606
110,4,0.329937,30.0,19.145333
110,4,0.340935,31.0,20.43506
110,4,0.351933,32.0,21.724788
110,4,0.362931,33.0,23.014546
110,4,0.373929,34.0,24.304273
110,4,0.384927,35.0,25.594
110,4,0.395925,36.0,26.883727
110,4,0.406923,37.0,28.173454
110,4,0.417921,38.0,29.463212
110,4,0.428918,39.0,30.75294
110,4,0.439916,40.0,32.042667
110,4,0.450914,41.0,33.332394
110,4,0.461912,42.0,36.320768
110,4,0.47291,43.0,39.673232
110,4,0.483908,44.0,43.025616
110,4,0.494906,45.0,46.378
110,4,0.505904,46.0,49.730384
110,4,0.516902,47.0,53.082768
110,4,0.5279,48.0,54.434412
110,4,0.538898,49.0,55.660956
110,4,0.549895,50.0,56.8875
110,4,0.560893,51.0,58.114044
110,4,0.571891,52.0,59.340588
110,4,0.582889,53.0,60.567162
110,4,0.593887,54.0,61.793706
110,4,0.604885,55.0,63.02025
110,4,0.615883,56.0,64.246794
110,4,0.626881,57.0,65.473338
110,4,0.637879,58.0,66.699912
110,4,0.648877,59.0,67.396641
110,4,0.659875,60.0,65.621
110,4,0.670873,61.0,63.845359
110,4,0.68187,62.0,62.069717
110,4,0.692868,63.0,60.294033
110,4,0.703866,64.0,58.518391
110,4,0.714864,65.0,56.74275
110,4,0.725862,66.0,54.967109
110,4,0.73686,67.0,53.191467
110,4,0.747858,68.0,51.415783
110,4,0.758856,69.0,49.640141
110,4,0.769854,70.0,47.8645
110,4,0.780852,71.0,45.588854
110,4,0.79185,72.0,42.598909
110,4,0.802847,73.0,39.608891
110,4,0.813845,74.0,36.618946
110,4,0.824843,75.0,33.629
110,4,0.835841,76.0,30.639054
110,4,0.846839,77.0,27.649109
110,4,0.857837,78.0,24.659091
110,4,0.868835,79.0,21.669146
110,4,0.879833,80.0,18.6792
110,4,0.890831,81.0,15.689254
110,4,0.901829,82.0,12.699309
110,4,0.912827,83.0,9.709291
110,4,0.923824,84.0,6.719346
110,4,0.934822,85.0,3.7294
110,4,0.94582,86.0,3.055199
110,4,0.956818,87.0,3.345897
110,4,0.967816,88.0,3.636603
110,4,0.978814,89.0,3.927301
110,4,0.989812,90.0,4.218
110,4,1.00081,91.0,4.508699
110,4,1.011808,92.0,4.987462
110,4,1.022806,93.0,5.506538
110,4,1.033804,94.0,6.025602
110,4,1.044801,95.0,6.544667
110,4,1.055799,96.0,7.063731
110,4,1.066797,97.0,7.582795
110,4,1.077795,98.0,8.101872
110,4,1.088793,99.0,8.620936
110,4,1.099791,100.0,9.14
110,5,0.0,0.0,9.14
110,5,0.010998,1.0,9.627202
110,5,0.021996,2.0,10.114404
110,5,0.032994,3.0,10.601596
110,5,0.043992,4.0,11.088798
110,5,0.05499,5.0,11.576
110,5,0.065987,6.0,12.043677
110,5,0.076985,7.0,12.453666
110,5,0.087983,8.0,12.863647
110,5,0.098981,9.0,13.273636
110,5,0.109979,10.0,13.683625
110,5,0.120977,11.0,14.093614
110,5,0.131975,12.0,14.503603
110,5,0.142973,13.0,14.913584
110,5,0.153971,14.0,15.323573
110,5,0.164969,15.0,15.7693
110,5,0.175967,16.0,16.801124
110,5,0.186964,17.0,17.832948
110,5,0.197962,18.0,18.864752
110,5,0.20896,19.0,19.896576
110,5,0.219958,20.0,20.9284
110,5,0.230956,21.0,21.886903
110,5,0.241954,22.0,22.682473
110,5,0.252952,23.0,23.478027
110,5,0.26395,24.0,24.273597
110,5,0.274948,25.0,25.069167
110,5,0.285946,26.0,25.864736
110,5,0.296944,27.0,26.660306
110,5,0.307941,28.0,27.455861
110,5,0.318939,29.0,28.25143
110,5,0.329937,30.0,29.047
110,5,0.340935,31.0,29.84257
110,5,0.351933,32.0,32.751222
110,5,0.362931,33.0,35.735278
110,5,0.373929,34.0,38.719389
110,5,0.384927,35.0,41.7035
110,5,0.395925,36.0,44.687611
110,5,0.406923,37.0,47.401621
110,5,0.417921,38.0,49.148956
110,5,0.428918,39.0,50.896324
110,5,0.439916,40.0,52.643692
110,5,0.450914,41.0,54.39106
110,5,0.461912,42.0,56.138428
110,5,0.47291,43.0,57.885764
110,5,0.483908,44.0,59.633132
110,5,0.494906,45.0,61.3805
110,5,0.505904,46.0,63.127868
110,5,0.516902,47.0,64.875236
110,5,0.5279,48.0,66.622572
110,5,0.538898,49.0,68.36994
110,5,0.549895,50.0,70.117308
110,5,0.560893,51.0,71.864676
110,5,0.571891,52.0,72.094972
110,5,0.582889,53.0,68.461178
110,5,0.593887,54.0,67.079237
110,5,0.604885,55.0,65.697295
110,5,0.615883,56.0,64.315353
110,5,0.626881,57.0,62.933411
110,5,0.637879,58.0,61.551495
110,5,0.648877,59.0,60.169554
110,5,0.659875,60.0,58.787612
110,5,0.670873,61.0,57.40567
110,5,0.68187,62.0,56.023728
110,5,0.692868,63.0,54.641813
110,5,0.703866,64.0,51.112282
110,5,0.714864,65.0,46.982667
110,5,0.725862,66.0,42.853051
110,5,0.73686,67.0,39.822816
110,5,0.747858,68.0,38.991295
110,5,0.758856,69.0,38.159759
110,5,0.769854,70.0,37.328223
110,5,0.780852,71.0,36.496687
110,5,0.79185,72.0,35.665151
110,5,0.802847,73.0,34.83363
110,5,0.813845,74.0,34.002094
110,5,0.824843,75.0,33.170558
110,5,0.835841,76.0,32.358358
110,5,0.846839,77.0,31.842221
110,5,0.857837,78.0,31.326094
110,5,0.868835,79.0,30.809957
110,5,0.879833,80.0,30.29382
110,5,0.890831,81.0,29.777683
110,5,0.901829,82.0,29.261547
110,5,0.912827,83.0,28.572859
110,5,0.923824,84.0,27.341805
110,5,0.934822,85.0,26.11075
110,5,0.94582,86.0,24.879695
110,5,0.956818,87.0,23.648641
110,5,0.967816,88.0,22.417609
110,5,0.978814,89.0,21.186555
110,5,0.989812,90.0,19.9555
110,5,1.00081,91.0,18.724445
110,5,1.011808,92.0,17.493391
110,5,1.022806,93.0,16.262359
110,5,1.033804,94.0,15.031305
110,5,1.044801,95.0,13.80025
110,5,1.055799,96.0,12.569195
110,5,1.066797,97.0,11.536394
110,5,1.077795,98.0,10.747606
110,5,1.088793,99.0,9.958803
110,5,1.099791,100.0,9.17
110,6,0.0,0.0,9.17
110,6,0.010998,1.0,9.152938
110,6,0.021996,2.0,9.135875
110,6,0.032994,3.0,9.118813
110,6,0.043992,4.0,9.10175
110,6,0.05499,5.0,9.084688
110,6,0.065987,6.0,9.067625
110,6,0.076985,7.0,9.050562
110,6,0.087983,8.0,9.0335
110,6,0.098981,9.0,9.016438
110,6,0.109979,10.0,8.999375
110,6,0.120977,11.0,8.982313
110,6,0.131975,12.0,8.96525
110,6,0.142973,13.0,9.710375
110,6,0.153971,14.0,10.79425
110,6,0.164969,15.0,11.878125
110,6,0.175967,16.0,12.962
110,6,0.186964,17.0,14.045875
110,6,0.197962,18.0,15.12975
110,6,0.20896,19.0,16.260438
110,6,0.219958,20.0,17.43125
110,6,0.230956,21.0,18.602062
110,6,0.241954,22.0,19.772875
110,6,0.252952,23.0,20.943687
110,6,0.26395,24.0,22.1145
110,6,0.274948,25.0,23.285312
110,6,0.285946,26.0,24.456125
110,6,0.296944,27.0,25.626937
110,6,0.307941,28.0,26.79775
110,6,0.318939,29.0,27.968562
110,6,0.329937,30.0,29.139375
110,6,0.340935,31.0,30.595562
110,6,0.351933,32.0,33.003
110,6,0.362931,33.0,35.410438
110,6,0.373929,34.0,37.817875
110,6,0.384927,35.0,40.225313
110,6,0.395925,36.0,42.63275
110,6,0.406923,37.0,45.040188
110,6,0.417921,38.0,47.447625
110,6,0.428918,39.0,49.855063
110,6,0.439916,40.0,52.2625
110,6,0.450914,41.0,54.669938
110,6,0.461912,42.0,57.077375
110,6,0.47291,43.0,59.484813
110,6,0.483908,44.0,60.8208
110,6,0.494906,45.0,62.0675
110,6,0.505904,46.0,63.3142
110,6,0.516902,47.0,64.5609
110,6,0.5279,48.0,65.8076
110,6,0.538898,49.0,67.0543
110,6,0.549895,50.0,68.301
110,6,0.560893,51.0,69.5477
110,6,0.571891,52.0,70.7944
110,6,0.582889,53.0,72.0411
110,6,0.593887,54.0,73.2878
110,6,0.604885,55.0,74.5345
110,6,0.615883,56.0,75.7812
110,6,0.626881,57.0,77.0279
110,6,0.637879,58.0,78.2746
110,6,0.648877,59.0,76.0465
110,6,0.659875,60.0,70.84
110,6,0.670873,61.0,65.6335
110,6,0.68187,62.0,61.408857
110,6,0.692868,63.0,58.329714
110,6,0.703866,64.0,55.250571
110,6,0.714864,65.0,52.171429
110,6,0.725862,66.0,49.092286
110,6,0.73686,67.0,46.013143
110,6,0.747858,68.0,42.934
110,6,0.758856,69.0,39.854857
110,6,0.769854,70.0,36.775714
110,6,0.780852,71.0,33.696571
110,6,0.79185,72.0,30.617429
110,6,0.802847,73.0,28.5702
110,6,0.813845,74.0,26.9816
110,6,0.824843,75.0,25.393
110,6,0.835841,76.0,23.8044
110,6,0.846839,77.0,22.2158
110,6,0.857837,78.0,20.6272
110,6,0.868835,79.0,19.0386
110,6,0.879833,80.0,17.45
110,6,0.890831,81.0,16.847667
110,6,0.901829,82.0,16.245333
110,6,0.912827,83.0,15.643
110,6,0.923824,84.0,15.040667
110,6,0.934822,85.0,14.438333
110,6,0.94582,86.0,13.836
110,6,0.956818,87.0,13.233667
110,6,0.967816,88.0,12.631333
110,6,0.978814,89.0,12.029
110,6,0.989812,90.0,11.426667
110,6,1.00081,91.0,10.824333
110,6,1.011808,92.0,10.222
110,6,1.022806,93.0,9.619667
110,6,1.033804,94.0,9.22675
110,6,1.044801,95.0,9.985625
110,6,1.055799,96.0,10.7445
110,6,1.066797,97.0,11.503375
110,6,1.077795,98.0,12.26225
110,6,1.088793,99.0,13.021125
110,6,1.099791,100.0,13.78
110,7,0.0,0.0,13.78
110,7,0.010998,1.0,13.486453
110,7,0.021996,2.0,13.192899
110,7,0.032994,3.0,12.899351
110,7,0.043992,4.0,12.605797
110,7,0.05499,5.0,12.31225
110,7,0.065987,6.0,12.018703
110,7,0.076985,7.0,11.725149
110,7,0.087983,8.0,11.431601
110,7,0.098981,9.0,11.138047
110,7,0.109979,10.0,10.8445
110,7,0.120977,11.0,11.022394
110,7,0.131975,12.0,11.724136
110,7,0.142973,13.0,12.425864
110,7,0.153971,14.0,13.127606
110,7,0.164969,15.0,13.829333
110,7,0.175967,16.0,14.531061
110,7,0.186964,17.0,15.232803
110,7,0.197962,18.0,15.93453
110,7,0.20896,19.0,16.485754
110,7,0.219958,20.0,16.9275
110,7,0.230956,21.0,17.369246
110,7,0.241954,22.0,17.811002
110,7,0.252952,23.0,18.252748
110,7,0.26395,24.0,18.694504
110,7,0.274948,25.0,19.13625
110,7,0.285946,26.0,19.577996
110,7,0.296944,27.0,20.019752
110,7,0.307941,28.0,20.461498
110,7,0.318939,29.0,20.998886
110,7,0.329937,30.0,23.257333
110,7,0.340935,31.0,25.515781
110,7,0.351933,32.0,27.774276
110,7,0.362931,33.0,30.032724
110,7,0.373929,34.0,32.291219
110,7,0.384927,35.0,34.549667
110,7,0.395925,36.0,36.808114
110,7,0.406923,37.0,39.145745
110,7,0.417921,38.0,41.905366
110,7,0.428918,39.0,44.665046
110,7,0.439916,40.0,47.424667
110,7,0.450914,41.0,50.184287
110,7,0.461912,42.0,52.943967
110,7,0.47291,43.0,55.703588
110,7,0.483908,44.0,58.463268
110,7,0.494906,45.0,61.222889
110,7,0.505904,46.0,63.98251
110,7,0.516902,47.0,66.74219
110,7,0.5279,48.0,69.50181
110,7,0.538898,49.0,71.01499
110,7,0.549895,50.0,69.8275
110,7,0.560893,51.0,68.64001
110,7,0.571891,52.0,67.452495
110,7,0.582889,53.0,66.265005
110,7,0.593887,54.0,65.056036
110,7,0.604885,55.0,63.461
110,7,0.615883,56.0,61.865964
110,7,0.626881,57.0,60.270893
110,7,0.637879,58.0,58.675857
110,7,0.648877,59.0,57.080786
110,7,0.659875,60.0,55.48575
110,7,0.670873,61.0,53.890714
110,7,0.68187,62.0,52.295643
110,7,0.692868,63.0,50.700607
110,7,0.703866,64.0,49.105536
110,7,0.714864,65.0,46.115789
110,7,0.725862,66.0,41.870826
110,7,0.73686,67.0,37.625771
110,7,0.747858,68.0,33.380808
110,7,0.758856,69.0,29.135753
110,7,0.769854,70.0,24.890789
110,7,0.780852,71.0,20.645826
110,7,0.79185,72.0,19.252309
110,7,0.802847,73.0,18.324395
110,7,0.813845,74.0,17.396461
110,7,0.824843,75.0,16.468547
110,7,0.835841,76.0,15.540634
110,7,0.846839,77.0,14.6127
110,7,0.857837,78.0,13.684786
110,7,0.868835,79.0,12.756852
110,7,0.879833,80.0,11.828939
110,7,0.890831,81.0,10.901025
110,7,0.901829,82.0,9.973091
110,7,0.912827,83.0,9.045177
110,7,0.923824,84.0,8.117243
110,7,0.934822,85.0,7.18933
110,7,0.94582,86.0,6.261416
110,7,0.956818,87.0,5.738007
110,7,0.967816,88.0,7.371993
110,7,0.978814,89.0,9.006014
110,7,0.989812,90.0,10.64
110,7,1.00081,91.0,11.980284
110,7,1.011808,92.0,12.219144
110,7,1.022806,93.0,12.457999
110,7,1.033804,94.0,12.696859
110,7,1.044801,95.0,12.935714
110,7,1.055799,96.0,13.174569
110,7,1.066797,97.0,13.41343
110,7,1.077795,98.0,13.652285
110,7,1.088793,99.0,13.891145
110,7,1.099791,100.0,14.13
110,8,0.0,0.0,14.13
110,8,0.010998,1.0,14.639202
110,8,0.021996,2.0,15.148405
110,8,0.032994,3.0,15.657595
110,8,0.043992,4.0,16.166798
110,8,0.05499,5.0,16.676
110,8,0.065987,6.0,17.185202
110,8,0.076985,7.0,17.694405
110,8,0.087983,8.0,17.840002
110,8,0.098981,9.0,17.672501
110,8,0.109979,10.0,17.505
110,8,0.120977,11.0,17.337499
110,8,0.131975,12.0,17.169998
110,8,0.142973,13.0,17.002502
110,8,0.153971,14.0,16.835001
110,8,0.164969,15.0,16.6675
110,8,0.175967,16.0,16.499999
110,8,0.186964,17.0,16.332498
110,8,0.197962,18.0,16.165002
110,8,0.20896,19.0,15.997501
110,8,0.219958,20.0,15.83
110,8,0.230956,21.0,15.825607
110,8,0.241954,22.0,17.219214
110,8,0.252952,23.0,18.612786
110,8,0.26395,24.0,20.006393
110,8,0.274948,25.0,21.4
110,8,0.285946,26.0,22.793607
110,8,0.296944,27.0,24.228617
110,8,0.307941,28.0,25.930383
110,8,0.318939,29.0,27.632192
110,8,0.329937,30.0,29.334
110,8,0.340935,31.0,31.035808
110,8,0.351933,32.0,32.737617
110,8,0.362931,33.0,34.439383
110,8,0.373929,34.0,36.141192
110,8,0.384927,35.0,37.843
110,8,0.395925,36.0,39.544808
110,8,0.406923,37.0,41.246617
110,8,0.417921,38.0,42.948383
110,8,0.428918,39.0,44.692874
110,8,0.439916,40.0,46.614667
110,8,0.450914,41.0,48.536459
110,8,0.461912,42.0,50.458252
110,8,0.47291,43.0,52.379998
110,8,0.483908,44.0,54.301791
110,8,0.494906,45.0,56.223583
110,8,0.505904,46.0,58.145376
110,8,0.516902,47.0,60.067169
110,8,0.5279,48.0,61.672394
110,8,0.538898,49.0,62.268697
110,8,0.549895,50.0,62.865
110,8,0.560893,51.0,63.461303
110,8,0.571891,52.0,64.057606
110,8,0.582889,53.0,64.653894
110,8,0.593887,54.0,65.250197
110,8,0.604885,55.0,65.8465
110,8,0.615883,56.0,66.442803
110,8,0.626881,57.0,67.039106
110,8,0.637879,58.0,67.635394
110,8,0.648877,59.0,68.231697
110,8,0.659875,60.0,67.879143
110,8,0.670873,61.0,65.296759
110,8,0.68187,62.0,62.714375
110,8,0.692868,63.0,60.132054
110,8,0.703866,64.0,57.54967
110,8,0.714864,65.0,54.967286
110,8,0.725862,66.0,52.384902
110,8,0.73686,67.0,49.802518
110,8,0.747858,68.0,47.220197
110,8,0.758856,69.0,44.637813
110,8,0.769854,70.0,42.055429
110,8,0.780852,71.0,39.508975
110,8,0.79185,72.0,36.968825
110,8,0.802847,73.0,34.428737
110,8,0.813845,74.0,31.888587
110,8,0.824843,75.0,29.348438
110,8,0.835841,76.0,26.808288
110,8,0.846839,77.0,24.268138
110,8,0.857837,78.0,21.72805
110,8,0.868835,79.0,19.1879
110,8,0.879833,80.0,16.64775
110,8,0.890831,81.0,14.1076
110,8,0.901829,82.0,11.56745
110,8,0.912827,83.0,11.282051
110,8,0.923824,84.0,11.2184
110,8,0.934822,85.0,11.15475
110,8,0.94582,86.0,11.0911
110,8,0.956818,87.0,11.027449
110,8,0.967816,88.0,10.963801
110,8,0.978814,89.0,11.163174
110,8,0.989812,90.0,11.37925
110,8,1.00081,91.0,11.595326
110,8,1.011808,92.0,11.811402
110,8,1.022806,93.0,12.027473
110,8,1.033804,94.0,12.243549
110,8,1.044801,95.0,12.459625
110,8,1.055799,96.0,12.675701
110,8,1.066797,97.0,12.891777
110,8,1.077795,98.0,13.107848
110,8,1.088793,99.0,13.323924
110,8,1.099791,100.0,13.54
110,9,0.0,0.0,13.54
110,9,0.010998,1.0,13.938578
110,9,0.021996,2.0,14.337156
110,9,0.032994,3.0,14.735744
110,9,0.043992,4.0,15.134322
110,9,0.05499,5.0,15.5329
110,9,0.065987,6.0,15.931478
110,9,0.076985,7.0,16.227714
110,9,0.087983,8.0,15.947064
110,9,0.098981,9.0,15.666421
110,9,0.109979,10.0,15.385778
110,9,0.120977,11.0,15.105135
110,9,0.131975,12.0,14.824491
110,9,0.142973,13.0,14.543842
110,9,0.153971,14.0,14.263199
110,9,0.164969,15.0,13.982556
110,9,0.175967,16.0,13.701912
110,9,0.186964,17.0,13.421269
110,9,0.197962,18.0,13.14062
110,9,0.20896,19.0,12.859977
110,9,0.219958,20.0,13.206593
110,9,0.230956,21.0,13.689113
110,9,0.241954,22.0,14.171633
110,9,0.252952,23.0,14.654164
110,9,0.26395,24.0,15.136683
110,9,0.274948,25.0,15.619203
110,9,0.285946,26.0,16.101723
110,9,0.296944,27.0,16.584243
110,9,0.307941,28.0,17.195314
110,9,0.318939,29.0,17.929172
110,9,0.329937,30.0,18.663029
110,9,0.340935,31.0,19.396886
110,9,0.351933,32.0,20.130743
110,9,0.362931,33.0,20.864617
110,9,0.373929,34.0,21.598474
110,9,0.384927,35.0,22.332332
110,9,0.395925,36.0,23.066189
110,9,0.406923,37.0,23.823258
110,9,0.417921,38.0,26.252742
110,9,0.428918,39.0,28.682171
110,9,0.439916,40.0,31.1116
110,9,0.450914,41.0,33.541029
110,9,0.461912,42.0,35.970458
110,9,0.47291,43.0,38.399942
110,9,0.483908,44.0,40.80897
110,9,0.494906,45.0,43.1143
110,9,0.505904,46.0,45.41963
110,9,0.516902,47.0,47.724959
110,9,0.5279,48.0,50.030341
110,9,0.538898,49.0,52.33567
110,9,0.549895,50.0,54.641
110,9,0.560893,51.0,56.94633
110,9,0.571891,52.0,59.251659
110,9,0.582889,53.0,61.557041
110,9,0.593887,54.0,63.86237
110,9,0.604885,55.0,66.1677
110,9,0.615883,56.0,68.47303
110,9,0.626881,57.0,70.778359
110,9,0.637879,58.0,71.047782
110,9,0.648877,59.0,68.981891
110,9,0.659875,60.0,66.916
110,9,0.670873,61.0,64.850109
110,9,0.68187,62.0,62.751719
110,9,0.692868,63.0,60.594531
110,9,0.703866,64.0,58.43739
110,9,0.714864,65.0,56.28025
110,9,0.725862,66.0,54.12311
110,9,0.73686,67.0,51.965969
110,9,0.747858,68.0,49.808781
110,9,0.758856,69.0,47.65164
110,9,0.769854,70.0,45.4945
110,9,0.780852,71.0,43.33736
110,9,0.79185,72.0,41.180219
110,9,0.802847,73.0,38.757675
110,9,0.813845,74.0,35.932587
110,9,0.824843,75.0,33.1075
110,9,0.835841,76.0,30.282413
110,9,0.846839,77.0,27.457325
110,9,0.857837,78.0,24.632175
110,9,0.868835,79.0,21.807087
110,9,0.879833,80.0,18.982
110,9,0.890831,81.0,16.56494
110,9,0.901829,82.0,16.03113
110,9,0.912827,83.0,15.497308
110,9,0.923824,84.0,14.963498
110,9,0.934822,85.0,14.429688
110,9,0.94582,86.0,13.895877
110,9,0.956818,87.0,13.362067
110,9,0.967816,88.0,12.828245
110,9,0.978814,89.0,12.294435
110,9,0.989812,90.0,11.760625
110,9,1.00081,91.0,11.226815
110,9,1.011808,92.0,10.897996
110,9,1.022806,93.0,11.299504
110,9,1.033804,94.0,11.701002
110,9,1.044801,95.0,12.1025
110,9,1.055799,96.0,12.503998
110,9,1.066797,97.0,12.905496
110,9,1.077795,98.0,13.307004
110,9,1.088793,99.0,13.708502
110,9,1.099791,100.0,14.11
111,2,0.0,0.0,5.91
111,2,0.010998,1.0,5.738
111,2,0.021996,2.0,5.566
111,2,0.032994,3.0,5.394
111,2,0.043992,4.0,5.222
111,2,0.05499,5.0,5.05
111,2,0.065987,6.0,5.226
111,2,0.076985,7.0,5.402
111,2,0.087983,8.0,5.578
111,2,0.098981,9.0,5.754
111,2,0.109979,10.0,5.93
111,2,0.120977,11.0,6.106
111,2,0.131975,12.0,6.282
111,2,0.142973,13.0,6.458
111,2,0.153971,14.0,6.634
111,2,0.164969,15.0,6.81
111,2,0.175967,16.0,7.068286
111,2,0.186964,17.0,7.326571
111,2,0.197962,18.0,7.584857
111,2,0.20896,19.0,7.843143
111,2,0.219958,20.0,8.101429
111,2,0.230956,21.0,8.359714
111,2,0.241954,22.0,8.618
111,2,0.252952,23.0,8.876286
111,2,0.26395,24.0,9.29325
111,2,0.274948,25.0,10.18625
111,2,0.285946,26.0,11.07925
111,2,0.296944,27.0,11.97225
111,2,0.307941,28.0,12.86525
111,2,0.318939,29.0,13.75825
111,2,0.329937,30.0,14.65125
111,2,0.340935,31.0,15.54425
111,2,0.351933,32.0,16.43725
111,2,0.362931,33.0,17.33025
111,2,0.373929,34.0,18.7984
111,2,0.384927,35.0,21.992
111,2,0.395925,36.0,25.1856
111,2,0.406923,37.0,28.3792
111,2,0.417921,38.0,31.5728
111,2,0.428918,39.0,34.7664
111,2,0.439916,40.0,37.96
111,2,0.450914,41.0,40.551
111,2,0.461912,42.0,43.142
111,2,0.47291,43.0,45.733
111,2,0.483908,44.0,48.324
111,2,0.494906,45.0,50.915
111,2,0.505904,46.0,53.506
111,2,0.516902,47.0,56.097
111,2,0.5279,48.0,58.688
111,2,0.538898,49.0,61.279
111,2,0.549895,50.0,63.87
111,2,0.560893,51.0,63.936667
111,2,0.571891,52.0,64.003333
111,2,0.582889,53.0,64.07
111,2,0.593887,54.0,64.136667
111,2,0.604885,55.0,64.203333
111,2,0.615883,56.0,64.27
111,2,0.626881,57.0,64.336667
111,2,0.637879,58.0,63.344
111,2,0.648877,59.0,61.292
111,2,0.659875,60.0,59.24
111,2,0.670873,61.0,57.188
111,2,0.68187,62.0,55.136
111,2,0.692868,63.0,53.084
111,2,0.703866,64.0,51.032
111,2,0.714864,65.0,48.98
111,2,0.725862,66.0,46.928
111,2,0.73686,67.0,44.876
111,2,0.747858,68.0,41.4044
111,2,0.758856,69.0,36.5132
111,2,0.769854,70.0,31.622
111,2,0.780852,71.0,26.7308
111,2,0.79185,72.0,21.8396
111,2,0.802847,73.0,16.9484
111,2,0.813845,74.0,13.05725
111,2,0.824843,75.0,12.16625
111,2,0.835841,76.0,11.27525
111,2,0.846839,77.0,10.38425
111,2,0.857837,78.0,9.49325
111,2,0.868835,79.0,8.60225
111,2,0.879833,80.0,7.71125
111,2,0.890831,81.0,6.82025
111,2,0.901829,82.0,5.92925
111,2,0.912827,83.0,5.03825
111,2,0.923824,84.0,4.412
111,2,0.934822,85.0,4.58
111,2,0.94582,86.0,4.748
111,2,0.956818,87.0,4.916
111,2,0.967816,88.0,5.084
111,2,0.978814,89.0,5.252
111,2,0.989812,90.0,5.42
111,2,1.00081,91.0,5.131
111,2,1.011808,92.0,4.842
111,2,1.022806,93.0,4.553
111,2,1.033804,94.0,4.264
111,2,1.044801,95.0,3.975
111,2,1.055799,96.0,3.686
111,2,1.066797,97.0,3.397
111,2,1.077795,98.0,3.108
111,2,1.088793,99.0,2.819
111,2,1.099791,100.0,2.53
111,3,0.0,0.0,2.53
111,3,0.010998,1.0,2.870665
111,3,0.021996,2.0,3.21133
111,3,0.032994,3.0,3.552003
111,3,0.043992,4.0,3.892668
111,3,0.05499,5.0,4.233333
111,3,0.065987,6.0,4.573998
111,3,0.076985,7.0,4.914664
111,3,0.087983,8.0,5.255336
111,3,0.098981,9.0,5.533776
111,3,0.109979,10.0,5.79475
111,3,0.120977,11.0,6.055724
111,3,0.131975,12.0,6.316698
111,3,0.142973,13.0,6.577677
111,3,0.153971,14.0,6.838651
111,3,0.164969,15.0,7.099625
111,3,0.175967,16.0,7.360599
111,3,0.186964,17.0,7.621573
111,3,0.197962,18.0,7.882552
111,3,0.20896,19.0,8.143526
111,3,0.219958,20.0,9.3135
111,3,0.230956,21.0,10.680419
111,3,0.241954,22.0,12.047338
111,3,0.252952,23.0,13.414287
111,3,0.26395,24.0,14.781206
111,3,0.274948,25.0,16.113125
111,3,0.285946,26.0,17.377844
111,3,0.296944,27.0,18.642564
111,3,0.307941,28.0,19.907311
111,3,0.318939,29.0,21.172031
111,3,0.329937,30.0,22.43675
111,3,0.340935,31.0,23.701469
111,3,0.351933,32.0,24.966189
111,3,0.362931,33.0,26.230936
111,3,0.373929,34.0,27.495656
111,3,0.384927,35.0,28.760375
111,3,0.395925,36.0,30.803985
111,3,0.406923,37.0,34.099399
111,3,0.417921,38.0,37.394887
111,3,0.428918,39.0,40.6903
111,3,0.439916,40.0,43.985714
111,3,0.450914,41.0,47.281128
111,3,0.461912,42.0,50.576542
111,3,0.47291,43.0,53.872029
111,3,0.483908,44.0,57.167443
111,3,0.494906,45.0,60.462857
111,3,0.505904,46.0,61.150875
111,3,0.516902,47.0,61.164562
111,3,0.5279,48.0,61.17825
111,3,0.538898,49.0,61.191938
111,3,0.549895,50.0,61.205625
111,3,0.560893,51.0,61.219312
111,3,0.571891,52.0,61.233
111,3,0.582889,53.0,61.246688
111,3,0.593887,54.0,61.260375
111,3,0.604885,55.0,61.274062
111,3,0.615883,56.0,61.28775
111,3,0.626881,57.0,58.584069
111,3,0.637879,58.0,55.345731
111,3,0.648877,59.0,52.107466
111,3,0.659875,60.0,48.8692
111,3,0.670873,61.0,45.630934
111,3,0.68187,62.0,42.392669
111,3,0.692868,63.0,39.154331
111,3,0.703866,64.0,36.757389
111,3,0.714864,65.0,34.372125
111,3,0.725862,66.0,31.986861
111,3,0.73686,67.0,29.601596
111,3,0.747858,68.0,27.216279
111,3,0.758856,69.0,24.831014
111,3,0.769854,70.0,22.44575
111,3,0.780852,71.0,20.060486
111,3,0.79185,72.0,17.675221
111,3,0.802847,73.0,15.289904
111,3,0.813845,74.0,12.939195
111,3,0.824843,75.0,11.815
111,3,0.835841,76.0,10.690805
111,3,0.846839,77.0,9.56661
111,3,0.857837,78.0,8.44239
111,3,0.868835,79.0,7.318195
111,3,0.879833,80.0,6.194
111,3,0.890831,81.0,5.069805
111,3,0.901829,82.0,3.94561
111,3,0.912827,83.0,3.864964
111,3,0.923824,84.0,4.031951
111,3,0.934822,85.0,4.198937
111,3,0.94582,86.0,4.365924
111,3,0.956818,87.0,4.532911
111,3,0.967816,88.0,4.699901
111,3,0.978814,89.0,4.866888
111,3,0.989812,90.0,5.033875
111,3,1.00081,91.0,5.200862
111,3,1.011808,92.0,5.367849
111,3,1.022806,93.0,5.534839
111,3,1.033804,94.0,5.5538
111,3,1.044801,95.0,5.5465
111,3,1.055799,96.0,5.5392
111,3,1.066797,97.0,5.5319
111,3,1.077795,98.0,5.5246
111,3,1.088793,99.0,5.5173
111,3,1.099791,100.0,5.51
111,4,0.0,0.0,5.51
111,4,0.010998,1.0,5.79125
111,4,0.021996,2.0,6.0725
111,4,0.032994,3.0,6.35375
111,4,0.043992,4.0,6.635
111,4,0.05499,5.0,6.91625
111,4,0.065987,6.0,7.1975
111,4,0.076985,7.0,7.47875
111,4,0.087983,8.0,7.76
111,4,0.098981,9.0,8.04125
111,4,0.109979,10.0,8.3225
111,4,0.120977,11.0,8.718
111,4,0.131975,12.0,9.342
111,4,0.142973,13.0,9.966
111,4,0.153971,14.0,10.59
111,4,0.164969,15.0,11.214
111,4,0.175967,16.0,11.838
111,4,0.186964,17.0,12.462
111,4,0.197962,18.0,13.045
111,4,0.20896,19.0,13.6075
111,4,0.219958,20.0,14.17
111,4,0.230956,21.0,14.7325
111,4,0.241954,22.0,15.295
111,4,0.252952,23.0,15.8575
111,4,0.26395,24.0,16.42
111,4,0.274948,25.0,16.9825
111,4,0.285946,26.0,17.545
111,4,0.296944,27.0,18.1075
111,4,0.307941,28.0,18.67
111,4,0.318939,29.0,20.655357
111,4,0.329937,30.0,22.640714
111,4,0.340935,31.0,24.626071
111,4,0.351933,32.0,26.611429
111,4,0.362931,33.0,28.596786
111,4,0.373929,34.0,30.582143
111,4,0.384927,35.0,32.5675
111,4,0.395925,36.0,34.552857
111,4,0.406923,37.0,36.538214
111,4,0.417921,38.0,39.095
111,4,0.428918,39.0,41.9375
111,4,0.439916,40.0,44.78
111,4,0.450914,41.0,47.6225
111,4,0.461912,42.0,50.465
111,4,0.47291,43.0,53.3075
111,4,0.483908,44.0,56.15
111,4,0.494906,45.0,58.9925
111,4,0.505904,46.0,61.835
111,4,0.516902,47.0,63.51375
111,4,0.5279,48.0,62.865
111,4,0.538898,49.0,62.21625
111,4,0.549895,50.0,61.5675
111,4,0.560893,51.0,60.91875
111,4,0.571891,52.0,60.27
111,4,0.582889,53.0,58.995
111,4,0.593887,54.0,57.72
111,4,0.604885,55.0,56.445
111,4,0.615883,56.0,55.17
111,4,0.626881,57.0,53.895
111,4,0.637879,58.0,52.62
111,4,0.648877,59.0,51.345
111,4,0.659875,60.0,50.07
111,4,0.670873,61.0,48.795
111,4,0.68187,62.0,47.52
111,4,0.692868,63.0,45.5425
111,4,0.703866,64.0,42.16
111,4,0.714864,65.0,38.7775
111,4,0.725862,66.0,35.395
111,4,0.73686,67.0,32.0125
111,4,0.747858,68.0,28.63
111,4,0.758856,69.0,25.2475
111,4,0.769854,70.0,21.865
111,4,0.780852,71.0,19.148056
111,4,0.79185,72.0,17.762222
111,4,0.802847,73.0,16.376389
111,4,0.813845,74.0,14.990556
111,4,0.824843,75.0,13.604722
111,4,0.835841,76.0,12.218889
111,4,0.846839,77.0,10.833056
111,4,0.857837,78.0,9.447222
111,4,0.868835,79.0,8.061389
111,4,0.879833,80.0,6.675556
111,4,0.890831,81.0,5.289722
111,4,0.901829,82.0,3.903889
111,4,0.912827,83.0,3.023
111,4,0.923824,84.0,3.152
111,4,0.934822,85.0,3.281
111,4,0.94582,86.0,3.41
111,4,0.956818,87.0,3.539
111,4,0.967816,88.0,3.668
111,4,0.978814,89.0,3.797
111,4,0.989812,90.0,3.793125
111,4,1.00081,91.0,3.722812
111,4,1.011808,92.0,3.6525
111,4,1.022806,93.0,3.582187
111,4,1.033804,94.0,3.511875
111,4,1.044801,95.0,3.441562
111,4,1.055799,96.0,3.37125
111,4,1.066797,97.0,3.300937
111,4,1.077795,98.0,3.230625
111,4,1.088793,99.0,3.160312
111,4,1.099791,100.0,3.09
111,5,0.0,0.0,3.09
111,5,0.010998,1.0,3.009822
111,5,0.021996,2.0,2.929644
111,5,0.032994,3.0,2.849467
111,5,0.043992,4.0,2.769289
111,5,0.05499,5.0,2.689111
111,5,0.065987,6.0,2.608933
111,5,0.076985,7.0,2.528755
111,5,0.087983,8.0,2.448578
111,5,0.098981,9.0,2.3684
111,5,0.109979,10.0,2.288222
111,5,0.120977,11.0,2.228083
111,5,0.131975,12.0,2.969366
111,5,0.142973,13.0,3.710634
111,5,0.153971,14.0,4.451917
111,5,0.164969,15.0,5.1932
111,5,0.175967,16.0,5.934483
111,5,0.186964,17.0,6.675766
111,5,0.197962,18.0,7.496327
111,5,0.20896,19.0,8.323163
111,5,0.219958,20.0,9.15
111,5,0.230956,21.0,9.976837
111,5,0.241954,22.0,10.803673
111,5,0.252952,23.0,11.630493
111,5,0.26395,24.0,12.45733
111,5,0.274948,25.0,13.145625
111,5,0.285946,26.0,13.745252
111,5,0.296944,27.0,14.34488
111,5,0.307941,28.0,14.944495
111,5,0.318939,29.0,15.544123
111,5,0.329937,30.0,16.14375
111,5,0.340935,31.0,16.743377
111,5,0.351933,32.0,17.343005
111,5,0.362931,33.0,17.94262
111,5,0.373929,34.0,18.542248
111,5,0.384927,35.0,22.0355
111,5,0.395925,36.0,26.024816
111,5,0.406923,37.0,30.014132
111,5,0.417921,38.0,34.003368
111,5,0.428918,39.0,37.992684
111,5,0.439916,40.0,40.602
111,5,0.450914,41.0,43.17681
111,5,0.461912,42.0,45.75162
111,5,0.47291,43.0,48.32638
111,5,0.483908,44.0,50.90119
111,5,0.494906,45.0,53.476
111,5,0.505904,46.0,56.05081
111,5,0.516902,47.0,58.62562
111,5,0.5279,48.0,61.20038
111,5,0.538898,49.0,63.1902
111,5,0.549895,50.0,63.1
111,5,0.560893,51.0,63.0098
111,5,0.571891,52.0,62.919599
111,5,0.582889,53.0,62.829401
111,5,0.593887,54.0,62.7392
111,5,0.604885,55.0,62.649
111,5,0.615883,56.0,62.5588
111,5,0.626881,57.0,61.055927
111,5,0.637879,58.0,59.400373
111,5,0.648877,59.0,57.744787
111,5,0.659875,60.0,56.0892
111,5,0.670873,61.0,54.433613
111,5,0.68187,62.0,52.778027
111,5,0.692868,63.0,51.122473
111,5,0.703866,64.0,49.466887
111,5,0.714864,65.0,47.8113
111,5,0.725862,66.0,46.155713
111,5,0.73686,67.0,44.500127
111,5,0.747858,68.0,42.844573
111,5,0.758856,69.0,36.556291
111,5,0.769854,70.0,28.350968
111,5,0.780852,71.0,21.440331
111,5,0.79185,72.0,20.158645
111,5,0.802847,73.0,18.876985
111,5,0.813845,74.0,17.595299
111,5,0.824843,75.0,16.313613
111,5,0.835841,76.0,15.031928
111,5,0.846839,77.0,13.750242
111,5,0.857837,78.0,12.468582
111,5,0.868835,79.0,11.186896
111,5,0.879833,80.0,9.90521
111,5,0.890831,81.0,8.918797
111,5,0.901829,82.0,8.213594
111,5,0.912827,83.0,7.508406
111,5,0.923824,84.0,6.803203
111,5,0.934822,85.0,6.098
111,5,0.94582,86.0,5.392797
111,5,0.956818,87.0,4.687594
111,5,0.967816,88.0,3.982406
111,5,0.978814,89.0,3.277203
111,5,0.989812,90.0,3.156889
111,5,1.00081,91.0,3.0512
111,5,1.011808,92.0,2.94551
111,5,1.022806,93.0,2.839823
111,5,1.033804,94.0,2.734134
111,5,1.044801,95.0,2.628444
111,5,1.055799,96.0,2.522755
111,5,1.066797,97.0,2.417066
111,5,1.077795,98.0,2.311379
111,5,1.088793,99.0,2.205689
111,5,1.099791,100.0,2.1
111,6,0.0,0.0,2.1
111,6,0.010998,1.0,2.252099
111,6,0.021996,2.0,2.404199
111,6,0.032994,3.0,2.556301
111,6,0.043992,4.0,2.708401
111,6,0.05499,5.0,2.8605
111,6,0.065987,6.0,3.301598
111,6,0.076985,7.0,3.785196
111,6,0.087983,8.0,4.268804
111,6,0.098981,9.0,4.752402
111,6,0.109979,10.0,5.236
111,6,0.120977,11.0,5.719598
111,6,0.131975,12.0,6.203196
111,6,0.142973,13.0,6.686804
111,6,0.153971,14.0,7.170402
111,6,0.164969,15.0,7.654
111,6,0.175967,16.0,8.172798
111,6,0.186964,17.0,8.713595
111,6,0.197962,18.0,9.254405
111,6,0.20896,19.0,9.795202
111,6,0.219958,20.0,10.336
111,6,0.230956,21.0,10.876798
111,6,0.241954,22.0,11.417595
111,6,0.252952,23.0,11.958405
111,6,0.26395,24.0,12.510402
111,6,0.274948,25.0,13.063333
111,6,0.285946,26.0,13.616264
111,6,0.296944,27.0,14.169195
111,6,0.307941,28.0,14.722138
111,6,0.318939,29.0,15.275069
111,6,0.329937,30.0,15.828
111,6,0.340935,31.0,16.380931
111,6,0.351933,32.0,16.933862
111,6,0.362931,33.0,17.486805
111,6,0.373929,34.0,18.039736
111,6,0.384927,35.0,19.802
111,6,0.395925,36.0,23.499185
111,6,0.406923,37.0,27.196369
111,6,0.417921,38.0,30.893631
111,6,0.428918,39.0,34.590815
111,6,0.439916,40.0,37.866364
111,6,0.450914,41.0,39.919173
111,6,0.461912,42.0,41.971983
111,6,0.47291,43.0,44.024835
111,6,0.483908,44.0,46.077645
111,6,0.494906,45.0,48.130455
111,6,0.505904,46.0,50.183264
111,6,0.516902,47.0,52.236074
111,6,0.5279,48.0,54.288926
111,6,0.538898,49.0,56.341736
111,6,0.549895,50.0,58.394545
111,6,0.560893,51.0,60.447355
111,6,0.571891,52.0,62.500165
111,6,0.582889,53.0,64.553017
111,6,0.593887,54.0,65.91979
111,6,0.604885,55.0,63.5135
111,6,0.615883,56.0,61.10721
111,6,0.626881,57.0,59.256885
111,6,0.637879,58.0,57.793297
111,6,0.648877,59.0,56.329739
111,6,0.659875,60.0,54.866182
111,6,0.670873,61.0,53.402624
111,6,0.68187,62.0,51.939067
111,6,0.692868,63.0,50.475479
111,6,0.703866,64.0,49.011921
111,6,0.714864,65.0,47.548364
111,6,0.725862,66.0,46.084806
111,6,0.73686,67.0,44.621249
111,6,0.747858,68.0,43.157661
111,6,0.758856,69.0,41.694103
111,6,0.769854,70.0,40.230545
111,6,0.780852,71.0,36.30956
111,6,0.79185,72.0,29.801788
111,6,0.802847,73.0,23.293879
111,6,0.813845,74.0,16.786106
111,6,0.824843,75.0,13.938182
111,6,0.835841,76.0,13.139749
111,6,0.846839,77.0,12.341316
111,6,0.857837,78.0,11.542866
111,6,0.868835,79.0,10.744433
111,6,0.879833,80.0,9.946
111,6,0.890831,81.0,9.147567
111,6,0.901829,82.0,8.349134
111,6,0.912827,83.0,7.550684
111,6,0.923824,84.0,6.752251
111,6,0.934822,85.0,5.953818
111,6,0.94582,86.0,5.155385
111,6,0.956818,87.0,4.356952
111,6,0.967816,88.0,3.558502
111,6,0.978814,89.0,3.628903
111,6,0.989812,90.0,4.444
111,6,1.00081,91.0,5.259097
111,6,1.011808,92.0,5.770739
111,6,1.022806,93.0,6.274404
111,6,1.033804,94.0,6.778059
111,6,1.044801,95.0,7.281714
111,6,1.055799,96.0,7.785369
111,6,1.066797,97.0,8.289024
111,6,1.077795,98.0,8.79269
111,6,1.088793,99.0,9.296345
111,6,1.099791,100.0,9.8
111,7,0.0,0.0,9.8
111,7,0.010998,1.0,9.63297
111,7,0.021996,2.0,9.465944
111,7,0.032994,3.0,9.298914
111,7,0.043992,4.0,9.131887
111,7,0.05499,5.0,8.964857
111,7,0.065987,6.0,8.797827
111,7,0.076985,7.0,8.630801
111,7,0.087983,8.0,8.463771
111,7,0.098981,9.0,8.296744
111,7,0.109979,10.0,8.39405
111,7,0.120977,11.0,8.716044
111,7,0.131975,12.0,9.038032
111,7,0.142973,13.0,9.360026
111,7,0.153971,14.0,9.682014
111,7,0.164969,15.0,10.004008
111,7,0.175967,16.0,10.326003
111,7,0.186964,17.0,10.64799
111,7,0.197962,18.0,10.969985
111,7,0.20896,19.0,11.291972
111,7,0.219958,20.0,11.613967
111,7,0.230956,21.0,12.101572
111,7,0.241954,22.0,12.682464
111,7,0.252952,23.0,13.263369
111,7,0.26395,24.0,13.844262
111,7,0.274948,25.0,14.425167
111,7,0.285946,26.0,15.006072
111,7,0.296944,27.0,15.586964
111,7,0.307941,28.0,16.167869
111,7,0.318939,29.0,17.098409
111,7,0.329937,30.0,18.337143
111,7,0.340935,31.0,19.575876
111,7,0.351933,32.0,20.814583
111,7,0.362931,33.0,22.053316
111,7,0.373929,34.0,23.292023
111,7,0.384927,35.0,24.530756
111,7,0.395925,36.0,25.76949
111,7,0.406923,37.0,27.008196
111,7,0.417921,38.0,28.24693
111,7,0.428918,39.0,29.485636
111,7,0.439916,40.0,31.7996
111,7,0.450914,41.0,34.364463
111,7,0.461912,42.0,36.929269
111,7,0.47291,43.0,39.494131
111,7,0.483908,44.0,42.058937
111,7,0.494906,45.0,44.6238
111,7,0.505904,46.0,47.188663
111,7,0.516902,47.0,49.753469
111,7,0.5279,48.0,52.318331
111,7,0.538898,49.0,54.883137
111,7,0.549895,50.0,57.448
111,7,0.560893,51.0,60.012863
111,7,0.571891,52.0,62.577669
111,7,0.582889,53.0,64.704983
111,7,0.593887,54.0,65.798077
111,7,0.604885,55.0,66.891196
111,7,0.615883,56.0,67.984314
111,7,0.626881,57.0,68.699114
111,7,0.637879,58.0,67.322102
111,7,0.648877,59.0,65.94512
111,7,0.659875,60.0,64.568108
111,7,0.670873,61.0,63.191096
111,7,0.68187,62.0,61.814114
111,7,0.692868,63.0,60.437102
111,7,0.703866,64.0,58.366075
111,7,0.714864,65.0,55.562375
111,7,0.725862,66.0,52.758675
111,7,0.73686,67.0,49.955037
111,7,0.747858,68.0,47.151338
111,7,0.758856,69.0,44.3477
111,7,0.769854,70.0,41.544
111,7,0.780852,71.0,38.7403
111,7,0.79185,72.0,35.936662
111,7,0.802847,73.0,33.132963
111,7,0.813845,74.0,30.329325
111,7,0.824843,75.0,27.448
111,7,0.835841,76.0,24.529414
111,7,0.846839,77.0,21.610893
111,7,0.857837,78.0,18.692307
111,7,0.868835,79.0,15.773786
111,7,0.879833,80.0,12.8552
111,7,0.890831,81.0,9.936614
111,7,0.901829,82.0,9.68045
111,7,0.912827,83.0,9.659175
111,7,0.923824,84.0,9.6379
111,7,0.934822,85.0,9.616625
111,7,0.94582,86.0,9.59535
111,7,0.956818,87.0,9.574075
111,7,0.967816,88.0,9.5528
111,7,0.978814,89.0,9.531525
111,7,0.989812,90.0,9.51025
111,7,1.00081,91.0,9.488975
111,7,1.011808,92.0,9.468133
111,7,1.022806,93.0,9.450867
111,7,1.033804,94.0,9.4336
111,7,1.044801,95.0,9.416333
111,7,1.055799,96.0,9.399067
111,7,1.066797,97.0,9.3818
111,7,1.077795,98.0,9.364533
111,7,1.088793,99.0,9.347267
111,7,1.099791,100.0,9.33
111,8,0.0,0.0,9.33
111,8,0.010998,1.0,8.963111
111,8,0.021996,2.0,8.596223
111,8,0.032994,3.0,8.229334
111,8,0.043992,4.0,7.862445
111,8,0.05499,5.0,7.495557
111,8,0.065987,6.0,7.128668
111,8,0.076985,7.0,6.761779
111,8,0.087983,8.0,6.394891
111,8,0.098981,9.0,6.028002
111,8,0.109979,10.0,5.661113
111,8,0.120977,11.0,5.683345
111,8,0.131975,12.0,6.451528
111,8,0.142973,13.0,7.219694
111,8,0.153971,14.0,7.987877
111,8,0.164969,15.0,8.75606
111,8,0.175967,16.0,9.524243
111,8,0.186964,17.0,10.292426
111,8,0.197962,18.0,11.060609
111,8,0.20896,19.0,11.802088
111,8,0.219958,20.0,12.493953
111,8,0.230956,21.0,13.185818
111,8,0.241954,22.0,13.877683
111,8,0.252952,23.0,14.569548
111,8,0.26395,24.0,15.261413
111,8,0.274948,25.0,15.953278
111,8,0.285946,26.0,16.645143
111,8,0.296944,27.0,17.313593
111,8,0.307941,28.0,17.939873
111,8,0.318939,29.0,18.566153
111,8,0.329937,30.0,19.192432
111,8,0.340935,31.0,19.818712
111,8,0.351933,32.0,20.444992
111,8,0.362931,33.0,21.071272
111,8,0.373929,34.0,21.697552
111,8,0.384927,35.0,22.323832
111,8,0.395925,36.0,22.950112
111,8,0.406923,37.0,23.576392
111,8,0.417921,38.0,25.205238
111,8,0.428918,39.0,27.472398
111,8,0.439916,40.0,29.739557
111,8,0.450914,41.0,32.006717
111,8,0.461912,42.0,34.273877
111,8,0.47291,43.0,36.541036
111,8,0.483908,44.0,38.808196
111,8,0.494906,45.0,41.075356
111,8,0.505904,46.0,43.342515
111,8,0.516902,47.0,46.114833
111,8,0.5279,48.0,49.729888
111,8,0.538898,49.0,53.344944
111,8,0.549895,50.0,56.96
111,8,0.560893,51.0,60.575056
111,8,0.571891,52.0,64.190112
111,8,0.582889,53.0,67.805167
111,8,0.593887,54.0,69.031031
111,8,0.604885,55.0,68.824755
111,8,0.615883,56.0,68.61848
111,8,0.626881,57.0,68.412204
111,8,0.637879,58.0,68.205928
111,8,0.648877,59.0,67.999652
111,8,0.659875,60.0,67.793376
111,8,0.670873,61.0,67.587101
111,8,0.68187,62.0,67.380825
111,8,0.692868,63.0,67.174553
111,8,0.703866,64.0,66.801399
111,8,0.714864,65.0,63.658605
111,8,0.725862,66.0,60.515811
111,8,0.73686,67.0,57.373017
111,8,0.747858,68.0,54.230224
111,8,0.758856,69.0,51.08743
111,8,0.769854,70.0,47.944636
111,8,0.780852,71.0,44.801842
111,8,0.79185,72.0,41.671656
111,8,0.802847,73.0,38.726037
111,8,0.813845,74.0,35.780419
111,8,0.824843,75.0,32.8348
111,8,0.835841,76.0,29.889181
111,8,0.846839,77.0,26.943563
111,8,0.857837,78.0,23.997944
111,8,0.868835,79.0,21.052326
111,8,0.879833,80.0,18.106707
111,8,0.890831,81.0,15.161089
111,8,0.901829,82.0,12.21547
111,8,0.912827,83.0,9.269852
111,8,0.923824,84.0,6.324233
111,8,0.934822,85.0,3.378614
111,8,0.94582,86.0,3.420713
111,8,0.956818,87.0,4.499171
111,8,0.967816,88.0,5.577607
111,8,0.978814,89.0,6.656065
111,8,0.989812,90.0,7.023718
111,8,1.00081,91.0,7.149346
111,8,1.011808,92.0,7.274974
111,8,1.022806,93.0,7.400603
111,8,1.033804,94.0,7.526231
111,8,1.044801,95.0,7.651859
111,8,1.055799,96.0,7.777487
111,8,1.066797,97.0,7.903115
111,8,1.077795,98.0,8.028744
111,8,1.088793,99.0,8.154372
111,8,1.099791,100.0,8.28
111,9,0.0,0.0,8.28
111,9,0.010998,1.0,7.830015
111,9,0.021996,2.0,7.38002
111,9,0.032994,3.0,6.930035
111,9,0.043992,4.0,6.48004
111,9,0.05499,5.0,6.030055
111,9,0.065987,6.0,5.580061
111,9,0.076985,7.0,5.675279
111,9,0.087983,8.0,5.888496
111,9,0.098981,9.0,6.101709
111,9,0.109979,10.0,6.314923
111,9,0.120977,11.0,6.52814
111,9,0.131975,12.0,6.741353
111,9,0.142973,13.0,6.954571
111,9,0.153971,14.0,7.167784
111,9,0.164969,15.0,7.381002
111,9,0.175967,16.0,7.5988
111,9,0.186964,17.0,8.043929
111,9,0.197962,18.0,8.489067
111,9,0.20896,19.0,8.934197
111,9,0.219958,20.0,9.379335
111,9,0.230956,21.0,9.824465
111,9,0.241954,22.0,10.269603
111,9,0.252952,23.0,10.714732
111,9,0.26395,24.0,11.199125
111,9,0.274948,25.0,11.709
111,9,0.285946,26.0,12.218875
111,9,0.296944,27.0,12.728761
111,9,0.307941,28.0,13.238637
111,9,0.318939,29.0,13.748522
111,9,0.329937,30.0,14.258398
111,9,0.340935,31.0,14.768284
111,9,0.351933,32.0,15.278159
111,9,0.362931,33.0,15.788045
111,9,0.373929,34.0,17.955022
111,9,0.384927,35.0,20.761361
111,9,0.395925,36.0,23.567756
111,9,0.406923,37.0,26.374094
111,9,0.417921,38.0,29.180489
111,9,0.428918,39.0,31.297827
111,9,0.439916,40.0,33.220015
111,9,0.450914,41.0,35.142165
111,9,0.461912,42.0,37.064315
111,9,0.47291,43.0,38.986503
111,9,0.483908,44.0,40.908653
111,9,0.494906,45.0,42.830841
111,9,0.505904,46.0,44.752991
111,9,0.516902,47.0,46.675179
111,9,0.5279,48.0,48.597329
111,9,0.538898,49.0,50.93065
111,9,0.549895,50.0,53.312381
111,9,0.560893,51.0,55.694112
111,9,0.571891,52.0,58.075891
111,9,0.582889,53.0,60.457623
111,9,0.593887,54.0,62.839402
111,9,0.604885,55.0,65.221133
111,9,0.615883,56.0,67.602912
111,9,0.626881,57.0,69.041409
111,9,0.637879,58.0,67.580546
111,9,0.648877,59.0,66.119712
111,9,0.659875,60.0,64.658878
111,9,0.670873,61.0,63.198015
111,9,0.68187,62.0,61.737182
111,9,0.692868,63.0,60.276318
111,9,0.703866,64.0,58.815485
111,9,0.714864,65.0,57.354622
111,9,0.725862,66.0,55.893788
111,9,0.73686,67.0,53.068475
111,9,0.747858,68.0,47.825554
111,9,0.758856,69.0,42.582739
111,9,0.769854,70.0,37.339819
111,9,0.780852,71.0,32.097004
111,9,0.79185,72.0,26.854084
111,9,0.802847,73.0,22.219245
111,9,0.813845,74.0,20.301103
111,9,0.824843,75.0,18.383
111,9,0.835841,76.0,16.464897
111,9,0.846839,77.0,14.546755
111,9,0.857837,78.0,12.628652
111,9,0.868835,79.0,10.710511
111,9,0.879833,80.0,8.792408
111,9,0.890831,81.0,6.874266
111,9,0.901829,82.0,4.956163
111,9,0.912827,83.0,3.86381
111,9,0.923824,84.0,4.714952
111,9,0.934822,85.0,5.566093
111,9,0.94582,86.0,6.417252
111,9,0.956818,87.0,7.268393
111,9,0.967816,88.0,8.119551
111,9,0.978814,89.0,8.970693
111,9,0.989812,90.0,9.821851
111,9,1.00081,91.0,10.12764
111,9,1.011808,92.0,10.362344
111,9,1.022806,93.0,10.597054
111,9,1.033804,94.0,10.831758
111,9,1.044801,95.0,11.066468
111,9,1.055799,96.0,11.301172
111,9,1.066797,97.0,11.535882
111,9,1.077795,98.0,11.770586
111,9,1.088793,99.0,12.005295
111,9,1.099791,100.0,12.24
111,10,0.0,0.0,12.24
111,10,0.010998,1.0,11.668317
111,10,0.021996,2.0,11.096635
111,10,0.032994,3.0,10.524965
111,10,0.043992,4.0,9.953283
111,10,0.05499,5.0,9.3816
111,10,0.065987,6.0,8.809917
111,10,0.076985,7.0,8.27195
111,10,0.087983,8.0,8.30705
111,10,0.098981,9.0,8.34215
111,10,0.109979,10.0,8.37725
111,10,0.120977,11.0,8.41235
111,10,0.131975,12.0,8.44745
111,10,0.142973,13.0,8.48255
111,10,0.153971,14.0,8.51765
111,10,0.164969,15.0,8.55275
111,10,0.175967,16.0,8.58785
111,10,0.186964,17.0,8.62295
111,10,0.197962,18.0,8.65805
111,10,0.20896,19.0,9.146878
111,10,0.219958,20.0,9.6624
111,10,0.230956,21.0,10.177922
111,10,0.241954,22.0,10.693445
111,10,0.252952,23.0,11.208955
111,10,0.26395,24.0,11.724478
111,10,0.274948,25.0,12.24
111,10,0.285946,26.0,13.220104
111,10,0.296944,27.0,14.200209
111,10,0.307941,28.0,15.180291
111,10,0.318939,29.0,16.160396
111,10,0.329937,30.0,17.1405
111,10,0.340935,31.0,18.120604
111,10,0.351933,32.0,19.100709
111,10,0.362931,33.0,20.080791
111,10,0.373929,34.0,21.060896
111,10,0.384927,35.0,22.041
111,10,0.395925,36.0,23.021104
111,10,0.406923,37.0,25.983362
111,10,0.417921,38.0,29.193304
111,10,0.428918,39.0,32.403319
111,10,0.439916,40.0,35.613333
111,10,0.450914,41.0,38.823348
111,10,0.461912,42.0,42.033362
111,10,0.47291,43.0,45.243304
111,10,0.483908,44.0,48.453319
111,10,0.494906,45.0,50.857
111,10,0.505904,46.0,52.615608
111,10,0.516902,47.0,54.374216
111,10,0.5279,48.0,56.132784
111,10,0.538898,49.0,57.891392
111,10,0.549895,50.0,59.65
111,10,0.560893,51.0,61.408608
111,10,0.571891,52.0,63.167216
111,10,0.582889,53.0,64.925784
111,10,0.593887,54.0,66.684392
111,10,0.604885,55.0,68.443
111,10,0.615883,56.0,68.486391
111,10,0.626881,57.0,66.385781
111,10,0.637879,58.0,64.285219
111,10,0.648877,59.0,62.184609
111,10,0.659875,60.0,60.084
111,10,0.670873,61.0,57.983391
111,10,0.68187,62.0,55.80758
111,10,0.692868,63.0,53.62242
111,10,0.703866,64.0,51.43721
111,10,0.714864,65.0,49.252
111,10,0.725862,66.0,47.06679
111,10,0.73686,67.0,44.88158
111,10,0.747858,68.0,42.69642
111,10,0.758856,69.0,40.51121
111,10,0.769854,70.0,38.326
111,10,0.780852,71.0,36.14079
111,10,0.79185,72.0,33.95558
111,10,0.802847,73.0,31.594822
111,10,0.813845,74.0,29.183839
111,10,0.824843,75.0,26.772857
111,10,0.835841,76.0,24.361875
111,10,0.846839,77.0,21.950892
111,10,0.857837,78.0,19.539965
111,10,0.868835,79.0,17.128982
111,10,0.879833,80.0,14.718
111,10,0.890831,81.0,12.307018
111,10,0.901829,82.0,10.033101
111,10,0.912827,83.0,10.088899
111,10,0.923824,84.0,10.1447
111,10,0.934822,85.0,10.2005
111,10,0.94582,86.0,10.2563
111,10,0.956818,87.0,10.312101
111,10,0.967816,88.0,10.367899
111,10,0.978814,89.0,10.4237
111,10,0.989812,90.0,10.4795
111,10,1.00081,91.0,10.5353
111,10,1.011808,92.0,10.591101
111,10,1.022806,93.0,10.646899
111,10,1.033804,94.0,10.7248
111,10,1.044801,95.0,10.804
111,10,1.055799,96.0,10.8832
111,10,1.066797,97.0,10.962401
111,10,1.077795,98.0,11.041599
111,10,1.088793,99.0,11.1208
111,10,1.099791,100.0,11.2
112,2,0.0,0.0,4.18
112,2,0.010998,1.0,4.419141
112,2,0.021996,2.0,4.658282
112,2,0.032994,3.0,4.897423
112,2,0.043992,4.0,5.136565
112,2,0.05499,5.0,5.375706
112,2,0.065987,6.0,5.614847
112,2,0.076985,7.0,5.853988
112,2,0.087983,8.0,6.093129
112,2,0.098981,9.0,6.33227
112,2,0.109979,10.0,6.81365
112,2,0.120977,11.0,7.411681
112,2,0.131975,12.0,8.009713
112,2,0.142973,13.0,8.607732
112,2,0.153971,14.0,9.205763
112,2,0.164969,15.0,9.803795
112,2,0.175967,16.0,10.401826
112,2,0.186964,17.0,10.999858
112,2,0.197962,18.0,11.686339
112,2,0.20896,19.0,12.414052
112,2,0.219958,20.0,13.141765
112,2,0.230956,21.0,13.869478
112,2,0.241954,22.0,14.597191
112,2,0.252952,23.0,15.324905
112,2,0.26395,24.0,16.052618
112,2,0.274948,25.0,16.780331
112,2,0.285946,26.0,17.508044
112,2,0.296944,27.0,18.235757
112,2,0.307941,28.0,18.96347
112,2,0.318939,29.0,21.322609
112,2,0.329937,30.0,23.793187
112,2,0.340935,31.0,26.263766
112,2,0.351933,32.0,28.734344
112,2,0.362931,33.0,31.204923
112,2,0.373929,34.0,33.675502
112,2,0.384927,35.0,36.14608
112,2,0.395925,36.0,38.616659
112,2,0.406923,37.0,41.087237
112,2,0.417921,38.0,43.557763
112,2,0.428918,39.0,46.066708
112,2,0.439916,40.0,48.641638
112,2,0.450914,41.0,51.216569
112,2,0.461912,42.0,53.791499
112,2,0.47291,43.0,56.36643
112,2,0.483908,44.0,58.94136
112,2,0.494906,45.0,61.516291
112,2,0.505904,46.0,64.091221
112,2,0.516902,47.0,66.666152
112,2,0.5279,48.0,69.241082
112,2,0.538898,49.0,67.887428
112,2,0.549895,50.0,66.343556
112,2,0.560893,51.0,64.799683
112,2,0.571891,52.0,63.255811
112,2,0.582889,53.0,61.342123
112,2,0.593887,54.0,59.41197
112,2,0.604885,55.0,57.481817
112,2,0.615883,56.0,55.551663
112,2,0.626881,57.0,53.62151
112,2,0.637879,58.0,51.691357
112,2,0.648877,59.0,49.761203
112,2,0.659875,60.0,47.83105
112,2,0.670873,61.0,45.900897
112,2,0.68187,62.0,43.970743
112,2,0.692868,63.0,41.597773
112,2,0.703866,64.0,38.192246
112,2,0.714864,65.0,34.786718
112,2,0.725862,66.0,31.381191
112,2,0.73686,67.0,27.975664
112,2,0.747858,68.0,24.570136
112,2,0.758856,69.0,21.164609
112,2,0.769854,70.0,17.759081
112,2,0.780852,71.0,15.129431
112,2,0.79185,72.0,14.248898
112,2,0.802847,73.0,13.368366
112,2,0.813845,74.0,12.487833
112,2,0.824843,75.0,11.6073
112,2,0.835841,76.0,10.726767
112,2,0.846839,77.0,9.846234
112,2,0.857837,78.0,8.965702
112,2,0.868835,79.0,8.085169
112,2,0.879833,80.0,7.204636
112,2,0.890831,81.0,6.324103
112,2,0.901829,82.0,5.443571
112,2,0.912827,83.0,4.563038
112,2,0.923824,84.0,3.682505
112,2,0.934822,85.0,3.858137
112,2,0.94582,86.0,4.048985
112,2,0.956818,87.0,4.239832
112,2,0.967816,88.0,4.430676
112,2,0.978814,89.0,4.621524
112,2,0.989812,90.0,4.612381
112,2,1.00081,91.0,4.535143
112,2,1.011808,92.0,4.457905
112,2,1.022806,93.0,4.380667
112,2,1.033804,94.0,4.303429
112,2,1.044801,95.0,4.22619
112,2,1.055799,96.0,4.148952
112,2,1.066797,97.0,4.071714
112,2,1.077795,98.0,3.994476
112,2,1.088793,99.0,3.917238
112,2,1.099791,100.0,3.84
112,3,0.0,0.0,3.84
112,3,0.010998,1.0,3.956324
112,3,0.021996,2.0,4.072651
112,3,0.032994,3.0,4.188974
112,3,0.043992,4.0,4.305301
112,3,0.05499,5.0,4.421625
112,3,0.065987,6.0,4.537949
112,3,0.076985,7.0,4.654276
112,3,0.087983,8.0,4.770599
112,3,0.098981,9.0,4.886926
112,3,0.109979,10.0,5.00325
112,3,0.120977,11.0,5.119574
112,3,0.131975,12.0,5.235901
112,3,0.142973,13.0,5.542484
112,3,0.153971,14.0,5.875318
112,3,0.164969,15.0,6.208143
112,3,0.175967,16.0,6.540968
112,3,0.186964,17.0,6.873802
112,3,0.197962,18.0,7.206627
112,3,0.20896,19.0,7.53946
112,3,0.219958,20.0,7.872286
112,3,0.230956,21.0,8.205111
112,3,0.241954,22.0,8.537944
112,3,0.252952,23.0,9.288791
112,3,0.26395,24.0,11.154418
112,3,0.274948,25.0,13.02
112,3,0.285946,26.0,14.885582
112,3,0.296944,27.0,16.751209
112,3,0.307941,28.0,18.447084
112,3,0.318939,29.0,20.079361
112,3,0.329937,30.0,21.711597
112,3,0.340935,31.0,23.343833
112,3,0.351933,32.0,24.976109
112,3,0.362931,33.0,26.608345
112,3,0.373929,34.0,28.240621
112,3,0.384927,35.0,29.872857
112,3,0.395925,36.0,31.505093
112,3,0.406923,37.0,33.137369
112,3,0.417921,38.0,34.769605
112,3,0.428918,39.0,36.401882
112,3,0.439916,40.0,38.510472
112,3,0.450914,41.0,40.816402
112,3,0.461912,42.0,43.122389
112,3,0.47291,43.0,45.428319
112,3,0.483908,44.0,47.734306
112,3,0.494906,45.0,50.040236
112,3,0.505904,46.0,52.346166
112,3,0.516902,47.0,54.652153
112,3,0.5279,48.0,56.958083
112,3,0.538898,49.0,59.26407
112,3,0.549895,50.0,61.57
112,3,0.560893,51.0,61.402173
112,3,0.571891,52.0,61.234342
112,3,0.582889,53.0,61.066515
112,3,0.593887,54.0,60.898684
112,3,0.604885,55.0,60.730857
112,3,0.615883,56.0,60.56303
112,3,0.626881,57.0,60.395199
112,3,0.637879,58.0,60.227372
112,3,0.648877,59.0,60.059541
112,3,0.659875,60.0,59.891714
112,3,0.670873,61.0,58.727927
112,3,0.68187,62.0,56.031787
112,3,0.692868,63.0,53.335713
112,3,0.703866,64.0,50.639573
112,3,0.714864,65.0,47.9435
112,3,0.725862,66.0,45.247427
112,3,0.73686,67.0,42.551287
112,3,0.747858,68.0,39.855213
112,3,0.758856,69.0,37.159073
112,3,0.769854,70.0,34.580222
112,3,0.780852,71.0,32.270978
112,3,0.79185,72.0,29.961677
112,3,0.802847,73.0,27.652434
112,3,0.813845,74.0,25.343133
112,3,0.824843,75.0,23.033889
112,3,0.835841,76.0,20.724645
112,3,0.846839,77.0,18.415344
112,3,0.857837,78.0,16.1061
112,3,0.868835,79.0,13.796799
112,3,0.879833,80.0,11.487556
112,3,0.890831,81.0,9.178312
112,3,0.901829,82.0,6.869011
112,3,0.912827,83.0,4.559767
112,3,0.923824,84.0,4.442676
112,3,0.934822,85.0,5.421667
112,3,0.94582,86.0,6.400657
112,3,0.956818,87.0,7.379671
112,3,0.967816,88.0,8.216501
112,3,0.978814,89.0,8.022623
112,3,0.989812,90.0,7.82875
112,3,1.00081,91.0,7.634877
112,3,1.011808,92.0,7.440999
112,3,1.022806,93.0,7.247126
112,3,1.033804,94.0,7.053248
112,3,1.044801,95.0,6.859375
112,3,1.055799,96.0,6.665502
112,3,1.066797,97.0,6.471624
112,3,1.077795,98.0,6.277751
112,3,1.088793,99.0,6.083873
112,3,1.099791,100.0,5.89
112,4,0.0,0.0,5.89
112,4,0.010998,1.0,5.616402
112,4,0.021996,2.0,5.342799
112,4,0.032994,3.0,5.069201
112,4,0.043992,4.0,4.795598
112,4,0.05499,5.0,4.522
112,4,0.065987,6.0,4.248402
112,4,0.076985,7.0,3.974799
112,4,0.087983,8.0,3.769298
112,4,0.098981,9.0,4.142653
112,4,0.109979,10.0,4.516
112,4,0.120977,11.0,4.889347
112,4,0.131975,12.0,5.262702
112,4,0.142973,13.0,5.636048
112,4,0.153971,14.0,6.009403
112,4,0.164969,15.0,6.38275
112,4,0.175967,16.0,6.756097
112,4,0.186964,17.0,7.129452
112,4,0.197962,18.0,7.502798
112,4,0.20896,19.0,7.986832
112,4,0.219958,20.0,8.551346
112,4,0.230956,21.0,9.115861
112,4,0.241954,22.0,9.680387
112,4,0.252952,23.0,10.244901
112,4,0.26395,24.0,10.809428
112,4,0.274948,25.0,11.373942
112,4,0.285946,26.0,11.938457
112,4,0.296944,27.0,12.502983
112,4,0.307941,28.0,13.390825
112,4,0.318939,29.0,14.6642
112,4,0.329937,30.0,15.937547
112,4,0.340935,31.0,17.210895
112,4,0.351933,32.0,18.48427
112,4,0.362931,33.0,19.757617
112,4,0.373929,34.0,21.030992
112,4,0.384927,35.0,22.30434
112,4,0.395925,36.0,23.577687
112,4,0.406923,37.0,25.162114
112,4,0.417921,38.0,28.405386
112,4,0.428918,39.0,31.648728
112,4,0.439916,40.0,34.892
112,4,0.450914,41.0,38.135272
112,4,0.461912,42.0,41.378614
112,4,0.47291,43.0,44.621886
112,4,0.483908,44.0,47.865228
112,4,0.494906,45.0,51.1085
112,4,0.505904,46.0,54.351772
112,4,0.516902,47.0,57.595114
112,4,0.5279,48.0,59.482995
112,4,0.538898,49.0,60.580259
112,4,0.549895,50.0,61.6775
112,4,0.560893,51.0,62.774741
112,4,0.571891,52.0,63.872005
112,4,0.582889,53.0,64.969245
112,4,0.593887,54.0,66.066509
112,4,0.604885,55.0,67.16375
112,4,0.615883,56.0,68.260991
112,4,0.626881,57.0,69.358255
112,4,0.637879,58.0,69.682427
112,4,0.648877,59.0,63.435146
112,4,0.659875,60.0,57.188
112,4,0.670873,61.0,52.569824
112,4,0.68187,62.0,49.761588
112,4,0.692868,63.0,46.953412
112,4,0.703866,64.0,44.145176
112,4,0.714864,65.0,41.337
112,4,0.725862,66.0,38.528824
112,4,0.73686,67.0,35.720588
112,4,0.747858,68.0,32.912412
112,4,0.758856,69.0,30.104176
112,4,0.769854,70.0,27.296
112,4,0.780852,71.0,24.487824
112,4,0.79185,72.0,22.69325
112,4,0.802847,73.0,20.955036
112,4,0.813845,74.0,19.216785
112,4,0.824843,75.0,17.478571
112,4,0.835841,76.0,15.740358
112,4,0.846839,77.0,14.002107
112,4,0.857837,78.0,12.263893
112,4,0.868835,79.0,10.525642
112,4,0.879833,80.0,8.787429
112,4,0.890831,81.0,8.214001
112,4,0.901829,82.0,8.056571
112,4,0.912827,83.0,7.899144
112,4,0.923824,84.0,7.741713
112,4,0.934822,85.0,7.584286
112,4,0.94582,86.0,7.426858
112,4,0.956818,87.0,7.269428
112,4,0.967816,88.0,7.112001
112,4,0.978814,89.0,6.95457
112,4,0.989812,90.0,6.583
112,4,1.00081,91.0,6.018705
112,4,1.011808,92.0,5.454398
112,4,1.022806,93.0,4.890102
112,4,1.033804,94.0,4.325795
112,4,1.044801,95.0,3.7615
112,4,1.055799,96.0,3.197205
112,4,1.066797,97.0,2.632898
112,4,1.077795,98.0,2.068602
112,4,1.088793,99.0,1.504295
112,4,1.099791,100.0,0.94
112,5,0.0,0.0,0.94
112,5,0.010998,1.0,1.083742
112,5,0.021996,2.0,1.227485
112,5,0.032994,3.0,1.37123
112,5,0.043992,4.0,1.514972
112,5,0.05499,5.0,1.658714
112,5,0.065987,6.0,1.802457
112,5,0.076985,7.0,1.946199
112,5,0.087983,8.0,2.089944
112,5,0.098981,9.0,2.242173
112,5,0.109979,10.0,2.716857
112,5,0.120977,11.0,3.191541
112,5,0.131975,12.0,3.666225
112,5,0.142973,13.0,4.140918
112,5,0.153971,14.0,4.615602
112,5,0.164969,15.0,5.090286
112,5,0.175967,16.0,5.564969
112,5,0.186964,17.0,6.039653
112,5,0.197962,18.0,6.55451
112,5,0.20896,19.0,7.812255
112,5,0.219958,20.0,9.07
112,5,0.230956,21.0,10.327745
112,5,0.241954,22.0,11.58549
112,5,0.252952,23.0,12.84326
112,5,0.26395,24.0,13.910204
112,5,0.274948,25.0,14.96125
112,5,0.285946,26.0,16.012296
112,5,0.296944,27.0,17.063341
112,5,0.307941,28.0,18.114409
112,5,0.318939,29.0,19.165454
112,5,0.329937,30.0,20.2165
112,5,0.340935,31.0,21.267546
112,5,0.351933,32.0,22.318591
112,5,0.362931,33.0,23.369659
112,5,0.373929,34.0,25.514878
112,5,0.384927,35.0,28.207167
112,5,0.395925,36.0,30.899455
112,5,0.406923,37.0,33.591744
112,5,0.417921,38.0,36.284089
112,5,0.428918,39.0,38.976378
112,5,0.439916,40.0,41.668667
112,5,0.450914,41.0,44.360955
112,5,0.461912,42.0,46.225274
112,5,0.47291,43.0,48.067838
112,5,0.483908,44.0,49.910363
112,5,0.494906,45.0,51.752889
112,5,0.505904,46.0,53.595415
112,5,0.516902,47.0,55.43794
112,5,0.5279,48.0,57.280504
112,5,0.538898,49.0,59.12303
112,5,0.549895,50.0,60.965556
112,5,0.560893,51.0,62.808081
112,5,0.571891,52.0,64.650607
112,5,0.582889,53.0,64.924425
112,5,0.593887,54.0,63.168147
112,5,0.604885,55.0,61.411868
112,5,0.615883,56.0,59.65559
112,5,0.626881,57.0,57.899311
112,5,0.637879,58.0,56.142996
112,5,0.648877,59.0,54.386718
112,5,0.659875,60.0,52.63044
112,5,0.670873,61.0,50.234579
112,5,0.68187,62.0,47.506465
112,5,0.692868,63.0,44.778295
112,5,0.703866,64.0,42.050181
112,5,0.714864,65.0,39.322067
112,5,0.725862,66.0,36.593954
112,5,0.73686,67.0,33.86584
112,5,0.747858,68.0,31.13767
112,5,0.758856,69.0,28.409556
112,5,0.769854,70.0,26.159143
112,5,0.780852,71.0,24.052037
112,5,0.79185,72.0,21.944932
112,5,0.802847,73.0,19.837782
112,5,0.813845,74.0,17.730677
112,5,0.824843,75.0,15.623571
112,5,0.835841,76.0,13.516466
112,5,0.846839,77.0,11.40936
112,5,0.857837,78.0,9.302211
112,5,0.868835,79.0,9.101468
112,5,0.879833,80.0,9.392667
112,5,0.890831,81.0,9.683865
112,5,0.901829,82.0,9.975064
112,5,0.912827,83.0,9.742098
112,5,0.923824,84.0,9.480799
112,5,0.934822,85.0,9.2195
112,5,0.94582,86.0,8.958201
112,5,0.956818,87.0,8.696902
112,5,0.967816,88.0,8.435598
112,5,0.978814,89.0,8.174299
112,5,0.989812,90.0,7.913
112,5,1.00081,91.0,7.651701
112,5,1.011808,92.0,7.390402
112,5,1.022806,93.0,7.036397
112,5,1.033804,94.0,6.641198
112,5,1.044801,95.0,6.246
112,5,1.055799,96.0,5.850802
112,5,1.066797,97.0,5.455603
112,5,1.077795,98.0,5.060397
112,5,1.088793,99.0,4.665198
112,5,1.099791,100.0,4.27
112,6,0.0,0.0,4.27
112,6,0.010998,1.0,4.513514
112,6,0.021996,2.0,4.757027
112,6,0.032994,3.0,5.000535
112,6,0.043992,4.0,5.244049
112,6,0.05499,5.0,5.487562
112,6,0.065987,6.0,5.731076
112,6,0.076985,7.0,5.97459
112,6,0.087983,8.0,6.218098
112,6,0.098981,9.0,6.461611
112,6,0.109979,10.0,6.705125
112,6,0.120977,11.0,6.845434
112,6,0.131975,12.0,6.919867
112,6,0.142973,13.0,6.994299
112,6,0.153971,14.0,7.068733
112,6,0.164969,15.0,7.143167
112,6,0.175967,16.0,7.2176
112,6,0.186964,17.0,7.292034
112,6,0.197962,18.0,7.366466
112,6,0.20896,19.0,7.4409
112,6,0.219958,20.0,7.515333
112,6,0.230956,21.0,7.589767
112,6,0.241954,22.0,7.664201
112,6,0.252952,23.0,8.589442
112,6,0.26395,24.0,9.586596
112,6,0.274948,25.0,10.58375
112,6,0.285946,26.0,11.580904
112,6,0.296944,27.0,12.578058
112,6,0.307941,28.0,13.575192
112,6,0.318939,29.0,14.572346
112,6,0.329937,30.0,15.881
112,6,0.340935,31.0,19.276714
112,6,0.351933,32.0,22.672429
112,6,0.362931,33.0,26.068071
112,6,0.373929,34.0,29.081518
112,6,0.384927,35.0,30.841938
112,6,0.395925,36.0,32.602357
112,6,0.406923,37.0,34.362777
112,6,0.417921,38.0,36.12316
112,6,0.428918,39.0,37.88358
112,6,0.439916,40.0,39.644
112,6,0.450914,41.0,41.40442
112,6,0.461912,42.0,43.16484
112,6,0.47291,43.0,44.925223
112,6,0.483908,44.0,46.685643
112,6,0.494906,45.0,48.527583
112,6,0.505904,46.0,50.384575
112,6,0.516902,47.0,52.241566
112,6,0.5279,48.0,54.098518
112,6,0.538898,49.0,55.955509
112,6,0.549895,50.0,57.8125
112,6,0.560893,51.0,59.669491
112,6,0.571891,52.0,61.377892
112,6,0.582889,53.0,60.374983
112,6,0.593887,54.0,59.372054
112,6,0.604885,55.0,58.369125
112,6,0.615883,56.0,57.366196
112,6,0.626881,57.0,56.363267
112,6,0.637879,58.0,55.360358
112,6,0.648877,59.0,54.357429
112,6,0.659875,60.0,53.3545
112,6,0.670873,61.0,52.351571
112,6,0.68187,62.0,51.348642
112,6,0.692868,63.0,48.777928
112,6,0.703866,64.0,45.407881
112,6,0.714864,65.0,42.037833
112,6,0.725862,66.0,38.667786
112,6,0.73686,67.0,35.297738
112,6,0.747858,68.0,31.927762
112,6,0.758856,69.0,28.557714
112,6,0.769854,70.0,25.187667
112,6,0.780852,71.0,23.546507
112,6,0.79185,72.0,22.163388
112,6,0.802847,73.0,20.780299
112,6,0.813845,74.0,19.397181
112,6,0.824843,75.0,18.014063
112,6,0.835841,76.0,16.630944
112,6,0.846839,77.0,15.247826
112,6,0.857837,78.0,13.864737
112,6,0.868835,79.0,12.481618
112,6,0.879833,80.0,11.0985
112,6,0.890831,81.0,10.158464
112,6,0.901829,82.0,9.697433
112,6,0.912827,83.0,9.236411
112,6,0.923824,84.0,8.77538
112,6,0.934822,85.0,8.314349
112,6,0.94582,86.0,7.853317
112,6,0.956818,87.0,7.392286
112,6,0.967816,88.0,6.931264
112,6,0.978814,89.0,6.470233
112,6,0.989812,90.0,6.009202
112,6,1.00081,91.0,5.676029
112,6,1.011808,92.0,5.935361
112,6,1.022806,93.0,6.194686
112,6,1.033804,94.0,6.454018
112,6,1.044801,95.0,6.713349
112,6,1.055799,96.0,6.97268
112,6,1.066797,97.0,7.232012
112,6,1.077795,98.0,7.491337
112,6,1.088793,99.0,7.750669
112,6,1.099791,100.0,8.01
112,7,0.0,0.0,8.01
112,7,0.010998,1.0,8.684494
112,7,0.021996,2.0,9.359003
112,7,0.032994,3.0,10.033497
112,7,0.043992,4.0,10.708006
112,7,0.05499,5.0,11.3825
112,7,0.065987,6.0,12.056994
112,7,0.076985,7.0,12.731503
112,7,0.087983,8.0,13.021421
112,7,0.098981,9.0,13.29438
112,7,0.109979,10.0,13.567333
112,7,0.120977,11.0,13.840286
112,7,0.131975,12.0,14.113246
112,7,0.142973,13.0,14.386199
112,7,0.153971,14.0,14.659158
112,7,0.164969,15.0,14.932111
112,7,0.175967,16.0,15.205064
112,7,0.186964,17.0,15.478023
112,7,0.197962,18.0,15.750977
112,7,0.20896,19.0,16.023936
112,7,0.219958,20.0,16.510667
112,7,0.230956,21.0,17.542524
112,7,0.241954,22.0,18.574405
112,7,0.252952,23.0,19.606262
112,7,0.26395,24.0,20.633959
112,7,0.274948,25.0,21.591562
112,7,0.285946,26.0,22.549166
112,7,0.296944,27.0,23.506792
112,7,0.307941,28.0,24.464396
112,7,0.318939,29.0,25.422021
112,7,0.329937,30.0,26.379625
112,7,0.340935,31.0,27.337229
112,7,0.351933,32.0,28.294854
112,7,0.362931,33.0,29.252458
112,7,0.373929,34.0,30.210084
112,7,0.384927,35.0,31.167687
112,7,0.395925,36.0,33.352377
112,7,0.406923,37.0,35.865812
112,7,0.417921,38.0,38.379188
112,7,0.428918,39.0,40.892623
112,7,0.439916,40.0,43.406
112,7,0.450914,41.0,45.919377
112,7,0.461912,42.0,48.432812
112,7,0.47291,43.0,50.946188
112,7,0.483908,44.0,53.459623
112,7,0.494906,45.0,55.973
112,7,0.505904,46.0,58.486377
112,7,0.516902,47.0,60.260334
112,7,0.5279,48.0,61.354738
112,7,0.538898,49.0,62.449167
112,7,0.549895,50.0,63.543571
112,7,0.560893,51.0,64.637976
112,7,0.571891,52.0,65.732405
112,7,0.582889,53.0,66.826809
112,7,0.593887,54.0,67.921239
112,7,0.604885,55.0,69.015643
112,7,0.615883,56.0,70.110047
112,7,0.626881,57.0,67.957649
112,7,0.637879,58.0,64.147351
112,7,0.648877,59.0,60.336965
112,7,0.659875,60.0,56.526667
112,7,0.670873,61.0,53.255111
112,7,0.68187,62.0,50.678663
112,7,0.692868,63.0,48.102274
112,7,0.703866,64.0,45.525826
112,7,0.714864,65.0,42.949438
112,7,0.725862,66.0,40.373049
112,7,0.73686,67.0,37.796601
112,7,0.747858,68.0,35.220212
112,7,0.758856,69.0,32.643764
112,7,0.769854,70.0,30.067375
112,7,0.780852,71.0,27.490986
112,7,0.79185,72.0,25.081593
112,7,0.802847,73.0,23.493574
112,7,0.813845,74.0,21.905519
112,7,0.824843,75.0,20.3175
112,7,0.835841,76.0,18.729481
112,7,0.846839,77.0,17.141426
112,7,0.857837,78.0,15.553407
112,7,0.868835,79.0,13.965352
112,7,0.879833,80.0,12.377333
112,7,0.890831,81.0,11.837564
112,7,0.901829,82.0,11.708874
112,7,0.912827,83.0,11.580188
112,7,0.923824,84.0,11.451499
112,7,0.934822,85.0,11.322812
112,7,0.94582,86.0,11.194126
112,7,0.956818,87.0,11.065437
112,7,0.967816,88.0,10.936751
112,7,0.978814,89.0,10.808061
112,7,0.989812,90.0,10.679375
112,7,1.00081,91.0,10.550689
112,7,1.011808,92.0,10.454933
112,7,1.022806,93.0,10.399317
112,7,1.033804,94.0,10.343699
112,7,1.044801,95.0,10.288083
112,7,1.055799,96.0,10.232467
112,7,1.066797,97.0,10.17685
112,7,1.077795,98.0,10.121234
112,7,1.088793,99.0,10.065616
112,7,1.099791,100.0,10.01
112,8,0.0,0.0,10.01
112,8,0.010998,1.0,9.760152
112,8,0.021996,2.0,9.510299
112,8,0.032994,3.0,9.260451
112,8,0.043992,4.0,9.010598
112,8,0.05499,5.0,8.76075
112,8,0.065987,6.0,8.510902
112,8,0.076985,7.0,8.261049
112,8,0.087983,8.0,8.011201
112,8,0.098981,9.0,7.761348
112,8,0.109979,10.0,7.5115
112,8,0.120977,11.0,7.505998
112,8,0.131975,12.0,7.772001
112,8,0.142973,13.0,8.037999
112,8,0.153971,14.0,8.304002
112,8,0.164969,15.0,8.57
112,8,0.175967,16.0,8.835998
112,8,0.186964,17.0,9.102001
112,8,0.197962,18.0,9.367999
112,8,0.20896,19.0,9.634002
112,8,0.219958,20.0,9.9
112,8,0.230956,21.0,10.165998
112,8,0.241954,22.0,10.432001
112,8,0.252952,23.0,10.844398
112,8,0.26395,24.0,11.342204
112,8,0.274948,25.0,11.84
112,8,0.285946,26.0,12.337796
112,8,0.296944,27.0,12.835602
112,8,0.307941,28.0,13.333398
112,8,0.318939,29.0,13.831204
112,8,0.329937,30.0,14.329
112,8,0.340935,31.0,16.586109
112,8,0.351933,32.0,19.471612
112,8,0.362931,33.0,22.357054
112,8,0.373929,34.0,25.242558
112,8,0.384927,35.0,27.57575
112,8,0.395925,36.0,29.761681
112,8,0.406923,37.0,31.947659
112,8,0.417921,38.0,34.133591
112,8,0.428918,39.0,36.319569
112,8,0.439916,40.0,38.5055
112,8,0.450914,41.0,40.691431
112,8,0.461912,42.0,42.877409
112,8,0.47291,43.0,45.063341
112,8,0.483908,44.0,47.249319
112,8,0.494906,45.0,49.509
112,8,0.505904,46.0,51.975179
112,8,0.516902,47.0,54.441411
112,8,0.5279,48.0,56.907589
112,8,0.538898,49.0,59.373821
112,8,0.549895,50.0,61.84
112,8,0.560893,51.0,64.306179
112,8,0.571891,52.0,66.772411
112,8,0.582889,53.0,68.045453
112,8,0.593887,54.0,67.273093
112,8,0.604885,55.0,66.50075
112,8,0.615883,56.0,65.728407
112,8,0.626881,57.0,64.956047
112,8,0.637879,58.0,64.183703
112,8,0.648877,59.0,63.411343
112,8,0.659875,60.0,62.639
112,8,0.670873,61.0,61.866657
112,8,0.68187,62.0,61.094297
112,8,0.692868,63.0,60.321953
112,8,0.703866,64.0,57.742375
112,8,0.714864,65.0,54.824
112,8,0.725862,66.0,51.905625
112,8,0.73686,67.0,48.987188
112,8,0.747858,68.0,46.068812
112,8,0.758856,69.0,43.150375
112,8,0.769854,70.0,40.232
112,8,0.780852,71.0,37.313625
112,8,0.79185,72.0,34.395187
112,8,0.802847,73.0,31.476813
112,8,0.813845,74.0,28.846783
112,8,0.824843,75.0,26.841667
112,8,0.835841,76.0,24.836551
112,8,0.846839,77.0,22.831391
112,8,0.857837,78.0,20.826275
112,8,0.868835,79.0,18.821116
112,8,0.879833,80.0,16.816
112,8,0.890831,81.0,14.810884
112,8,0.901829,82.0,13.548399
112,8,0.912827,83.0,13.307101
112,8,0.923824,84.0,13.065798
112,8,0.934822,85.0,12.8245
112,8,0.94582,86.0,12.583202
112,8,0.956818,87.0,12.326119
112,8,0.967816,88.0,11.984881
112,8,0.978814,89.0,11.643637
112,8,0.989812,90.0,11.3024
112,8,1.00081,91.0,10.961163
112,8,1.011808,92.0,10.619919
112,8,1.022806,93.0,10.278681
112,8,1.033804,94.0,9.937437
112,8,1.044801,95.0,9.5962
112,8,1.055799,96.0,9.254963
112,8,1.066797,97.0,8.913719
112,8,1.077795,98.0,8.572481
112,8,1.088793,99.0,8.231237
112,8,1.099791,100.0,7.89
112,9,0.0,0.0,7.89
112,9,0.010998,1.0,8.261853
112,9,0.021996,2.0,8.633698
112,9,0.032994,3.0,9.005552
112,9,0.043992,4.0,9.377397
112,9,0.05499,5.0,9.74925
112,9,0.065987,6.0,10.013852
112,9,0.076985,7.0,10.205324
112,9,0.087983,8.0,10.396801
112,9,0.098981,9.0,10.588273
112,9,0.109979,10.0,10.77975
112,9,0.120977,11.0,10.971227
112,9,0.131975,12.0,11.162699
112,9,0.142973,13.0,11.354176
112,9,0.153971,14.0,11.545648
112,9,0.164969,15.0,11.737125
112,9,0.175967,16.0,11.928602
112,9,0.186964,17.0,12.381798
112,9,0.197962,18.0,12.907202
112,9,0.20896,19.0,13.432595
112,9,0.219958,20.0,13.958
112,9,0.230956,21.0,14.483405
112,9,0.241954,22.0,15.008798
112,9,0.252952,23.0,15.534202
112,9,0.26395,24.0,16.059595
112,9,0.274948,25.0,16.9175
112,9,0.285946,26.0,17.935009
112,9,0.296944,27.0,18.952496
112,9,0.307941,28.0,19.970004
112,9,0.318939,29.0,20.987491
112,9,0.329937,30.0,22.005
112,9,0.340935,31.0,23.022509
112,9,0.351933,32.0,24.039996
112,9,0.362931,33.0,25.057504
112,9,0.373929,34.0,26.074991
112,9,0.384927,35.0,27.0925
112,9,0.395925,36.0,29.752426
112,9,0.406923,37.0,32.668912
112,9,0.417921,38.0,35.585463
112,9,0.428918,39.0,38.501949
112,9,0.439916,40.0,41.4185
112,9,0.450914,41.0,44.335051
112,9,0.461912,42.0,47.251537
112,9,0.47291,43.0,50.168088
112,9,0.483908,44.0,53.084574
112,9,0.494906,45.0,56.001125
112,9,0.505904,46.0,58.832732
112,9,0.516902,47.0,60.178034
112,9,0.5279,48.0,61.523366
112,9,0.538898,49.0,62.868668
112,9,0.549895,50.0,64.214
112,9,0.560893,51.0,65.559332
112,9,0.571891,52.0,66.904634
112,9,0.582889,53.0,68.249966
112,9,0.593887,54.0,69.595268
112,9,0.604885,55.0,70.9406
112,9,0.615883,56.0,72.285932
112,9,0.626881,57.0,73.631234
112,9,0.637879,58.0,74.976566
112,9,0.648877,59.0,76.321868
112,9,0.659875,60.0,74.36
112,9,0.670873,61.0,69.586958
112,9,0.68187,62.0,64.814021
112,9,0.692868,63.0,60.040979
112,9,0.703866,64.0,55.268042
112,9,0.714864,65.0,50.495
112,9,0.725862,66.0,45.721958
112,9,0.73686,67.0,40.949021
112,9,0.747858,68.0,36.175979
112,9,0.758856,69.0,31.403042
112,9,0.769854,70.0,26.63
112,9,0.780852,71.0,23.874782
112,9,0.79185,72.0,21.866942
112,9,0.802847,73.0,19.859058
112,9,0.813845,74.0,17.851218
112,9,0.824843,75.0,15.843333
112,9,0.835841,76.0,13.835449
112,9,0.846839,77.0,11.827609
112,9,0.857837,78.0,9.819725
112,9,0.868835,79.0,9.161774
112,9,0.879833,80.0,9.3255
112,9,0.890831,81.0,9.489226
112,9,0.901829,82.0,9.652949
112,9,0.912827,83.0,9.816676
112,9,0.923824,84.0,9.980399
112,9,0.934822,85.0,10.144125
112,9,0.94582,86.0,10.307851
112,9,0.956818,87.0,10.471574
112,9,0.967816,88.0,10.635301
112,9,0.978814,89.0,10.799024
112,9,0.989812,90.0,10.6755
112,9,1.00081,91.0,10.484948
112,9,1.011808,92.0,10.294401
112,9,1.022806,93.0,10.103849
112,9,1.033804,94.0,9.913302
112,9,1.044801,95.0,9.72275
112,9,1.055799,96.0,9.532198
112,9,1.066797,97.0,9.341651
112,9,1.077795,98.0,9.151099
112,9,1.088793,99.0,8.960552
112,9,1.099791,100.0,8.77
112,10,0.0,0.0,8.77
112,10,0.010998,1.0,8.579713
112,10,0.021996,2.0,8.389427
112,10,0.032994,3.0,8.199145
112,10,0.043992,4.0,8.008858
112,10,0.05499,5.0,7.818571
112,10,0.065987,6.0,7.628285
112,10,0.076985,7.0,7.437998
112,10,0.087983,8.0,7.247716
112,10,0.098981,9.0,7.057429
112,10,0.109979,10.0,7.042667
112,10,0.120977,11.0,7.484269
112,10,0.131975,12.0,7.925871
112,10,0.142973,13.0,8.367463
112,10,0.153971,14.0,8.801098
112,10,0.164969,15.0,9.171
112,10,0.175967,16.0,9.540902
112,10,0.186964,17.0,9.910803
112,10,0.197962,18.0,10.280697
112,10,0.20896,19.0,10.650598
112,10,0.219958,20.0,11.0205
112,10,0.230956,21.0,11.390402
112,10,0.241954,22.0,11.760303
112,10,0.252952,23.0,12.130197
112,10,0.26395,24.0,12.500098
112,10,0.274948,25.0,12.87
112,10,0.285946,26.0,14.295606
112,10,0.296944,27.0,15.721213
112,10,0.307941,28.0,17.146787
112,10,0.318939,29.0,18.572394
112,10,0.329937,30.0,19.998
112,10,0.340935,31.0,21.423606
112,10,0.351933,32.0,22.849213
112,10,0.362931,33.0,24.274787
112,10,0.373929,34.0,26.036391
112,10,0.384927,35.0,27.966
112,10,0.395925,36.0,29.895609
112,10,0.406923,37.0,31.825217
112,10,0.417921,38.0,33.754783
112,10,0.428918,39.0,35.684391
112,10,0.439916,40.0,37.614
112,10,0.450914,41.0,39.543609
112,10,0.461912,42.0,41.473217
112,10,0.47291,43.0,43.402783
112,10,0.483908,44.0,45.332391
112,10,0.494906,45.0,47.588
112,10,0.505904,46.0,50.104411
112,10,0.516902,47.0,52.620823
112,10,0.5279,48.0,55.137177
112,10,0.538898,49.0,57.653589
112,10,0.549895,50.0,60.17
112,10,0.560893,51.0,62.686411
112,10,0.571891,52.0,65.202823
112,10,0.582889,53.0,67.092447
112,10,0.593887,54.0,66.788446
112,10,0.604885,55.0,66.484444
112,10,0.615883,56.0,66.180443
112,10,0.626881,57.0,65.876442
112,10,0.637879,58.0,65.572447
112,10,0.648877,59.0,65.268446
112,10,0.659875,60.0,64.964444
112,10,0.670873,61.0,64.660443
112,10,0.68187,62.0,64.356442
112,10,0.692868,63.0,64.052447
112,10,0.703866,64.0,63.748446
112,10,0.714864,65.0,63.444444
112,10,0.725862,66.0,61.279244
112,10,0.73686,67.0,58.398203
112,10,0.747858,68.0,55.517226
112,10,0.758856,69.0,52.636184
112,10,0.769854,70.0,49.755143
112,10,0.780852,71.0,46.874101
112,10,0.79185,72.0,43.99306
112,10,0.802847,73.0,41.112083
112,10,0.813845,74.0,38.231042
112,10,0.824843,75.0,35.35
112,10,0.835841,76.0,32.619131
112,10,0.846839,77.0,29.888261
112,10,0.857837,78.0,27.157453
112,10,0.868835,79.0,24.426584
112,10,0.879833,80.0,21.695714
112,10,0.890831,81.0,18.964845
112,10,0.901829,82.0,16.233975
112,10,0.912827,83.0,13.503168
112,10,0.923824,84.0,10.772298
112,10,0.934822,85.0,8.911429
112,10,0.94582,86.0,9.312573
112,10,0.956818,87.0,9.713718
112,10,0.967816,88.0,10.114854
112,10,0.978814,89.0,10.515998
112,10,0.989812,90.0,10.917143
112,10,1.00081,91.0,11.318288
112,10,1.011808,92.0,11.719432
112,10,1.022806,93.0,12.120568
112,10,1.033804,94.0,12.521712
112,10,1.044801,95.0,12.664
112,10,1.055799,96.0,12.5992
112,10,1.066797,97.0,12.534399
112,10,1.077795,98.0,12.469601
112,10,1.088793,99.0,12.4048
112,10,1.099791,100.0,12.34
112,11,0.0,0.0,12.34
112,11,0.010998,1.0,12.209967
112,11,0.021996,2.0,12.079934
112,11,0.032994,3.0,11.949899
112,11,0.043992,4.0,11.819866
112,11,0.05499,5.0,11.689833
112,11,0.065987,6.0,11.559801
112,11,0.076985,7.0,11.429768
112,11,0.087983,8.0,11.3624
112,11,0.098981,9.0,11.313637
112,11,0.109979,10.0,11.264875
112,11,0.120977,11.0,11.216113
112,11,0.131975,12.0,11.16735
112,11,0.142973,13.0,11.118587
112,11,0.153971,14.0,11.069825
112,11,0.164969,15.0,11.021062
112,11,0.175967,16.0,10.9723
112,11,0.186964,17.0,10.935087
112,11,0.197962,18.0,10.973475
112,11,0.20896,19.0,11.011863
112,11,0.219958,20.0,11.05025
112,11,0.230956,21.0,11.088637
112,11,0.241954,22.0,11.127025
112,11,0.252952,23.0,11.165413
112,11,0.26395,24.0,11.2038
112,11,0.274948,25.0,11.242188
112,11,0.285946,26.0,11.280575
112,11,0.296944,27.0,11.685394
112,11,0.307941,28.0,12.465606
112,11,0.318939,29.0,13.245803
112,11,0.329937,30.0,14.026
112,11,0.340935,31.0,14.806197
112,11,0.351933,32.0,15.586394
112,11,0.362931,33.0,16.366606
112,11,0.373929,34.0,17.146803
112,11,0.384927,35.0,18.1395
112,11,0.395925,36.0,22.447183
112,11,0.406923,37.0,26.754866
112,11,0.417921,38.0,31.062634
112,11,0.428918,39.0,34.57666
112,11,0.439916,40.0,37.104
112,11,0.450914,41.0,39.63134
112,11,0.461912,42.0,42.15868
112,11,0.47291,43.0,44.68607
112,11,0.483908,44.0,47.21341
112,11,0.494906,45.0,49.74075
112,11,0.505904,46.0,52.26809
112,11,0.516902,47.0,54.79543
112,11,0.5279,48.0,57.32282
112,11,0.538898,49.0,58.597254
112,11,0.549895,50.0,59.5725
112,11,0.560893,51.0,60.547746
112,11,0.571891,52.0,61.522992
112,11,0.582889,53.0,62.498258
112,11,0.593887,54.0,63.473504
112,11,0.604885,55.0,64.44875
112,11,0.615883,56.0,63.919206
112,11,0.626881,57.0,62.292413
112,11,0.637879,58.0,60.665587
112,11,0.648877,59.0,59.038794
112,11,0.659875,60.0,57.412
112,11,0.670873,61.0,55.785206
112,11,0.68187,62.0,54.158413
112,11,0.692868,63.0,52.531587
112,11,0.703866,64.0,50.904794
112,11,0.714864,65.0,49.278
112,11,0.725862,66.0,45.381416
112,11,0.73686,67.0,41.339332
112,11,0.747858,68.0,37.297168
112,11,0.758856,69.0,33.255084
112,11,0.769854,70.0,29.213
112,11,0.780852,71.0,25.170916
112,11,0.79185,72.0,21.128832
112,11,0.802847,73.0,18.988702
112,11,0.813845,74.0,17.62232
112,11,0.824843,75.0,16.255938
112,11,0.835841,76.0,14.889555
112,11,0.846839,77.0,13.523173
112,11,0.857837,78.0,12.156764
112,11,0.868835,79.0,10.790382
112,11,0.879833,80.0,9.424
112,11,0.890831,81.0,8.057618
112,11,0.901829,82.0,6.787075
112,11,0.912827,83.0,6.746612
112,11,0.923824,84.0,6.70615
112,11,0.934822,85.0,6.665687
112,11,0.94582,86.0,6.625225
112,11,0.956818,87.0,6.584763
112,11,0.967816,88.0,6.5443
112,11,0.978814,89.0,6.503837
112,11,0.989812,90.0,6.463375
112,11,1.00081,91.0,6.422913
112,11,1.011808,92.0,6.289431
112,11,1.022806,93.0,6.034498
112,11,1.033804,94.0,5.77957
112,11,1.044801,95.0,5.524643
112,11,1.055799,96.0,5.269715
112,11,1.066797,97.0,5.014788
112,11,1.077795,98.0,4.759855
112,11,1.088793,99.0,4.504928
112,11,1.099791,100.0,4.25
112,12,0.0,0.0,4.25
112,12,0.010998,1.0,5.178394
112,12,0.021996,2.0,6.106809
112,12,0.032994,3.0,7.035202
112,12,0.043992,4.0,7.963617
112,12,0.05499,5.0,8.571324
112,12,0.065987,6.0,9.028643
112,12,0.076985,7.0,9.485973
112,12,0.087983,8.0,9.943292
112,12,0.098981,9.0,10.400622
112,12,0.109979,10.0,10.857941
112,12,0.120977,11.0,11.315261
112,12,0.131975,12.0,11.77259
112,12,0.142973,13.0,12.22991
112,12,0.153971,14.0,12.687239
112,12,0.164969,15.0,13.144559
112,12,0.175967,16.0,13.777993
112,12,0.186964,17.0,14.58267
112,12,0.197962,18.0,15.38733
112,12,0.20896,19.0,16.192007
112,12,0.219958,20.0,16.996667
112,12,0.230956,21.0,17.801326
112,12,0.241954,22.0,18.606004
112,12,0.252952,23.0,19.410663
112,12,0.26395,24.0,20.23126
112,12,0.274948,25.0,21.318438
112,12,0.285946,26.0,22.405615
112,12,0.296944,27.0,23.492817
112,12,0.307941,28.0,24.579995
112,12,0.318939,29.0,25.667197
112,12,0.329937,30.0,26.754375
112,12,0.340935,31.0,27.841553
112,12,0.351933,32.0,28.928755
112,12,0.362931,33.0,30.015933
112,12,0.373929,34.0,31.103135
112,12,0.384927,35.0,32.190313
112,12,0.395925,36.0,34.623574
112,12,0.406923,37.0,37.417463
112,12,0.417921,38.0,40.211287
112,12,0.428918,39.0,43.005176
112,12,0.439916,40.0,45.799
112,12,0.450914,41.0,48.592824
112,12,0.461912,42.0,51.386713
112,12,0.47291,43.0,54.180537
112,12,0.483908,44.0,56.974426
112,12,0.494906,45.0,59.76825
112,12,0.505904,46.0,62.562074
112,12,0.516902,47.0,64.329732
112,12,0.5279,48.0,65.154339
112,12,0.538898,49.0,65.978965
112,12,0.549895,50.0,66.803571
112,12,0.560893,51.0,67.628178
112,12,0.571891,52.0,68.452804
112,12,0.582889,53.0,69.277411
112,12,0.593887,54.0,70.102036
112,12,0.604885,55.0,70.926643
112,12,0.615883,56.0,71.75125
112,12,0.626881,57.0,69.565616
112,12,0.637879,58.0,65.842884
112,12,0.648877,59.0,62.120066
112,12,0.659875,60.0,58.397333
112,12,0.670873,61.0,55.114275
112,12,0.68187,62.0,52.398488
112,12,0.692868,63.0,49.682762
112,12,0.703866,64.0,46.966975
112,12,0.714864,65.0,44.25125
112,12,0.725862,66.0,41.535525
112,12,0.73686,67.0,38.819738
112,12,0.747858,68.0,36.104012
112,12,0.758856,69.0,33.388225
112,12,0.769854,70.0,30.6725
112,12,0.780852,71.0,27.956775
112,12,0.79185,72.0,25.372391
112,12,0.802847,73.0,23.434109
112,12,0.813845,74.0,21.495782
112,12,0.824843,75.0,19.5575
112,12,0.835841,76.0,17.619218
112,12,0.846839,77.0,15.680891
112,12,0.857837,78.0,13.742609
112,12,0.868835,79.0,11.804282
112,12,0.879833,80.0,9.866
112,12,0.890831,81.0,9.073673
112,12,0.901829,82.0,8.730738
112,12,0.912827,83.0,8.387812
112,12,0.923824,84.0,8.044877
112,12,0.934822,85.0,7.70195
112,12,0.94582,86.0,7.359023
112,12,0.956818,87.0,7.016088
112,12,0.967816,88.0,6.673162
112,12,0.978814,89.0,6.330227
112,12,0.989812,90.0,5.9873
112,12,1.00081,91.0,5.644373
112,12,1.011808,92.0,5.301438
112,12,1.022806,93.0,4.958512
112,12,1.033804,94.0,4.615577
112,12,1.044801,95.0,4.787
112,12,1.055799,96.0,5.255596
112,12,1.066797,97.0,5.724202
112,12,1.077795,98.0,6.192798
112,12,1.088793,99.0,6.661404
112,12,1.099791,100.0,7.13
113,2,0.0,0.0,7.69
113,2,0.010998,1.0,7.271971
113,2,0.021996,2.0,6.853941
113,2,0.032994,3.0,6.435912
113,2,0.043992,4.0,6.017882
113,2,0.05499,5.0,5.599853
113,2,0.065987,6.0,5.181824
113,2,0.076985,7.0,5.488165
113,2,0.087983,8.0,5.944784
113,2,0.098981,9.0,6.401402
113,2,0.109979,10.0,6.858021
113,2,0.120977,11.0,7.31464
113,2,0.131975,12.0,7.771259
113,2,0.142973,13.0,8.227887
113,2,0.153971,14.0,8.684506
113,2,0.164969,15.0,9.141125
113,2,0.175967,16.0,9.597743
113,2,0.186964,17.0,10.242499
113,2,0.197962,18.0,10.928593
113,2,0.20896,19.0,11.614687
113,2,0.219958,20.0,12.300781
113,2,0.230956,21.0,12.986874
113,2,0.241954,22.0,13.672968
113,2,0.252952,23.0,14.359062
113,2,0.26395,24.0,15.250763
113,2,0.274948,25.0,16.5925
113,2,0.285946,26.0,17.934237
113,2,0.296944,27.0,19.275974
113,2,0.307941,28.0,20.617711
113,2,0.318939,29.0,21.959448
113,2,0.329937,30.0,23.301185
113,2,0.340935,31.0,24.642922
113,2,0.351933,32.0,25.984659
113,2,0.362931,33.0,28.184734
113,2,0.373929,34.0,31.069437
113,2,0.384927,35.0,33.954139
113,2,0.395925,36.0,36.838842
113,2,0.406923,37.0,39.723545
113,2,0.417921,38.0,42.608307
113,2,0.428918,39.0,45.49301
113,2,0.439916,40.0,48.377712
113,2,0.450914,41.0,51.262415
113,2,0.461912,42.0,54.147118
113,2,0.47291,43.0,57.031821
113,2,0.483908,44.0,59.493378
113,2,0.494906,45.0,60.952959
113,2,0.505904,46.0,62.412541
113,2,0.516902,47.0,63.872122
113,2,0.5279,48.0,65.331704
113,2,0.538898,49.0,66.791285
113,2,0.549895,50.0,68.136067
113,2,0.560893,51.0,66.842746
113,2,0.571891,52.0,65.549426
113,2,0.582889,53.0,64.256106
113,2,0.593887,54.0,62.962786
113,2,0.604885,55.0,61.669465
113,2,0.615883,56.0,60.376145
113,2,0.626881,57.0,57.573128
113,2,0.637879,58.0,54.360254
113,2,0.648877,59.0,51.147381
113,2,0.659875,60.0,47.934508
113,2,0.670873,61.0,44.721634
113,2,0.68187,62.0,41.508761
113,2,0.692868,63.0,38.295822
113,2,0.703866,64.0,35.082949
113,2,0.714864,65.0,31.870076
113,2,0.725862,66.0,29.489162
113,2,0.73686,67.0,27.344286
113,2,0.747858,68.0,25.19941
113,2,0.758856,69.0,23.054534
113,2,0.769854,70.0,20.909658
113,2,0.780852,71.0,18.764782
113,2,0.79185,72.0,17.737235
113,2,0.802847,73.0,17.035972
113,2,0.813845,74.0,16.334709
113,2,0.824843,75.0,15.633445
113,2,0.835841,76.0,14.932182
113,2,0.846839,77.0,14.230919
113,2,0.857837,78.0,13.529655
113,2,0.868835,79.0,12.828392
113,2,0.879833,80.0,12.127129
113,2,0.890831,81.0,11.425866
113,2,0.901829,82.0,11.052413
113,2,0.912827,83.0,10.737248
113,2,0.923824,84.0,10.422082
113,2,0.934822,85.0,10.106917
113,2,0.94582,86.0,9.791751
113,2,0.956818,87.0,9.476586
113,2,0.967816,88.0,9.161414
113,2,0.978814,89.0,8.846249
113,2,0.989812,90.0,8.522997
113,2,1.00081,91.0,8.119697
113,2,1.011808,92.0,7.716397
113,2,1.022806,93.0,7.313098
113,2,1.033804,94.0,6.909798
113,2,1.044801,95.0,6.506498
113,2,1.055799,96.0,6.103199
113,2,1.066797,97.0,5.699899
113,2,1.077795,98.0,5.296599
113,2,1.088793,99.0,4.8933
113,2,1.099791,100.0,4.49
113,3,0.0,0.0,4.49
113,3,0.010998,1.0,4.896956
113,3,0.021996,2.0,5.303913
113,3,0.032994,3.0,5.710869
113,3,0.043992,4.0,6.117815
113,3,0.05499,5.0,6.524771
113,3,0.065987,6.0,6.931728
113,3,0.076985,7.0,7.338684
113,3,0.087983,8.0,7.807974
113,3,0.098981,9.0,8.332566
113,3,0.109979,10.0,8.857145
113,3,0.120977,11.0,9.381737
113,3,0.131975,12.0,9.906329
113,3,0.142973,13.0,10.430921
113,3,0.153971,14.0,10.955513
113,3,0.164969,15.0,11.480105
113,3,0.175967,16.0,12.004684
113,3,0.186964,17.0,12.529276
113,3,0.197962,18.0,13.053868
113,3,0.20896,19.0,13.578461
113,3,0.219958,20.0,14.229204
113,3,0.230956,21.0,14.972167
113,3,0.241954,22.0,15.715111
113,3,0.252952,23.0,16.458074
113,3,0.26395,24.0,17.201037
113,3,0.274948,25.0,17.944
113,3,0.285946,26.0,18.686963
113,3,0.296944,27.0,19.429926
113,3,0.307941,28.0,20.172889
113,3,0.318939,29.0,21.534391
113,3,0.329937,30.0,23.285541
113,3,0.340935,31.0,25.036692
113,3,0.351933,32.0,26.787842
113,3,0.362931,33.0,28.538992
113,3,0.373929,34.0,30.290142
113,3,0.384927,35.0,32.04125
113,3,0.395925,36.0,33.7924
113,3,0.406923,37.0,35.54355
113,3,0.417921,38.0,37.2947
113,3,0.428918,39.0,39.04585
113,3,0.439916,40.0,40.797
113,3,0.450914,41.0,43.779488
113,3,0.461912,42.0,47.392581
113,3,0.47291,43.0,51.005674
113,3,0.483908,44.0,54.618767
113,3,0.494906,45.0,58.23186
113,3,0.505904,46.0,61.844953
113,3,0.516902,47.0,65.457958
113,3,0.5279,48.0,68.672965
113,3,0.538898,49.0,67.941344
113,3,0.549895,50.0,67.209722
113,3,0.560893,51.0,66.478101
113,3,0.571891,52.0,65.746479
113,3,0.582889,53.0,65.014858
113,3,0.593887,54.0,64.283255
113,3,0.604885,55.0,63.551633
113,3,0.615883,56.0,62.820012
113,3,0.626881,57.0,62.08839
113,3,0.637879,58.0,61.356769
113,3,0.648877,59.0,60.144842
113,3,0.659875,60.0,57.978114
113,3,0.670873,61.0,55.811334
113,3,0.68187,62.0,53.644553
113,3,0.692868,63.0,51.477773
113,3,0.703866,64.0,49.310992
113,3,0.714864,65.0,47.144211
113,3,0.725862,66.0,44.977484
113,3,0.73686,67.0,42.810703
113,3,0.747858,68.0,40.696753
113,3,0.758856,69.0,38.59868
113,3,0.769854,70.0,36.500607
113,3,0.780852,71.0,34.402535
113,3,0.79185,72.0,32.304513
113,3,0.802847,73.0,30.20644
113,3,0.813845,74.0,28.108367
113,3,0.824843,75.0,26.010294
113,3,0.835841,76.0,23.912221
113,3,0.846839,77.0,21.814148
113,3,0.857837,78.0,19.716076
113,3,0.868835,79.0,17.618054
113,3,0.879833,80.0,15.519981
113,3,0.890831,81.0,13.756206
113,3,0.901829,82.0,13.156517
113,3,0.912827,83.0,12.556828
113,3,0.923824,84.0,11.95714
113,3,0.934822,85.0,11.357465
113,3,0.94582,86.0,10.757776
113,3,0.956818,87.0,10.158088
113,3,0.967816,88.0,9.558399
113,3,0.978814,89.0,9.612428
113,3,0.989812,90.0,9.779481
113,3,1.00081,91.0,9.946529
113,3,1.011808,92.0,10.113582
113,3,1.022806,93.0,10.280635
113,3,1.033804,94.0,10.447688
113,3,1.044801,95.0,10.61474
113,3,1.055799,96.0,10.781793
113,3,1.066797,97.0,10.948842
113,3,1.077795,98.0,11.115894
113,3,1.088793,99.0,11.282947
113,3,1.099791,100.0,11.45
113,4,0.0,0.0,11.45
113,4,0.010998,1.0,11.228482
113,4,0.021996,2.0,11.006965
113,4,0.032994,3.0,10.785452
113,4,0.043992,4.0,10.563935
113,4,0.05499,5.0,10.342417
113,4,0.065987,6.0,10.256937
113,4,0.076985,7.0,10.416381
113,4,0.087983,8.0,10.57583
113,4,0.098981,9.0,10.735278
113,4,0.109979,10.0,10.894726
113,4,0.120977,11.0,11.054171
113,4,0.131975,12.0,11.21362
113,4,0.142973,13.0,11.373068
113,4,0.153971,14.0,11.532516
113,4,0.164969,15.0,11.691961
113,4,0.175967,16.0,11.851409
113,4,0.186964,17.0,12.027217
113,4,0.197962,18.0,12.250507
113,4,0.20896,19.0,12.473791
113,4,0.219958,20.0,12.697081
113,4,0.230956,21.0,12.920371
113,4,0.241954,22.0,13.14366
113,4,0.252952,23.0,13.366945
113,4,0.26395,24.0,13.590235
113,4,0.274948,25.0,13.813525
113,4,0.285946,26.0,14.036814
113,4,0.296944,27.0,14.260104
113,4,0.307941,28.0,14.483389
113,4,0.318939,29.0,15.52801
113,4,0.329937,30.0,16.597691
113,4,0.340935,31.0,17.667372
113,4,0.351933,32.0,18.737028
113,4,0.362931,33.0,19.806709
113,4,0.373929,34.0,20.876391
113,4,0.384927,35.0,21.946072
113,4,0.395925,36.0,23.015728
113,4,0.406923,37.0,24.085409
113,4,0.417921,38.0,25.872432
113,4,0.428918,39.0,29.731475
113,4,0.439916,40.0,33.590431
113,4,0.450914,41.0,37.449474
113,4,0.461912,42.0,41.308517
113,4,0.47291,43.0,45.167559
113,4,0.483908,44.0,49.026515
113,4,0.494906,45.0,51.634057
113,4,0.505904,46.0,53.010728
113,4,0.516902,47.0,54.3874
113,4,0.5279,48.0,55.764041
113,4,0.538898,49.0,57.140712
113,4,0.549895,50.0,58.517384
113,4,0.560893,51.0,59.894056
113,4,0.571891,52.0,61.270728
113,4,0.582889,53.0,62.647368
113,4,0.593887,54.0,64.02404
113,4,0.604885,55.0,65.400712
113,4,0.615883,56.0,66.777383
113,4,0.626881,57.0,68.154024
113,4,0.637879,58.0,69.530696
113,4,0.648877,59.0,69.433431
113,4,0.659875,60.0,68.05825
113,4,0.670873,61.0,66.6831
113,4,0.68187,62.0,65.307918
113,4,0.692868,63.0,63.932737
113,4,0.703866,64.0,62.557556
113,4,0.714864,65.0,59.778357
113,4,0.725862,66.0,56.830326
113,4,0.73686,67.0,53.882295
113,4,0.747858,68.0,50.934263
113,4,0.758856,69.0,47.986299
113,4,0.769854,70.0,45.038268
113,4,0.780852,71.0,42.090236
113,4,0.79185,72.0,39.142205
113,4,0.802847,73.0,36.19424
113,4,0.813845,74.0,33.246209
113,4,0.824843,75.0,30.298178
113,4,0.835841,76.0,27.232889
113,4,0.846839,77.0,24.164823
113,4,0.857837,78.0,21.096827
113,4,0.868835,79.0,18.028762
113,4,0.879833,80.0,14.960697
113,4,0.890831,81.0,11.892631
113,4,0.901829,82.0,8.824635
113,4,0.912827,83.0,9.015659
113,4,0.923824,84.0,9.391485
113,4,0.934822,85.0,9.767312
113,4,0.94582,86.0,10.14313
113,4,0.956818,87.0,10.518956
113,4,0.967816,88.0,10.894782
113,4,0.978814,89.0,11.270609
113,4,0.989812,90.0,11.646427
113,4,1.00081,91.0,12.022253
113,4,1.011808,92.0,12.367508
113,4,1.022806,93.0,12.107818
113,4,1.033804,94.0,11.848134
113,4,1.044801,95.0,11.588444
113,4,1.055799,96.0,11.328754
113,4,1.066797,97.0,11.069064
113,4,1.077795,98.0,10.80938
113,4,1.088793,99.0,10.54969
113,4,1.099791,100.0,10.29
113,5,0.0,0.0,10.29
113,5,0.010998,1.0,9.973336
113,5,0.021996,2.0,9.656665
113,5,0.032994,3.0,9.340001
113,5,0.043992,4.0,9.023331
113,5,0.05499,5.0,8.706667
113,5,0.065987,6.0,8.390003
113,5,0.076985,7.0,8.073332
113,5,0.087983,8.0,7.756668
113,5,0.098981,9.0,7.439997
113,5,0.109979,10.0,7.123333
113,5,0.120977,11.0,6.806669
113,5,0.131975,12.0,6.625802
113,5,0.142973,13.0,7.169198
113,5,0.153971,14.0,7.712605
113,5,0.164969,15.0,8.256
113,5,0.175967,16.0,8.799395
113,5,0.186964,17.0,9.342802
113,5,0.197962,18.0,9.886198
113,5,0.20896,19.0,10.429605
113,5,0.219958,20.0,11.018208
113,5,0.230956,21.0,11.73339
113,5,0.241954,22.0,12.448588
113,5,0.252952,23.0,13.163771
113,5,0.26395,24.0,13.878968
113,5,0.274948,25.0,14.594151
113,5,0.285946,26.0,15.309333
113,5,0.296944,27.0,16.024531
113,5,0.307941,28.0,16.739714
113,5,0.318939,29.0,17.454912
113,5,0.329937,30.0,18.565192
113,5,0.340935,31.0,19.689837
113,5,0.351933,32.0,20.814505
113,5,0.362931,33.0,21.939149
113,5,0.373929,34.0,23.063817
113,5,0.384927,35.0,24.188462
113,5,0.395925,36.0,25.313106
113,5,0.406923,37.0,26.437774
113,5,0.417921,38.0,27.562418
113,5,0.428918,39.0,30.200368
113,5,0.439916,40.0,33.122
113,5,0.450914,41.0,36.043632
113,5,0.461912,42.0,38.965327
113,5,0.47291,43.0,41.886959
113,5,0.483908,44.0,44.808654
113,5,0.494906,45.0,47.730286
113,5,0.505904,46.0,50.651918
113,5,0.516902,47.0,53.573613
113,5,0.5279,48.0,55.828392
113,5,0.538898,49.0,57.694216
113,5,0.549895,50.0,59.56
113,5,0.560893,51.0,61.425784
113,5,0.571891,52.0,63.291608
113,5,0.582889,53.0,65.157392
113,5,0.593887,54.0,67.023216
113,5,0.604885,55.0,68.889
113,5,0.615883,56.0,68.50241
113,5,0.626881,57.0,67.311366
113,5,0.637879,58.0,66.120348
113,5,0.648877,59.0,64.929304
113,5,0.659875,60.0,63.738286
113,5,0.670873,61.0,62.547267
113,5,0.68187,62.0,61.356223
113,5,0.692868,63.0,60.165205
113,5,0.703866,64.0,58.974161
113,5,0.714864,65.0,56.057027
113,5,0.725862,66.0,51.586417
113,5,0.73686,67.0,47.115711
113,5,0.747858,68.0,42.6451
113,5,0.758856,69.0,38.174394
113,5,0.769854,70.0,33.703784
113,5,0.780852,71.0,29.336614
113,5,0.79185,72.0,27.814726
113,5,0.802847,73.0,26.29287
113,5,0.813845,74.0,24.770981
113,5,0.824843,75.0,23.249126
113,5,0.835841,76.0,21.72727
113,5,0.846839,77.0,20.205381
113,5,0.857837,78.0,18.683526
113,5,0.868835,79.0,17.161637
113,5,0.879833,80.0,15.639781
113,5,0.890831,81.0,14.117926
113,5,0.901829,82.0,12.596037
113,5,0.912827,83.0,11.074181
113,5,0.923824,84.0,9.552293
113,5,0.934822,85.0,8.030437
113,5,0.94582,86.0,6.508581
113,5,0.956818,87.0,4.986693
113,5,0.967816,88.0,6.087995
113,5,0.978814,89.0,7.236153
113,5,0.989812,90.0,7.727
113,5,1.00081,91.0,7.626301
113,5,1.011808,92.0,7.5256
113,5,1.022806,93.0,7.4249
113,5,1.033804,94.0,7.324199
113,5,1.044801,95.0,7.2235
113,5,1.055799,96.0,7.122801
113,5,1.066797,97.0,7.0221
113,5,1.077795,98.0,6.9214
113,5,1.088793,99.0,6.820699
113,5,1.099791,100.0,6.72
113,6,0.0,0.0,6.72
113,6,0.010998,1.0,6.602
113,6,0.021996,2.0,6.484
113,6,0.032994,3.0,6.366
113,6,0.043992,4.0,6.248
113,6,0.05499,5.0,6.13
113,6,0.065987,6.0,6.408
113,6,0.076985,7.0,6.686
113,6,0.087983,8.0,6.964
113,6,0.098981,9.0,7.242
113,6,0.109979,10.0,7.52
113,6,0.120977,11.0,7.798
113,6,0.131975,12.0,8.076
113,6,0.142973,13.0,8.354
113,6,0.153971,14.0,8.632
113,6,0.164969,15.0,8.91
113,6,0.175967,16.0,9.494348
113,6,0.186964,17.0,10.078696
113,6,0.197962,18.0,10.663043
113,6,0.20896,19.0,11.247391
113,6,0.219958,20.0,11.831739
113,6,0.230956,21.0,12.416087
113,6,0.241954,22.0,13.000435
113,6,0.252952,23.0,13.583684
113,6,0.26395,24.0,14.164737
113,6,0.274948,25.0,14.745789
113,6,0.285946,26.0,15.326842
113,6,0.296944,27.0,15.907895
113,6,0.307941,28.0,16.488947
113,6,0.318939,29.0,17.07
113,6,0.329937,30.0,17.651053
113,6,0.340935,31.0,18.232105
113,6,0.351933,32.0,18.813158
113,6,0.362931,33.0,19.394211
113,6,0.373929,34.0,20.641579
113,6,0.384927,35.0,23.887895
113,6,0.395925,36.0,27.134211
113,6,0.406923,37.0,30.380526
113,6,0.417921,38.0,33.626842
113,6,0.428918,39.0,36.873158
113,6,0.439916,40.0,40.119474
113,6,0.450914,41.0,41.971067
113,6,0.461912,42.0,43.695867
113,6,0.47291,43.0,45.420667
113,6,0.483908,44.0,47.145467
113,6,0.494906,45.0,48.870267
113,6,0.505904,46.0,50.595067
113,6,0.516902,47.0,52.319867
113,6,0.5279,48.0,54.044667
113,6,0.538898,49.0,55.769467
113,6,0.549895,50.0,57.494267
113,6,0.560893,51.0,59.219067
113,6,0.571891,52.0,60.943867
113,6,0.582889,53.0,61.695
113,6,0.593887,54.0,61.083
113,6,0.604885,55.0,60.471
113,6,0.615883,56.0,59.859
113,6,0.626881,57.0,59.247
113,6,0.637879,58.0,57.634944
113,6,0.648877,59.0,54.622809
113,6,0.659875,60.0,51.610674
113,6,0.670873,61.0,48.598539
113,6,0.68187,62.0,45.586404
113,6,0.692868,63.0,42.57427
113,6,0.703866,64.0,39.562135
113,6,0.714864,65.0,36.55
113,6,0.725862,66.0,33.94956
113,6,0.73686,67.0,31.349121
113,6,0.747858,68.0,28.748681
113,6,0.758856,69.0,26.148242
113,6,0.769854,70.0,23.547802
113,6,0.780852,71.0,20.947363
113,6,0.79185,72.0,18.346923
113,6,0.802847,73.0,16.493758
113,6,0.813845,74.0,15.686779
113,6,0.824843,75.0,14.879799
113,6,0.835841,76.0,14.072819
113,6,0.846839,77.0,13.265839
113,6,0.857837,78.0,12.458859
113,6,0.868835,79.0,11.651879
113,6,0.879833,80.0,10.844899
113,6,0.890831,81.0,10.037919
113,6,0.901829,82.0,9.23094
113,6,0.912827,83.0,8.42396
113,6,0.923824,84.0,7.61698
113,6,0.934822,85.0,6.81
113,6,0.94582,86.0,6.402
113,6,0.956818,87.0,5.994
113,6,0.967816,88.0,5.586
113,6,0.978814,89.0,5.178
113,6,0.989812,90.0,4.77
113,6,1.00081,91.0,4.613
113,6,1.011808,92.0,4.456
113,6,1.022806,93.0,4.299
113,6,1.033804,94.0,4.142
113,6,1.044801,95.0,3.985
113,6,1.055799,96.0,3.828
113,6,1.066797,97.0,3.671
113,6,1.077795,98.0,3.514
113,6,1.088793,99.0,3.357
113,6,1.099791,100.0,3.2
113,7,0.0,0.0,3.2
113,7,0.010998,1.0,3.691731
113,7,0.021996,2.0,4.183475
113,7,0.032994,3.0,4.675206
113,7,0.043992,4.0,5.16695
113,7,0.05499,5.0,5.658681
113,7,0.065987,6.0,6.150413
113,7,0.076985,7.0,6.642156
113,7,0.087983,8.0,7.133888
113,7,0.098981,9.0,7.625631
113,7,0.109979,10.0,7.928403
113,7,0.120977,11.0,8.1863
113,7,0.131975,12.0,8.444203
113,7,0.142973,13.0,8.7021
113,7,0.153971,14.0,8.960003
113,7,0.164969,15.0,9.217899
113,7,0.175967,16.0,9.475796
113,7,0.186964,17.0,9.733699
113,7,0.197962,18.0,9.991595
113,7,0.20896,19.0,10.249498
113,7,0.219958,20.0,10.507395
113,7,0.230956,21.0,10.765292
113,7,0.241954,22.0,11.659285
113,7,0.252952,23.0,12.724515
113,7,0.26395,24.0,13.789771
113,7,0.274948,25.0,14.855
113,7,0.285946,26.0,15.920229
113,7,0.296944,27.0,16.985485
113,7,0.307941,28.0,18.050715
113,7,0.318939,29.0,19.199274
113,7,0.329937,30.0,20.6572
113,7,0.340935,31.0,22.115126
113,7,0.351933,32.0,23.573087
113,7,0.362931,33.0,25.031013
113,7,0.373929,34.0,26.488974
113,7,0.384927,35.0,27.9469
113,7,0.395925,36.0,29.404826
113,7,0.406923,37.0,30.862787
113,7,0.417921,38.0,32.320713
113,7,0.428918,39.0,33.778674
113,7,0.439916,40.0,35.2366
113,7,0.450914,41.0,36.694526
113,7,0.461912,42.0,38.152487
113,7,0.47291,43.0,39.610413
113,7,0.483908,44.0,41.222963
113,7,0.494906,45.0,45.231154
113,7,0.505904,46.0,49.239345
113,7,0.516902,47.0,53.247635
113,7,0.5279,48.0,56.813455
113,7,0.538898,49.0,57.171982
113,7,0.549895,50.0,57.5305
113,7,0.560893,51.0,57.889018
113,7,0.571891,52.0,58.247545
113,7,0.582889,53.0,58.606063
113,7,0.593887,54.0,58.964589
113,7,0.604885,55.0,59.323107
113,7,0.615883,56.0,59.681625
113,7,0.626881,57.0,60.040152
113,7,0.637879,58.0,60.39867
113,7,0.648877,59.0,60.757196
113,7,0.659875,60.0,61.115714
113,7,0.670873,61.0,61.474232
113,7,0.68187,62.0,61.832759
113,7,0.692868,63.0,58.397794
113,7,0.703866,64.0,54.884544
113,7,0.714864,65.0,51.371382
113,7,0.725862,66.0,47.858219
113,7,0.73686,67.0,44.34497
113,7,0.747858,68.0,40.831807
113,7,0.758856,69.0,37.318557
113,7,0.769854,70.0,34.24975
113,7,0.780852,71.0,32.202945
113,7,0.79185,72.0,30.15609
113,7,0.802847,73.0,28.109285
113,7,0.813845,74.0,26.06243
113,7,0.824843,75.0,24.015625
113,7,0.835841,76.0,21.96882
113,7,0.846839,77.0,19.921965
113,7,0.857837,78.0,17.87516
113,7,0.868835,79.0,15.828305
113,7,0.879833,80.0,13.7815
113,7,0.890831,81.0,11.734695
113,7,0.901829,82.0,10.029699
113,7,0.912827,83.0,9.863051
113,7,0.923824,84.0,9.696398
113,7,0.934822,85.0,9.52975
113,7,0.94582,86.0,9.363102
113,7,0.956818,87.0,9.196449
113,7,0.967816,88.0,9.059
113,7,0.978814,89.0,9.133251
113,7,0.989812,90.0,9.2075
113,7,1.00081,91.0,9.281749
113,7,1.011808,92.0,9.356
113,7,1.022806,93.0,9.43025
113,7,1.033804,94.0,9.504501
113,7,1.044801,95.0,9.57875
113,7,1.055799,96.0,9.652999
113,7,1.066797,97.0,9.72725
113,7,1.077795,98.0,9.8015
113,7,1.088793,99.0,9.875751
113,7,1.099791,100.0,9.95
113,8,0.0,0.0,9.95
113,8,0.010998,1.0,9.44633
113,8,0.021996,2.0,8.942661
113,8,0.032994,3.0,8.438991
113,8,0.043992,4.0,7.935321
113,8,0.05499,5.0,7.431651
113,8,0.065987,6.0,6.927982
113,8,0.076985,7.0,6.424312
113,8,0.087983,8.0,5.920642
113,8,0.098981,9.0,5.416972
113,8,0.109979,10.0,5.192099
113,8,0.120977,11.0,5.584561
113,8,0.131975,12.0,5.977023
113,8,0.142973,13.0,6.369485
113,8,0.153971,14.0,6.761947
113,8,0.164969,15.0,7.154408
113,8,0.175967,16.0,7.54687
113,8,0.186964,17.0,7.939332
113,8,0.197962,18.0,8.331794
113,8,0.20896,19.0,8.724256
113,8,0.219958,20.0,9.116718
113,8,0.230956,21.0,9.509179
113,8,0.241954,22.0,10.17625
113,8,0.252952,23.0,10.980625
113,8,0.26395,24.0,11.785
113,8,0.274948,25.0,12.589375
113,8,0.285946,26.0,13.39375
113,8,0.296944,27.0,14.222222
113,8,0.307941,28.0,15.098889
113,8,0.318939,29.0,15.975556
113,8,0.329937,30.0,16.852222
113,8,0.340935,31.0,17.728889
113,8,0.351933,32.0,18.605556
113,8,0.362931,33.0,19.482222
113,8,0.373929,34.0,20.358889
113,8,0.384927,35.0,21.235556
113,8,0.395925,36.0,22.112222
113,8,0.406923,37.0,22.988889
113,8,0.417921,38.0,23.865556
113,8,0.428918,39.0,25.3615
113,8,0.439916,40.0,28.096
113,8,0.450914,41.0,30.8305
113,8,0.461912,42.0,33.565
113,8,0.47291,43.0,36.2995
113,8,0.483908,44.0,39.034
113,8,0.494906,45.0,41.7685
113,8,0.505904,46.0,44.32876
113,8,0.516902,47.0,46.801901
113,8,0.5279,48.0,49.275041
113,8,0.538898,49.0,51.748182
113,8,0.549895,50.0,54.221322
113,8,0.560893,51.0,56.694463
113,8,0.571891,52.0,59.167603
113,8,0.582889,53.0,61.640744
113,8,0.593887,54.0,64.113884
113,8,0.604885,55.0,66.587025
113,8,0.615883,56.0,69.060165
113,8,0.626881,57.0,68.051385
113,8,0.637879,58.0,66.702905
113,8,0.648877,59.0,65.354426
113,8,0.659875,60.0,64.005946
113,8,0.670873,61.0,62.657466
113,8,0.68187,62.0,61.308986
113,8,0.692868,63.0,59.250714
113,8,0.703866,64.0,55.772857
113,8,0.714864,65.0,52.295
113,8,0.725862,66.0,48.817143
113,8,0.73686,67.0,45.339286
113,8,0.747858,68.0,41.861429
113,8,0.758856,69.0,38.383571
113,8,0.769854,70.0,34.905714
113,8,0.780852,71.0,31.427857
113,8,0.79185,72.0,27.95
113,8,0.802847,73.0,25.560302
113,8,0.813845,74.0,23.170604
113,8,0.824843,75.0,20.780907
113,8,0.835841,76.0,18.391209
113,8,0.846839,77.0,16.001511
113,8,0.857837,78.0,13.611813
113,8,0.868835,79.0,11.222115
113,8,0.879833,80.0,8.832418
113,8,0.890831,81.0,8.843981
113,8,0.901829,82.0,9.089815
113,8,0.912827,83.0,9.335648
113,8,0.923824,84.0,9.581481
113,8,0.934822,85.0,9.827315
113,8,0.94582,86.0,10.073148
113,8,0.956818,87.0,10.318981
113,8,0.967816,88.0,10.564815
113,8,0.978814,89.0,10.810648
113,8,0.989812,90.0,11.056481
113,8,1.00081,91.0,11.302315
113,8,1.011808,92.0,11.548148
113,8,1.022806,93.0,11.24177
113,8,1.033804,94.0,10.881517
113,8,1.044801,95.0,10.521264
113,8,1.055799,96.0,10.161011
113,8,1.066797,97.0,9.800758
113,8,1.077795,98.0,9.440506
113,8,1.088793,99.0,9.080253
113,8,1.099791,100.0,8.72
113,9,0.0,0.0,8.72
113,9,0.010998,1.0,8.6616
113,9,0.021996,2.0,8.603201
113,9,0.032994,3.0,8.544799
113,9,0.043992,4.0,8.4864
113,9,0.05499,5.0,8.428
113,9,0.065987,6.0,8.3696
113,9,0.076985,7.0,8.311201
113,9,0.087983,8.0,8.252799
113,9,0.098981,9.0,8.1944
113,9,0.109979,10.0,8.136
113,9,0.120977,11.0,8.135094
113,9,0.131975,12.0,9.475855
113,9,0.142973,13.0,10.816645
113,9,0.153971,14.0,12.157406
113,9,0.164969,15.0,13.498167
113,9,0.175967,16.0,13.941898
113,9,0.186964,17.0,14.319672
113,9,0.197962,18.0,14.697453
113,9,0.20896,19.0,15.075227
113,9,0.219958,20.0,15.453
113,9,0.230956,21.0,15.830773
113,9,0.241954,22.0,16.208547
113,9,0.252952,23.0,16.586328
113,9,0.26395,24.0,16.964102
113,9,0.274948,25.0,17.341875
113,9,0.285946,26.0,17.719648
113,9,0.296944,27.0,18.520381
113,9,0.307941,28.0,19.333049
113,9,0.318939,29.0,20.145698
113,9,0.329937,30.0,20.958347
113,9,0.340935,31.0,21.770996
113,9,0.351933,32.0,22.583646
113,9,0.362931,33.0,23.396313
113,9,0.373929,34.0,24.208962
113,9,0.384927,35.0,25.021612
113,9,0.395925,36.0,25.834261
113,9,0.406923,37.0,26.64691
113,9,0.417921,38.0,29.418574
113,9,0.428918,39.0,32.355056
113,9,0.439916,40.0,35.291538
113,9,0.450914,41.0,38.228021
113,9,0.461912,42.0,41.164503
113,9,0.47291,43.0,44.10105
113,9,0.483908,44.0,47.037532
113,9,0.494906,45.0,49.974014
113,9,0.505904,46.0,52.910497
113,9,0.516902,47.0,55.431476
113,9,0.5279,48.0,57.389544
113,9,0.538898,49.0,59.347568
113,9,0.549895,50.0,61.305592
113,9,0.560893,51.0,63.263616
113,9,0.571891,52.0,65.22164
113,9,0.582889,53.0,67.179708
113,9,0.593887,54.0,67.419822
113,9,0.604885,55.0,65.828626
113,9,0.615883,56.0,64.237431
113,9,0.626881,57.0,62.646235
113,9,0.637879,58.0,61.055004
113,9,0.648877,59.0,59.463808
113,9,0.659875,60.0,57.872613
113,9,0.670873,61.0,56.281417
113,9,0.68187,62.0,54.690221
113,9,0.692868,63.0,53.09899
113,9,0.703866,64.0,51.027007
113,9,0.714864,65.0,48.050408
113,9,0.725862,66.0,45.073809
113,9,0.73686,67.0,42.09721
113,9,0.747858,68.0,39.120545
113,9,0.758856,69.0,36.143946
113,9,0.769854,70.0,33.167347
113,9,0.780852,71.0,30.190748
113,9,0.79185,72.0,27.214149
113,9,0.802847,73.0,24.663808
113,9,0.813845,74.0,22.760342
113,9,0.824843,75.0,20.856875
113,9,0.835841,76.0,18.953408
113,9,0.846839,77.0,17.049942
113,9,0.857837,78.0,15.146433
113,9,0.868835,79.0,13.242967
113,9,0.879833,80.0,11.3395
113,9,0.890831,81.0,9.436033
113,9,0.901829,82.0,7.532567
113,9,0.912827,83.0,5.629058
113,9,0.923824,84.0,4.825568
113,9,0.934822,85.0,5.431386
113,9,0.94582,86.0,6.037204
113,9,0.956818,87.0,6.643022
113,9,0.967816,88.0,7.248853
113,9,0.978814,89.0,7.854671
113,9,0.989812,90.0,8.460489
113,9,1.00081,91.0,9.066307
113,9,1.011808,92.0,9.650045
113,9,1.022806,93.0,9.65129
113,9,1.033804,94.0,9.652534
113,9,1.044801,95.0,9.653778
113,9,1.055799,96.0,9.655023
113,9,1.066797,97.0,9.656267
113,9,1.077795,98.0,9.657511
113,9,1.088793,99.0,9.658756
113,9,1.099791,100.0,9.66
113,10,0.0,0.0,9.66
113,10,0.010998,1.0,9.016198
113,10,0.021996,2.0,8.372395
113,10,0.032994,3.0,7.728605
113,10,0.043992,4.0,7.084802
113,10,0.05499,5.0,6.441
113,10,0.065987,6.0,5.797198
113,10,0.076985,7.0,5.259503
113,10,0.087983,8.0,5.64133
113,10,0.098981,9.0,6.023165
113,10,0.109979,10.0,6.405
113,10,0.120977,11.0,6.786835
113,10,0.131975,12.0,7.16867
113,10,0.142973,13.0,7.550497
113,10,0.153971,14.0,7.932332
113,10,0.164969,15.0,8.314167
113,10,0.175967,16.0,8.696001
113,10,0.186964,17.0,9.077836
113,10,0.197962,18.0,9.694035
113,10,0.20896,19.0,10.384817
113,10,0.219958,20.0,11.0756
113,10,0.230956,21.0,11.766383
113,10,0.241954,22.0,12.457165
113,10,0.252952,23.0,13.151373
113,10,0.26395,24.0,14.141451
113,10,0.274948,25.0,15.131529
113,10,0.285946,26.0,16.121607
113,10,0.296944,27.0,17.111685
113,10,0.307941,28.0,18.101745
113,10,0.318939,29.0,19.091823
113,10,0.329937,30.0,20.081901
113,10,0.340935,31.0,21.071979
113,10,0.351933,32.0,22.062057
113,10,0.362931,33.0,25.053049
113,10,0.373929,34.0,28.749088
113,10,0.384927,35.0,32.445127
113,10,0.395925,36.0,36.141166
113,10,0.406923,37.0,39.534067
113,10,0.417921,38.0,41.842049
113,10,0.428918,39.0,44.150074
113,10,0.439916,40.0,46.458099
113,10,0.450914,41.0,48.766124
113,10,0.461912,42.0,51.07415
113,10,0.47291,43.0,53.382131
113,10,0.483908,44.0,55.690157
113,10,0.494906,45.0,57.998182
113,10,0.505904,46.0,60.306207
113,10,0.516902,47.0,60.76369
113,10,0.5279,48.0,61.116286
113,10,0.538898,49.0,61.468888
113,10,0.549895,50.0,61.82149
113,10,0.560893,51.0,62.174093
113,10,0.571891,52.0,62.526695
113,10,0.582889,53.0,62.879291
113,10,0.593887,54.0,63.231893
113,10,0.604885,55.0,59.887357
113,10,0.615883,56.0,56.455816
113,10,0.626881,57.0,53.024274
113,10,0.637879,58.0,49.592797
113,10,0.648877,59.0,46.161256
113,10,0.659875,60.0,42.729714
113,10,0.670873,61.0,39.298173
113,10,0.68187,62.0,35.866631
113,10,0.692868,63.0,32.922307
113,10,0.703866,64.0,30.014011
113,10,0.714864,65.0,27.105714
113,10,0.725862,66.0,24.197418
113,10,0.73686,67.0,21.289121
113,10,0.747858,68.0,18.380879
113,10,0.758856,69.0,15.472582
113,10,0.769854,70.0,12.564286
113,10,0.780852,71.0,12.196222
113,10,0.79185,72.0,12.158056
113,10,0.802847,73.0,12.119892
113,10,0.813845,74.0,12.081727
113,10,0.824843,75.0,12.043561
113,10,0.835841,76.0,12.005396
113,10,0.846839,77.0,11.967231
113,10,0.857837,78.0,11.929066
113,10,0.868835,79.0,11.323003
113,10,0.879833,80.0,10.54
113,10,0.890831,81.0,9.756997
113,10,0.901829,82.0,8.973994
113,10,0.912827,83.0,8.191006
113,10,0.923824,84.0,7.408003
113,10,0.934822,85.0,6.625
113,10,0.94582,86.0,6.418049
113,10,0.956818,87.0,6.246224
113,10,0.967816,88.0,6.074401
113,10,0.978814,89.0,5.902576
113,10,0.989812,90.0,5.73075
113,10,1.00081,91.0,5.558924
113,10,1.011808,92.0,5.387099
113,10,1.022806,93.0,5.215276
113,10,1.033804,94.0,5.043451
113,10,1.044801,95.0,5.1261
113,10,1.055799,96.0,5.294881
113,10,1.066797,97.0,5.463661
113,10,1.077795,98.0,5.632439
113,10,1.088793,99.0,5.801219
113,10,1.099791,100.0,5.97
113,11,0.0,0.0,5.97
113,11,0.010998,1.0,6.207029
113,11,0.021996,2.0,6.444059
113,11,0.032994,3.0,6.681083
113,11,0.043992,4.0,6.918112
113,11,0.05499,5.0,7.155142
113,11,0.065987,6.0,7.392171
113,11,0.076985,7.0,7.6292
113,11,0.087983,8.0,7.866224
113,11,0.098981,9.0,8.103254
113,11,0.109979,10.0,8.340283
113,11,0.120977,11.0,8.557501
113,11,0.131975,12.0,8.750771
113,11,0.142973,13.0,8.944037
113,11,0.153971,14.0,9.137307
113,11,0.164969,15.0,9.330577
113,11,0.175967,16.0,9.523847
113,11,0.186964,17.0,9.717117
113,11,0.197962,18.0,9.910383
113,11,0.20896,19.0,10.103653
113,11,0.219958,20.0,10.629023
113,11,0.230956,21.0,11.656697
113,11,0.241954,22.0,12.684371
113,11,0.252952,23.0,13.71202
113,11,0.26395,24.0,14.739694
113,11,0.274948,25.0,15.767368
113,11,0.285946,26.0,16.795043
113,11,0.296944,27.0,17.822717
113,11,0.307941,28.0,18.850366
113,11,0.318939,29.0,19.87804
113,11,0.329937,30.0,20.905714
113,11,0.340935,31.0,21.933388
113,11,0.351933,32.0,22.961063
113,11,0.362931,33.0,24.440803
113,11,0.373929,34.0,28.222302
113,11,0.384927,35.0,32.0038
113,11,0.395925,36.0,35.785298
113,11,0.406923,37.0,39.566797
113,11,0.417921,38.0,43.348203
113,11,0.428918,39.0,47.129702
113,11,0.439916,40.0,50.9112
113,11,0.450914,41.0,52.864969
113,11,0.461912,42.0,54.040987
113,11,0.47291,43.0,55.216976
113,11,0.483908,44.0,56.392994
113,11,0.494906,45.0,57.569012
113,11,0.505904,46.0,58.74503
113,11,0.516902,47.0,59.921048
113,11,0.5279,48.0,61.097037
113,11,0.538898,49.0,62.273055
113,11,0.549895,50.0,63.449073
113,11,0.560893,51.0,64.62509
113,11,0.571891,52.0,65.801108
113,11,0.582889,53.0,65.51394
113,11,0.593887,54.0,62.661137
113,11,0.604885,55.0,59.808333
113,11,0.615883,56.0,56.95553
113,11,0.626881,57.0,54.102727
113,11,0.637879,58.0,51.249993
113,11,0.648877,59.0,48.928031
113,11,0.659875,60.0,46.842857
113,11,0.670873,61.0,44.757683
113,11,0.68187,62.0,42.672509
113,11,0.692868,63.0,40.587386
113,11,0.703866,64.0,38.502212
113,11,0.714864,65.0,36.417038
113,11,0.725862,66.0,34.331864
113,11,0.73686,67.0,32.24669
113,11,0.747858,68.0,30.161566
113,11,0.758856,69.0,28.076392
113,11,0.769854,70.0,25.991218
113,11,0.780852,71.0,24.339417
113,11,0.79185,72.0,22.763645
113,11,0.802847,73.0,21.187912
113,11,0.813845,74.0,19.61214
113,11,0.824843,75.0,18.036368
113,11,0.835841,76.0,16.460596
113,11,0.846839,77.0,14.884824
113,11,0.857837,78.0,13.309091
113,11,0.868835,79.0,11.733319
113,11,0.879833,80.0,10.157547
113,11,0.890831,81.0,9.052121
113,11,0.901829,82.0,9.026158
113,11,0.912827,83.0,9.000196
113,11,0.923824,84.0,8.974233
113,11,0.934822,85.0,8.948271
113,11,0.94582,86.0,8.922308
113,11,0.956818,87.0,8.896346
113,11,0.967816,88.0,8.870384
113,11,0.978814,89.0,8.844421
113,11,0.989812,90.0,8.818458
113,11,1.00081,91.0,8.792496
113,11,1.011808,92.0,8.766533
113,11,1.022806,93.0,8.651354
113,11,1.033804,94.0,8.379731
113,11,1.044801,95.0,8.108108
113,11,1.055799,96.0,7.836485
113,11,1.066797,97.0,7.564862
113,11,1.077795,98.0,7.293246
113,11,1.088793,99.0,7.021623
113,11,1.099791,100.0,6.75
113,12,0.0,0.0,6.75
113,12,0.010998,1.0,6.584431
113,12,0.021996,2.0,6.418859
113,12,0.032994,3.0,6.253291
113,12,0.043992,4.0,6.087719
113,12,0.05499,5.0,5.92215
113,12,0.065987,6.0,5.756578
113,12,0.076985,7.0,5.59101
113,12,0.087983,8.0,5.425437
113,12,0.098981,9.0,5.259869
113,12,0.109979,10.0,5.094297
113,12,0.120977,11.0,5.026638
113,12,0.131975,12.0,5.623163
113,12,0.142973,13.0,6.219674
113,12,0.153971,14.0,6.816199
113,12,0.164969,15.0,7.412711
113,12,0.175967,16.0,8.009236
113,12,0.186964,17.0,8.605747
113,12,0.197962,18.0,9.202272
113,12,0.20896,19.0,9.785481
113,12,0.219958,20.0,10.281277
113,12,0.230956,21.0,10.777063
113,12,0.241954,22.0,11.272859
113,12,0.252952,23.0,11.768645
113,12,0.26395,24.0,12.264442
113,12,0.274948,25.0,12.760227
113,12,0.285946,26.0,13.256013
113,12,0.296944,27.0,13.75181
113,12,0.307941,28.0,14.247595
113,12,0.318939,29.0,14.743392
113,12,0.329937,30.0,15.622969
113,12,0.340935,31.0,17.591798
113,12,0.351933,32.0,19.560584
113,12,0.362931,33.0,21.529414
113,12,0.373929,34.0,23.4982
113,12,0.384927,35.0,25.467029
113,12,0.395925,36.0,27.435815
113,12,0.406923,37.0,29.275475
113,12,0.417921,38.0,31.033157
113,12,0.428918,39.0,32.790877
113,12,0.439916,40.0,34.548558
113,12,0.450914,41.0,36.306278
113,12,0.461912,42.0,38.06396
113,12,0.47291,43.0,39.82168
113,12,0.483908,44.0,41.579361
113,12,0.494906,45.0,43.337081
113,12,0.505904,46.0,45.1851
113,12,0.516902,47.0,47.968829
113,12,0.5279,48.0,50.752496
113,12,0.538898,49.0,53.536225
113,12,0.549895,50.0,56.319892
113,12,0.560893,51.0,59.10356
113,12,0.571891,52.0,61.887288
113,12,0.582889,53.0,64.670956
113,12,0.593887,54.0,67.454684
113,12,0.604885,55.0,67.619553
113,12,0.615883,56.0,66.82685
113,12,0.626881,57.0,66.034164
113,12,0.637879,58.0,65.241461
113,12,0.648877,59.0,64.448776
113,12,0.659875,60.0,63.656073
113,12,0.670873,61.0,62.863387
113,12,0.68187,62.0,62.070684
113,12,0.692868,63.0,61.277999
113,12,0.703866,64.0,60.485296
113,12,0.714864,65.0,59.69261
113,12,0.725862,66.0,58.899907
113,12,0.73686,67.0,54.58316
113,12,0.747858,68.0,50.128141
113,12,0.758856,69.0,45.67322
113,12,0.769854,70.0,41.218201
113,12,0.780852,71.0,36.76328
113,12,0.79185,72.0,32.308261
113,12,0.802847,73.0,28.436454
113,12,0.813845,74.0,26.587926
113,12,0.824843,75.0,24.739438
113,12,0.835841,76.0,22.890949
113,12,0.846839,77.0,21.042421
113,12,0.857837,78.0,19.193933
113,12,0.868835,79.0,17.345404
113,12,0.879833,80.0,15.496916
113,12,0.890831,81.0,13.648388
113,12,0.901829,82.0,11.7999
113,12,0.912827,83.0,9.951371
113,12,0.923824,84.0,9.229135
113,12,0.934822,85.0,9.928478
113,12,0.94582,86.0,10.627806
113,12,0.956818,87.0,11.327149
113,12,0.967816,88.0,12.026476
113,12,0.978814,89.0,12.674798
113,12,0.989812,90.0,12.378001
113,12,1.00081,91.0,12.081198
113,12,1.011808,92.0,11.784401
113,12,1.022806,93.0,11.487598
113,12,1.033804,94.0,11.190801
113,12,1.044801,95.0,10.893997
113,12,1.055799,96.0,10.597201
113,12,1.066797,97.0,10.300397
113,12,1.077795,98.0,10.0036
113,12,1.088793,99.0,9.706797
113,12,1.099791,100.0,9.41
114,2,0.0,0.0,7.93
114,2,0.010998,1.0,7.613841
114,2,0.021996,2.0,7.297676
114,2,0.032994,3.0,6.981517
114,2,0.043992,4.0,6.665352
114,2,0.05499,5.0,6.349194
114,2,0.065987,6.0,6.033035
114,2,0.076985,7.0,5.71687
114,2,0.087983,8.0,5.563487
114,2,0.098981,9.0,5.718219
114,2,0.109979,10.0,5.872949
114,2,0.120977,11.0,6.027678
114,2,0.131975,12.0,6.182411
114,2,0.142973,13.0,6.33714
114,2,0.153971,14.0,6.491873
114,2,0.164969,15.0,6.646603
114,2,0.175967,16.0,6.801332
114,2,0.186964,17.0,6.956065
114,2,0.197962,18.0,7.115999
114,2,0.20896,19.0,7.278001
114,2,0.219958,20.0,7.44
114,2,0.230956,21.0,7.601999
114,2,0.241954,22.0,7.764001
114,2,0.252952,23.0,7.925999
114,2,0.26395,24.0,8.088001
114,2,0.274948,25.0,8.25
114,2,0.285946,26.0,8.411999
114,2,0.296944,27.0,8.574001
114,2,0.307941,28.0,8.735999
114,2,0.318939,29.0,8.898001
114,2,0.329937,30.0,9.575085
114,2,0.340935,31.0,11.127801
114,2,0.351933,32.0,12.680549
114,2,0.362931,33.0,14.233265
114,2,0.373929,34.0,15.786012
114,2,0.384927,35.0,18.160833
114,2,0.395925,36.0,21.311708
114,2,0.406923,37.0,24.462646
114,2,0.417921,38.0,27.613521
114,2,0.428918,39.0,30.764459
114,2,0.439916,40.0,33.470072
114,2,0.450914,41.0,35.848108
114,2,0.461912,42.0,38.226191
114,2,0.47291,43.0,40.604226
114,2,0.483908,44.0,42.982309
114,2,0.494906,45.0,45.360344
114,2,0.505904,46.0,47.738379
114,2,0.516902,47.0,50.116462
114,2,0.5279,48.0,52.494498
114,2,0.538898,49.0,54.872581
114,2,0.549895,50.0,57.250616
114,2,0.560893,51.0,59.44396
114,2,0.571891,52.0,60.975212
114,2,0.582889,53.0,62.506432
114,2,0.593887,54.0,64.037684
114,2,0.604885,55.0,65.568904
114,2,0.615883,56.0,67.100125
114,2,0.626881,57.0,68.005066
114,2,0.637879,58.0,66.552182
114,2,0.648877,59.0,65.09927
114,2,0.659875,60.0,63.646387
114,2,0.670873,61.0,62.193503
114,2,0.68187,62.0,60.740591
114,2,0.692868,63.0,59.287708
114,2,0.703866,64.0,57.834795
114,2,0.714864,65.0,56.381912
114,2,0.725862,66.0,54.929028
114,2,0.73686,67.0,52.363538
114,2,0.747858,68.0,48.233907
114,2,0.758856,69.0,44.104192
114,2,0.769854,70.0,39.97456
114,2,0.780852,71.0,35.844929
114,2,0.79185,72.0,31.715214
114,2,0.802847,73.0,27.585583
114,2,0.813845,74.0,23.455868
114,2,0.824843,75.0,21.745638
114,2,0.835841,76.0,20.228938
114,2,0.846839,77.0,18.712209
114,2,0.857837,78.0,17.195509
114,2,0.868835,79.0,15.67878
114,2,0.879833,80.0,14.162081
114,2,0.890831,81.0,12.645381
114,2,0.901829,82.0,11.128652
114,2,0.912827,83.0,9.611952
114,2,0.923824,84.0,8.095223
114,2,0.934822,85.0,6.578523
114,2,0.94582,86.0,5.061824
114,2,0.956818,87.0,5.173004
114,2,0.967816,88.0,6.113301
114,2,0.978814,89.0,7.053616
114,2,0.989812,90.0,7.993913
114,2,1.00081,91.0,8.035451
114,2,1.011808,92.0,7.9504
114,2,1.022806,93.0,7.86535
114,2,1.033804,94.0,7.780299
114,2,1.044801,95.0,7.69525
114,2,1.055799,96.0,7.610201
114,2,1.066797,97.0,7.52515
114,2,1.077795,98.0,7.4401
114,2,1.088793,99.0,7.355049
114,2,1.099791,100.0,7.27
114,3,0.0,0.0,7.27
114,3,0.010998,1.0,6.993039
114,3,0.021996,2.0,6.716078
114,3,0.032994,3.0,6.439116
114,3,0.043992,4.0,6.162149
114,3,0.05499,5.0,5.885188
114,3,0.065987,6.0,5.608227
114,3,0.076985,7.0,5.479332
114,3,0.087983,8.0,5.798998
114,3,0.098981,9.0,6.118664
114,3,0.109979,10.0,6.438336
114,3,0.120977,11.0,6.758002
114,3,0.131975,12.0,7.077667
114,3,0.142973,13.0,7.397333
114,3,0.153971,14.0,7.716998
114,3,0.164969,15.0,8.036664
114,3,0.175967,16.0,8.356336
114,3,0.186964,17.0,8.676002
114,3,0.197962,18.0,9.036549
114,3,0.20896,19.0,9.492817
114,3,0.219958,20.0,9.949085
114,3,0.230956,21.0,10.405353
114,3,0.241954,22.0,10.861631
114,3,0.252952,23.0,11.317899
114,3,0.26395,24.0,11.774167
114,3,0.274948,25.0,12.230435
114,3,0.285946,26.0,12.686703
114,3,0.296944,27.0,13.925902
114,3,0.307941,28.0,15.247186
114,3,0.318939,29.0,16.568499
114,3,0.329937,30.0,17.889784
114,3,0.340935,31.0,19.211068
114,3,0.351933,32.0,20.532352
114,3,0.362931,33.0,21.853636
114,3,0.373929,34.0,23.17492
114,3,0.384927,35.0,24.496234
114,3,0.395925,36.0,25.869073
114,3,0.406923,37.0,28.199256
114,3,0.417921,38.0,30.529439
114,3,0.428918,39.0,32.859622
114,3,0.439916,40.0,35.189805
114,3,0.450914,41.0,37.52004
114,3,0.461912,42.0,39.850223
114,3,0.47291,43.0,42.180406
114,3,0.483908,44.0,44.510589
114,3,0.494906,45.0,46.840772
114,3,0.505904,46.0,49.170955
114,3,0.516902,47.0,51.50119
114,3,0.5279,48.0,53.831373
114,3,0.538898,49.0,56.161556
114,3,0.549895,50.0,58.491739
114,3,0.560893,51.0,60.56594
114,3,0.571891,52.0,62.187643
114,3,0.582889,53.0,63.809345
114,3,0.593887,54.0,65.431084
114,3,0.604885,55.0,67.052787
114,3,0.615883,56.0,68.67449
114,3,0.626881,57.0,67.38787
114,3,0.637879,58.0,66.036142
114,3,0.648877,59.0,64.684413
114,3,0.659875,60.0,63.332655
114,3,0.670873,61.0,61.980926
114,3,0.68187,62.0,60.166219
114,3,0.692868,63.0,57.895251
114,3,0.703866,64.0,55.624283
114,3,0.714864,65.0,53.353314
114,3,0.725862,66.0,51.082295
114,3,0.73686,67.0,48.811327
114,3,0.747858,68.0,46.540359
114,3,0.758856,69.0,44.26939
114,3,0.769854,70.0,41.998422
114,3,0.780852,71.0,39.727454
114,3,0.79185,72.0,37.456435
114,3,0.802847,73.0,35.185466
114,3,0.813845,74.0,32.825859
114,3,0.824843,75.0,29.620811
114,3,0.835841,76.0,26.415763
114,3,0.846839,77.0,23.210715
114,3,0.857837,78.0,20.005667
114,3,0.868835,79.0,16.800547
114,3,0.879833,80.0,13.595499
114,3,0.890831,81.0,11.436065
114,3,0.901829,82.0,11.278853
114,3,0.912827,83.0,11.12164
114,3,0.923824,84.0,10.964428
114,3,0.934822,85.0,10.807212
114,3,0.94582,86.0,10.649999
114,3,0.956818,87.0,10.492787
114,3,0.967816,88.0,10.335574
114,3,0.978814,89.0,10.178361
114,3,0.989812,90.0,10.021149
114,3,1.00081,91.0,9.863933
114,3,1.011808,92.0,9.721439
114,3,1.022806,93.0,9.63376
114,3,1.033804,94.0,9.54608
114,3,1.044801,95.0,9.4584
114,3,1.055799,96.0,9.370721
114,3,1.066797,97.0,9.283039
114,3,1.077795,98.0,9.195359
114,3,1.088793,99.0,9.10768
114,3,1.099791,100.0,9.02
114,4,0.0,0.0,9.02
114,4,0.010998,1.0,8.708899
114,4,0.021996,2.0,8.397798
114,4,0.032994,3.0,8.086698
114,4,0.043992,4.0,7.775597
114,4,0.05499,5.0,7.464496
114,4,0.065987,6.0,7.153395
114,4,0.076985,7.0,6.842288
114,4,0.087983,8.0,6.531187
114,4,0.098981,9.0,6.220086
114,4,0.109979,10.0,5.908985
114,4,0.120977,11.0,5.597884
114,4,0.131975,12.0,5.286784
114,4,0.142973,13.0,4.975683
114,4,0.153971,14.0,5.882084
114,4,0.164969,15.0,7.053908
114,4,0.175967,16.0,8.225732
114,4,0.186964,17.0,9.397556
114,4,0.197962,18.0,9.941134
114,4,0.20896,19.0,10.246222
114,4,0.219958,20.0,10.551303
114,4,0.230956,21.0,10.856384
114,4,0.241954,22.0,11.161465
114,4,0.252952,23.0,11.466546
114,4,0.26395,24.0,11.771627
114,4,0.274948,25.0,12.076708
114,4,0.285946,26.0,12.381789
114,4,0.296944,27.0,12.686871
114,4,0.307941,28.0,13.025637
114,4,0.318939,29.0,14.19056
114,4,0.329937,30.0,15.355483
114,4,0.340935,31.0,16.520407
114,4,0.351933,32.0,17.685355
114,4,0.362931,33.0,18.850278
114,4,0.373929,34.0,20.015202
114,4,0.384927,35.0,21.322242
114,4,0.395925,36.0,22.881228
114,4,0.406923,37.0,24.440213
114,4,0.417921,38.0,25.999199
114,4,0.428918,39.0,27.558184
114,4,0.439916,40.0,29.11717
114,4,0.450914,41.0,30.676155
114,4,0.461912,42.0,32.235141
114,4,0.47291,43.0,33.794126
114,4,0.483908,44.0,35.353146
114,4,0.494906,45.0,36.912131
114,4,0.505904,46.0,39.196217
114,4,0.516902,47.0,41.704246
114,4,0.5279,48.0,44.212275
114,4,0.538898,49.0,46.720304
114,4,0.549895,50.0,49.228333
114,4,0.560893,51.0,51.736362
114,4,0.571891,52.0,54.244391
114,4,0.582889,53.0,56.75242
114,4,0.593887,54.0,59.260449
114,4,0.604885,55.0,61.768478
114,4,0.615883,56.0,64.276507
114,4,0.626881,57.0,66.784591
114,4,0.637879,58.0,69.29262
114,4,0.648877,59.0,69.993349
114,4,0.659875,60.0,68.060319
114,4,0.670873,61.0,66.12729
114,4,0.68187,62.0,64.194261
114,4,0.692868,63.0,62.261231
114,4,0.703866,64.0,60.328202
114,4,0.714864,65.0,58.233089
114,4,0.725862,66.0,56.133831
114,4,0.73686,67.0,54.034574
114,4,0.747858,68.0,51.935316
114,4,0.758856,69.0,49.836013
114,4,0.769854,70.0,47.736755
114,4,0.780852,71.0,45.637497
114,4,0.79185,72.0,43.53824
114,4,0.802847,73.0,41.438982
114,4,0.813845,74.0,39.339724
114,4,0.824843,75.0,37.240467
114,4,0.835841,76.0,35.141209
114,4,0.846839,77.0,33.041951
114,4,0.857837,78.0,29.672222
114,4,0.868835,79.0,25.517129
114,4,0.879833,80.0,21.362036
114,4,0.890831,81.0,17.206943
114,4,0.901829,82.0,13.05176
114,4,0.912827,83.0,9.909186
114,4,0.923824,84.0,9.433784
114,4,0.934822,85.0,8.958381
114,4,0.94582,86.0,8.482979
114,4,0.956818,87.0,8.007576
114,4,0.967816,88.0,7.532174
114,4,0.978814,89.0,7.358577
114,4,0.989812,90.0,7.206889
114,4,1.00081,91.0,7.0552
114,4,1.011808,92.0,6.903512
114,4,1.022806,93.0,6.751823
114,4,1.033804,94.0,6.600131
114,4,1.044801,95.0,6.448443
114,4,1.055799,96.0,6.296754
114,4,1.066797,97.0,6.145066
114,4,1.077795,98.0,5.993377
114,4,1.088793,99.0,5.841689
114,4,1.099791,100.0,5.69
114,5,0.0,0.0,5.69
114,5,0.010998,1.0,5.48014
114,5,0.021996,2.0,5.270279
114,5,0.032994,3.0,5.060419
114,5,0.043992,4.0,4.850559
114,5,0.05499,5.0,4.640694
114,5,0.065987,6.0,4.430833
114,5,0.076985,7.0,4.220973
114,5,0.087983,8.0,4.011113
114,5,0.098981,9.0,4.259184
114,5,0.109979,10.0,4.795758
114,5,0.120977,11.0,5.332333
114,5,0.131975,12.0,5.868908
114,5,0.142973,13.0,6.405494
114,5,0.153971,14.0,6.942069
114,5,0.164969,15.0,7.478644
114,5,0.175967,16.0,8.015218
114,5,0.186964,17.0,8.490533
114,5,0.197962,18.0,8.757216
114,5,0.20896,19.0,9.0239
114,5,0.219958,20.0,9.290584
114,5,0.230956,21.0,9.557274
114,5,0.241954,22.0,9.823957
114,5,0.252952,23.0,10.090641
114,5,0.26395,24.0,10.357325
114,5,0.274948,25.0,10.624009
114,5,0.285946,26.0,10.890692
114,5,0.296944,27.0,11.157376
114,5,0.307941,28.0,11.684998
114,5,0.318939,29.0,12.351476
114,5,0.329937,30.0,13.017968
114,5,0.340935,31.0,13.684446
114,5,0.351933,32.0,14.350923
114,5,0.362931,33.0,15.017401
114,5,0.373929,34.0,15.683878
114,5,0.384927,35.0,16.350356
114,5,0.395925,36.0,17.016833
114,5,0.406923,37.0,17.68331
114,5,0.417921,38.0,19.813212
114,5,0.428918,39.0,21.957903
114,5,0.439916,40.0,24.102594
114,5,0.450914,41.0,26.247285
114,5,0.461912,42.0,28.391976
114,5,0.47291,43.0,30.536667
114,5,0.483908,44.0,32.681357
114,5,0.494906,45.0,34.826048
114,5,0.505904,46.0,37.535628
114,5,0.516902,47.0,40.324416
114,5,0.5279,48.0,43.113204
114,5,0.538898,49.0,45.901992
114,5,0.549895,50.0,48.69078
114,5,0.560893,51.0,51.479568
114,5,0.571891,52.0,54.268356
114,5,0.582889,53.0,57.057144
114,5,0.593887,54.0,59.845932
114,5,0.604885,55.0,62.634782
114,5,0.615883,56.0,63.040802
114,5,0.626881,57.0,63.296768
114,5,0.637879,58.0,63.552734
114,5,0.648877,59.0,63.8087
114,5,0.659875,60.0,64.064666
114,5,0.670873,61.0,64.320632
114,5,0.68187,62.0,64.02402
114,5,0.692868,63.0,62.81573
114,5,0.703866,64.0,61.607466
114,5,0.714864,65.0,60.399202
114,5,0.725862,66.0,59.190938
114,5,0.73686,67.0,57.982674
114,5,0.747858,68.0,56.77441
114,5,0.758856,69.0,55.566146
114,5,0.769854,70.0,54.357882
114,5,0.780852,71.0,53.149591
114,5,0.79185,72.0,51.941327
114,5,0.802847,73.0,50.733064
114,5,0.813845,74.0,49.5248
114,5,0.824843,75.0,48.316536
114,5,0.835841,76.0,47.108272
114,5,0.846839,77.0,45.900008
114,5,0.857837,78.0,44.691744
114,5,0.868835,79.0,43.48348
114,5,0.879833,80.0,42.275189
114,5,0.890831,81.0,39.394561
114,5,0.901829,82.0,31.048047
114,5,0.912827,83.0,22.701533
114,5,0.923824,84.0,14.355019
114,5,0.934822,85.0,6.008505
114,5,0.94582,86.0,5.364235
114,5,0.956818,87.0,5.126552
114,5,0.967816,88.0,4.888864
114,5,0.978814,89.0,4.651182
114,5,0.989812,90.0,4.413499
114,5,1.00081,91.0,4.175816
114,5,1.011808,92.0,4.306521
114,5,1.022806,93.0,5.021954
114,5,1.033804,94.0,5.737387
114,5,1.044801,95.0,6.45282
114,5,1.055799,96.0,7.168269
114,5,1.066797,97.0,7.883701
114,5,1.077795,98.0,8.599134
114,5,1.088793,99.0,9.314567
114,5,1.099791,100.0,10.03
114,6,0.0,0.0,10.03
114,6,0.010998,1.0,9.998751
114,6,0.021996,2.0,9.967502
114,6,0.032994,3.0,9.936253
114,6,0.043992,4.0,9.905004
114,6,0.05499,5.0,9.873755
114,6,0.065987,6.0,9.842506
114,6,0.076985,7.0,9.811257
114,6,0.087983,8.0,9.780008
114,6,0.098981,9.0,9.609851
114,6,0.109979,10.0,9.374248
114,6,0.120977,11.0,9.138646
114,6,0.131975,12.0,8.903043
114,6,0.142973,13.0,8.667436
114,6,0.153971,14.0,8.431834
114,6,0.164969,15.0,8.686202
114,6,0.175967,16.0,8.966482
114,6,0.186964,17.0,9.246762
114,6,0.197962,18.0,9.527042
114,6,0.20896,19.0,9.807321
114,6,0.219958,20.0,10.087601
114,6,0.230956,21.0,10.367881
114,6,0.241954,22.0,10.648161
114,6,0.252952,23.0,10.92844
114,6,0.26395,24.0,11.20872
114,6,0.274948,25.0,11.489
114,6,0.285946,26.0,11.868586
114,6,0.296944,27.0,12.713672
114,6,0.307941,28.0,13.558758
114,6,0.318939,29.0,14.403844
114,6,0.329937,30.0,15.24893
114,6,0.340935,31.0,16.484172
114,6,0.351933,32.0,18.166065
114,6,0.362931,33.0,19.847958
114,6,0.373929,34.0,21.529851
114,6,0.384927,35.0,23.211743
114,6,0.395925,36.0,24.893636
114,6,0.406923,37.0,26.575529
114,6,0.417921,38.0,28.257454
114,6,0.428918,39.0,29.939347
114,6,0.439916,40.0,31.808794
114,6,0.450914,41.0,34.983991
114,6,0.461912,42.0,38.159189
114,6,0.47291,43.0,41.334386
114,6,0.483908,44.0,44.509584
114,6,0.494906,45.0,47.684781
114,6,0.505904,46.0,50.859979
114,6,0.516902,47.0,54.035177
114,6,0.5279,48.0,54.267805
114,6,0.538898,49.0,54.448735
114,6,0.549895,50.0,54.629664
114,6,0.560893,51.0,54.810593
114,6,0.571891,52.0,54.991522
114,6,0.582889,53.0,55.172452
114,6,0.593887,54.0,55.353381
114,6,0.604885,55.0,55.53431
114,6,0.615883,56.0,55.71524
114,6,0.626881,57.0,53.860443
114,6,0.637879,58.0,50.870792
114,6,0.648877,59.0,47.881141
114,6,0.659875,60.0,44.89149
114,6,0.670873,61.0,41.901839
114,6,0.68187,62.0,38.912188
114,6,0.692868,63.0,36.570752
114,6,0.703866,64.0,34.439614
114,6,0.714864,65.0,32.308476
114,6,0.725862,66.0,30.177338
114,6,0.73686,67.0,28.0462
114,6,0.747858,68.0,25.915062
114,6,0.758856,69.0,23.783924
114,6,0.769854,70.0,21.652786
114,6,0.780852,71.0,19.521648
114,6,0.79185,72.0,17.39051
114,6,0.802847,73.0,15.336398
114,6,0.813845,74.0,14.167317
114,6,0.824843,75.0,12.998235
114,6,0.835841,76.0,11.829154
114,6,0.846839,77.0,10.660072
114,6,0.857837,78.0,9.490991
114,6,0.868835,79.0,9.036995
114,6,0.879833,80.0,8.83094
114,6,0.890831,81.0,8.624884
114,6,0.901829,82.0,8.418829
114,6,0.912827,83.0,8.212773
114,6,0.923824,84.0,8.006718
114,6,0.934822,85.0,7.800662
114,6,0.94582,86.0,7.594607
114,6,0.956818,87.0,7.388551
114,6,0.967816,88.0,6.982647
114,6,0.978814,89.0,6.497427
114,6,0.989812,90.0,6.012206
114,6,1.00081,91.0,5.526986
114,6,1.011808,92.0,5.041765
114,6,1.022806,93.0,4.556544
114,6,1.033804,94.0,4.071324
114,6,1.044801,95.0,3.586103
114,6,1.055799,96.0,3.100882
114,6,1.066797,97.0,2.615662
114,6,1.077795,98.0,2.130441
114,6,1.088793,99.0,1.645221
114,6,1.099791,100.0,1.16
114,7,0.0,0.0,1.16
114,7,0.010998,1.0,2.260979
114,7,0.021996,2.0,3.361957
114,7,0.032994,3.0,4.462936
114,7,0.043992,4.0,5.561232
114,7,0.05499,5.0,5.90779
114,7,0.065987,6.0,6.254348
114,7,0.076985,7.0,6.600907
114,7,0.087983,8.0,6.947465
114,7,0.098981,9.0,7.294023
114,7,0.109979,10.0,7.640581
114,7,0.120977,11.0,7.987139
114,7,0.131975,12.0,8.334264
114,7,0.142973,13.0,8.733986
114,7,0.153971,14.0,9.133716
114,7,0.164969,15.0,9.533447
114,7,0.175967,16.0,9.933177
114,7,0.186964,17.0,10.332907
114,7,0.197962,18.0,10.732638
114,7,0.20896,19.0,11.132368
114,7,0.219958,20.0,11.532098
114,7,0.230956,21.0,11.931829
114,7,0.241954,22.0,12.331559
114,7,0.252952,23.0,13.381353
114,7,0.26395,24.0,15.620218
114,7,0.274948,25.0,17.859083
114,7,0.285946,26.0,20.097949
114,7,0.296944,27.0,22.336814
114,7,0.307941,28.0,24.564307
114,7,0.318939,29.0,26.345891
114,7,0.329937,30.0,28.127474
114,7,0.340935,31.0,29.909058
114,7,0.351933,32.0,31.690642
114,7,0.362931,33.0,33.472226
114,7,0.373929,34.0,35.253809
114,7,0.384927,35.0,37.035393
114,7,0.395925,36.0,38.816977
114,7,0.406923,37.0,40.598561
114,7,0.417921,38.0,42.380106
114,7,0.428918,39.0,44.16169
114,7,0.439916,40.0,45.978696
114,7,0.450914,41.0,48.757666
114,7,0.461912,42.0,51.536637
114,7,0.47291,43.0,54.315607
114,7,0.483908,44.0,57.094578
114,7,0.494906,45.0,59.873548
114,7,0.505904,46.0,62.652518
114,7,0.516902,47.0,64.290676
114,7,0.5279,48.0,64.025654
114,7,0.538898,49.0,63.760632
114,7,0.549895,50.0,63.49561
114,7,0.560893,51.0,63.230588
114,7,0.571891,52.0,62.965565
114,7,0.582889,53.0,62.700543
114,7,0.593887,54.0,62.435521
114,7,0.604885,55.0,62.170499
114,7,0.615883,56.0,61.905477
114,7,0.626881,57.0,61.640454
114,7,0.637879,58.0,61.375432
114,7,0.648877,59.0,61.11041
114,7,0.659875,60.0,60.845388
114,7,0.670873,61.0,60.580366
114,7,0.68187,62.0,54.675281
114,7,0.692868,63.0,47.447001
114,7,0.703866,64.0,40.218565
114,7,0.714864,65.0,32.990128
114,7,0.725862,66.0,29.622335
114,7,0.73686,67.0,27.72127
114,7,0.747858,68.0,25.820205
114,7,0.758856,69.0,23.91914
114,7,0.769854,70.0,22.018075
114,7,0.780852,71.0,20.11701
114,7,0.79185,72.0,18.215945
114,7,0.802847,73.0,16.31488
114,7,0.813845,74.0,14.413815
114,7,0.824843,75.0,12.51275
114,7,0.835841,76.0,10.698302
114,7,0.846839,77.0,10.080523
114,7,0.857837,78.0,9.462744
114,7,0.868835,79.0,8.844965
114,7,0.879833,80.0,8.227187
114,7,0.890831,81.0,7.609408
114,7,0.901829,82.0,6.991629
114,7,0.912827,83.0,6.703058
114,7,0.923824,84.0,6.749587
114,7,0.934822,85.0,6.796116
114,7,0.94582,86.0,6.842645
114,7,0.956818,87.0,6.889174
114,7,0.967816,88.0,6.935702
114,7,0.978814,89.0,6.982231
114,7,0.989812,90.0,7.02876
114,7,1.00081,91.0,7.075289
114,7,1.011808,92.0,7.121818
114,7,1.022806,93.0,7.168347
114,7,1.033804,94.0,6.874607
114,7,1.044801,95.0,6.467173
114,7,1.055799,96.0,6.059738
114,7,1.066797,97.0,5.652304
114,7,1.077795,98.0,5.244869
114,7,1.088793,99.0,4.837435
114,7,1.099791,100.0,4.43
114,8,0.0,0.0,4.43
114,8,0.010998,1.0,4.54568
114,8,0.021996,2.0,4.661362
114,8,0.032994,3.0,4.777042
114,8,0.043992,4.0,4.892724
114,8,0.05499,5.0,5.008404
114,8,0.065987,6.0,5.124086
114,8,0.076985,7.0,5.239766
114,8,0.087983,8.0,5.355448
114,8,0.098981,9.0,5.471128
114,8,0.109979,10.0,5.58681
114,8,0.120977,11.0,5.838469
114,8,0.131975,12.0,6.324362
114,8,0.142973,13.0,6.810245
114,8,0.153971,14.0,7.296138
114,8,0.164969,15.0,7.78202
114,8,0.175967,16.0,8.267913
114,8,0.186964,17.0,8.753796
114,8,0.197962,18.0,9.239689
114,8,0.20896,19.0,9.56901
114,8,0.219958,20.0,9.768455
114,8,0.230956,21.0,9.967897
114,8,0.241954,22.0,10.167342
114,8,0.252952,23.0,10.366783
114,8,0.26395,24.0,10.566229
114,8,0.274948,25.0,10.76567
114,8,0.285946,26.0,10.965111
114,8,0.296944,27.0,11.164557
114,8,0.307941,28.0,11.363998
114,8,0.318939,29.0,11.563444
114,8,0.329937,30.0,11.762885
114,8,0.340935,31.0,11.96233
114,8,0.351933,32.0,12.161772
114,8,0.362931,33.0,12.361217
114,8,0.373929,34.0,12.560658
114,8,0.384927,35.0,12.760104
114,8,0.395925,36.0,14.743042
114,8,0.406923,37.0,18.515843
114,8,0.417921,38.0,22.288564
114,8,0.428918,39.0,26.061365
114,8,0.439916,40.0,29.834086
114,8,0.450914,41.0,33.317406
114,8,0.461912,42.0,36.169964
114,8,0.47291,43.0,39.022582
114,8,0.483908,44.0,41.875139
114,8,0.494906,45.0,44.727758
114,8,0.505904,46.0,47.580315
114,8,0.516902,47.0,50.432934
114,8,0.5279,48.0,53.285491
114,8,0.538898,49.0,55.773284
114,8,0.549895,50.0,57.727234
114,8,0.560893,51.0,59.681184
114,8,0.571891,52.0,61.635176
114,8,0.582889,53.0,62.641286
114,8,0.593887,54.0,61.159957
114,8,0.604885,55.0,59.67866
114,8,0.615883,56.0,58.197331
114,8,0.626881,57.0,56.716033
114,8,0.637879,58.0,55.234704
114,8,0.648877,59.0,53.753407
114,8,0.659875,60.0,52.272078
114,8,0.670873,61.0,50.79078
114,8,0.68187,62.0,49.309451
114,8,0.692868,63.0,47.828154
114,8,0.703866,64.0,44.463666
114,8,0.714864,65.0,40.683016
114,8,0.725862,66.0,36.902285
114,8,0.73686,67.0,33.121635
114,8,0.747858,68.0,29.340904
114,8,0.758856,69.0,25.560254
114,8,0.769854,70.0,21.779523
114,8,0.780852,71.0,17.998873
114,8,0.79185,72.0,16.382834
114,8,0.802847,73.0,14.979952
114,8,0.813845,74.0,13.577041
114,8,0.824843,75.0,12.17416
114,8,0.835841,76.0,10.771278
114,8,0.846839,77.0,9.368367
114,8,0.857837,78.0,7.965486
114,8,0.868835,79.0,6.562574
114,8,0.879833,80.0,5.159693
114,8,0.890831,81.0,3.756781
114,8,0.901829,82.0,3.314337
114,8,0.912827,83.0,4.02966
114,8,0.923824,84.0,4.744967
114,8,0.934822,85.0,5.460289
114,8,0.94582,86.0,6.175596
114,8,0.956818,87.0,6.890918
114,8,0.967816,88.0,7.606225
114,8,0.978814,89.0,8.321547
114,8,0.989812,90.0,8.595077
114,8,1.00081,91.0,8.343566
114,8,1.011808,92.0,8.092061
114,8,1.022806,93.0,7.840551
114,8,1.033804,94.0,7.589046
114,8,1.044801,95.0,7.337536
114,8,1.055799,96.0,7.086031
114,8,1.066797,97.0,6.83452
114,8,1.077795,98.0,6.583015
114,8,1.088793,99.0,6.331505
114,8,1.099791,100.0,6.08
114,9,0.0,0.0,6.08
114,9,0.010998,1.0,6.812922
114,9,0.021996,2.0,7.545844
114,9,0.032994,3.0,8.278749
114,9,0.043992,4.0,9.011671
114,9,0.05499,5.0,9.53117
114,9,0.065987,6.0,9.694439
114,9,0.076985,7.0,9.857704
114,9,0.087983,8.0,10.020973
114,9,0.098981,9.0,10.184243
114,9,0.109979,10.0,10.347512
114,9,0.120977,11.0,10.510777
114,9,0.131975,12.0,10.674046
114,9,0.142973,13.0,10.837316
114,9,0.153971,14.0,11.000585
114,9,0.164969,15.0,11.16385
114,9,0.175967,16.0,11.327119
114,9,0.186964,17.0,11.490389
114,9,0.197962,18.0,11.653658
114,9,0.20896,19.0,12.381584
114,9,0.219958,20.0,13.132348
114,9,0.230956,21.0,13.883113
114,9,0.241954,22.0,14.633877
114,9,0.252952,23.0,15.384625
114,9,0.26395,24.0,16.135389
114,9,0.274948,25.0,16.886154
114,9,0.285946,26.0,17.636918
114,9,0.296944,27.0,18.850455
114,9,0.307941,28.0,20.453396
114,9,0.318939,29.0,22.056373
114,9,0.329937,30.0,23.65935
114,9,0.340935,31.0,25.262327
114,9,0.351933,32.0,26.865268
114,9,0.362931,33.0,28.468246
114,9,0.373929,34.0,30.071223
114,9,0.384927,35.0,31.6742
114,9,0.395925,36.0,33.277141
114,9,0.406923,37.0,36.201685
114,9,0.417921,38.0,39.397332
114,9,0.428918,39.0,42.59298
114,9,0.439916,40.0,45.788555
114,9,0.450914,41.0,48.984203
114,9,0.461912,42.0,52.179851
114,9,0.47291,43.0,55.375498
114,9,0.483908,44.0,58.571074
114,9,0.494906,45.0,59.981235
114,9,0.505904,46.0,60.184424
114,9,0.516902,47.0,60.387613
114,9,0.5279,48.0,60.590798
114,9,0.538898,49.0,60.793987
114,9,0.549895,50.0,60.997176
114,9,0.560893,51.0,61.200365
114,9,0.571891,52.0,61.403554
114,9,0.582889,53.0,61.606739
114,9,0.593887,54.0,61.809928
114,9,0.604885,55.0,61.196204
114,9,0.615883,56.0,60.051177
114,9,0.626881,57.0,58.906176
114,9,0.637879,58.0,57.76115
114,9,0.648877,59.0,56.616123
114,9,0.659875,60.0,55.471096
114,9,0.670873,61.0,54.326096
114,9,0.68187,62.0,53.181069
114,9,0.692868,63.0,52.036043
114,9,0.703866,64.0,50.759953
114,9,0.714864,65.0,47.928509
114,9,0.725862,66.0,45.097
114,9,0.73686,67.0,42.265492
114,9,0.747858,68.0,39.433983
114,9,0.758856,69.0,36.602538
114,9,0.769854,70.0,33.77103
114,9,0.780852,71.0,30.939521
114,9,0.79185,72.0,28.108012
114,9,0.802847,73.0,25.276568
114,9,0.813845,74.0,22.445059
114,9,0.824843,75.0,19.61291
114,9,0.835841,76.0,16.772168
114,9,0.846839,77.0,13.931427
114,9,0.857837,78.0,11.090749
114,9,0.868835,79.0,8.250007
114,9,0.879833,80.0,5.409266
114,9,0.890831,81.0,3.982461
114,9,0.901829,82.0,4.457192
114,9,0.912827,83.0,4.931933
114,9,0.923824,84.0,5.406675
114,9,0.934822,85.0,5.881417
114,9,0.94582,86.0,6.356148
114,9,0.956818,87.0,6.83089
114,9,0.967816,88.0,7.305631
114,9,0.978814,89.0,7.780373
114,9,0.989812,90.0,8.255104
114,9,1.00081,91.0,8.729846
114,9,1.011808,92.0,8.949875
114,9,1.022806,93.0,8.642389
114,9,1.033804,94.0,8.33491
114,9,1.044801,95.0,8.027424
114,9,1.055799,96.0,7.719938
114,9,1.066797,97.0,7.412451
114,9,1.077795,98.0,7.104972
114,9,1.088793,99.0,6.797486
114,9,1.099791,100.0,6.49
114,10,0.0,0.0,6.49
114,10,0.010998,1.0,6.50995
114,10,0.021996,2.0,6.5299
114,10,0.032994,3.0,6.54985
114,10,0.043992,4.0,6.5698
114,10,0.05499,5.0,6.58975
114,10,0.065987,6.0,6.6097
114,10,0.076985,7.0,6.62965
114,10,0.087983,8.0,6.6496
114,10,0.098981,9.0,6.66955
114,10,0.109979,10.0,6.6895
114,10,0.120977,11.0,6.991595
114,10,0.131975,12.0,7.607203
114,10,0.142973,13.0,8.222797
114,10,0.153971,14.0,8.838405
114,10,0.164969,15.0,9.454
114,10,0.175967,16.0,10.069595
114,10,0.186964,17.0,10.685203
114,10,0.197962,18.0,11.300797
114,10,0.20896,19.0,11.866355
114,10,0.219958,20.0,12.3955
114,10,0.230956,21.0,12.924645
114,10,0.241954,22.0,13.453802
114,10,0.252952,23.0,13.982948
114,10,0.26395,24.0,14.512105
114,10,0.274948,25.0,15.04125
114,10,0.285946,26.0,15.570395
114,10,0.296944,27.0,16.099552
114,10,0.307941,28.0,16.628698
114,10,0.318939,29.0,17.214637
114,10,0.329937,30.0,18.822468
114,10,0.340935,31.0,20.430298
114,10,0.351933,32.0,22.038163
114,10,0.362931,33.0,23.645993
114,10,0.373929,34.0,25.253858
114,10,0.384927,35.0,26.861688
114,10,0.395925,36.0,28.597372
114,10,0.406923,37.0,30.633941
114,10,0.417921,38.0,32.670466
114,10,0.428918,39.0,34.707034
114,10,0.439916,40.0,36.743559
114,10,0.450914,41.0,38.780084
114,10,0.461912,42.0,40.816653
114,10,0.47291,43.0,42.853178
114,10,0.483908,44.0,44.889746
114,10,0.494906,45.0,46.926271
114,10,0.505904,46.0,48.962796
114,10,0.516902,47.0,51.736892
114,10,0.5279,48.0,54.551908
114,10,0.538898,49.0,57.366984
114,10,0.549895,50.0,60.182
114,10,0.560893,51.0,62.997016
114,10,0.571891,52.0,65.812092
114,10,0.582889,53.0,67.308709
114,10,0.593887,54.0,66.545187
114,10,0.604885,55.0,65.781681
114,10,0.615883,56.0,65.018175
114,10,0.626881,57.0,64.254652
114,10,0.637879,58.0,63.491146
114,10,0.648877,59.0,62.727624
114,10,0.659875,60.0,61.964118
114,10,0.670873,61.0,61.200612
114,10,0.68187,62.0,60.437089
114,10,0.692868,63.0,59.673583
114,10,0.703866,64.0,56.241947
114,10,0.714864,65.0,52.609011
114,10,0.725862,66.0,48.976075
114,10,0.73686,67.0,45.343061
114,10,0.747858,68.0,41.710125
114,10,0.758856,69.0,38.077112
114,10,0.769854,70.0,34.444176
114,10,0.780852,71.0,30.81124
114,10,0.79185,72.0,28.701191
114,10,0.802847,73.0,26.675809
114,10,0.813845,74.0,24.650383
114,10,0.824843,75.0,22.625
114,10,0.835841,76.0,20.599617
114,10,0.846839,77.0,18.574191
114,10,0.857837,78.0,16.548809
114,10,0.868835,79.0,14.523383
114,10,0.879833,80.0,12.498
114,10,0.890831,81.0,10.472617
114,10,0.901829,82.0,9.3304
114,10,0.912827,83.0,9.4026
114,10,0.923824,84.0,9.474801
114,10,0.934822,85.0,9.547
114,10,0.94582,86.0,9.619199
114,10,0.956818,87.0,9.6914
114,10,0.967816,88.0,9.7636
114,10,0.978814,89.0,9.835801
114,10,0.989812,90.0,9.788
114,10,1.00081,91.0,9.632201
114,10,1.011808,92.0,9.476399
114,10,1.022806,93.0,9.320601
114,10,1.033804,94.0,9.164799
114,10,1.044801,95.0,9.009
114,10,1.055799,96.0,8.853201
114,10,1.066797,97.0,8.697399
114,10,1.077795,98.0,8.541601
114,10,1.088793,99.0,8.385799
114,10,1.099791,100.0,8.23
114,11,0.0,0.0,8.23
114,11,0.010998,1.0,7.705124
114,11,0.021996,2.0,7.180238
114,11,0.032994,3.0,6.655362
114,11,0.043992,4.0,6.130476
114,11,0.05499,5.0,5.6056
114,11,0.065987,6.0,5.080724
114,11,0.076985,7.0,5.166211
114,11,0.087983,8.0,5.379239
114,11,0.098981,9.0,5.592272
114,11,0.109979,10.0,5.8053
114,11,0.120977,11.0,6.018328
114,11,0.131975,12.0,6.231361
114,11,0.142973,13.0,6.444389
114,11,0.153971,14.0,6.657422
114,11,0.164969,15.0,6.87045
114,11,0.175967,16.0,7.083478
114,11,0.186964,17.0,7.296511
114,11,0.197962,18.0,7.509539
114,11,0.20896,19.0,8.380513
114,11,0.219958,20.0,9.96
114,11,0.230956,21.0,11.539487
114,11,0.241954,22.0,13.119006
114,11,0.252952,23.0,14.229146
114,11,0.26395,24.0,15.205208
114,11,0.274948,25.0,16.18125
114,11,0.285946,26.0,17.157292
114,11,0.296944,27.0,18.133354
114,11,0.307941,28.0,19.109396
114,11,0.318939,29.0,20.085458
114,11,0.329937,30.0,21.0615
114,11,0.340935,31.0,22.037542
114,11,0.351933,32.0,23.013604
114,11,0.362931,33.0,25.911465
114,11,0.373929,34.0,29.019991
114,11,0.384927,35.0,32.128455
114,11,0.395925,36.0,35.236919
114,11,0.406923,37.0,38.345445
114,11,0.417921,38.0,41.453909
114,11,0.428918,39.0,44.562435
114,11,0.439916,40.0,46.788772
114,11,0.450914,41.0,48.366128
114,11,0.461912,42.0,49.943515
114,11,0.47291,43.0,51.520871
114,11,0.483908,44.0,53.098258
114,11,0.494906,45.0,54.675614
114,11,0.505904,46.0,56.25297
114,11,0.516902,47.0,57.830357
114,11,0.5279,48.0,59.407713
114,11,0.538898,49.0,60.77542
114,11,0.549895,50.0,61.268735
114,11,0.560893,51.0,61.76205
114,11,0.571891,52.0,62.255375
114,11,0.582889,53.0,62.748691
114,11,0.593887,54.0,63.242016
114,11,0.604885,55.0,63.735331
114,11,0.615883,56.0,63.075476
114,11,0.626881,57.0,60.384369
114,11,0.637879,58.0,57.693317
114,11,0.648877,59.0,55.00221
114,11,0.659875,60.0,52.311157
114,11,0.670873,61.0,49.620104
114,11,0.68187,62.0,46.928997
114,11,0.692868,63.0,44.237945
114,11,0.703866,64.0,41.546838
114,11,0.714864,65.0,38.855785
114,11,0.725862,66.0,35.612506
114,11,0.73686,67.0,31.552058
114,11,0.747858,68.0,27.491692
114,11,0.758856,69.0,23.431244
114,11,0.769854,70.0,19.370878
114,11,0.780852,71.0,15.310512
114,11,0.79185,72.0,12.483288
114,11,0.802847,73.0,12.365907
114,11,0.813845,74.0,12.248524
114,11,0.824843,75.0,12.131144
114,11,0.835841,76.0,12.013764
114,11,0.846839,77.0,11.896381
114,11,0.857837,78.0,11.779
114,11,0.868835,79.0,11.661618
114,11,0.879833,80.0,11.544237
114,11,0.890831,81.0,11.426857
114,11,0.901829,82.0,11.384011
114,11,0.912827,83.0,11.390687
114,11,0.923824,84.0,11.397363
114,11,0.934822,85.0,11.404038
114,11,0.94582,86.0,11.410714
114,11,0.956818,87.0,11.41739
114,11,0.967816,88.0,11.424066
114,11,0.978814,89.0,11.392797
114,11,0.989812,90.0,11.058
114,11,1.00081,91.0,10.723203
114,11,1.011808,92.0,10.388399
114,11,1.022806,93.0,10.053601
114,11,1.033804,94.0,9.718797
114,11,1.044801,95.0,9.384
114,11,1.055799,96.0,9.049203
114,11,1.066797,97.0,8.714399
114,11,1.077795,98.0,8.379601
114,11,1.088793,99.0,8.044797
114,11,1.099791,100.0,7.71
114,12,0.0,0.0,7.71
114,12,0.010998,1.0,7.624801
114,12,0.021996,2.0,7.5396
114,12,0.032994,3.0,7.4544
114,12,0.043992,4.0,7.369199
114,12,0.05499,5.0,7.284
114,12,0.065987,6.0,7.198801
114,12,0.076985,7.0,7.1136
114,12,0.087983,8.0,7.271499
114,12,0.098981,9.0,7.440127
114,12,0.109979,10.0,7.60875
114,12,0.120977,11.0,7.777373
114,12,0.131975,12.0,7.946001
114,12,0.142973,13.0,8.114624
114,12,0.153971,14.0,8.283252
114,12,0.164969,15.0,8.451875
114,12,0.175967,16.0,8.620498
114,12,0.186964,17.0,8.789126
114,12,0.197962,18.0,8.957749
114,12,0.20896,19.0,9.300447
114,12,0.219958,20.0,9.72129
114,12,0.230956,21.0,10.142133
114,12,0.241954,22.0,10.562986
114,12,0.252952,23.0,10.983829
114,12,0.26395,24.0,11.404681
114,12,0.274948,25.0,12.263769
114,12,0.285946,26.0,13.189181
114,12,0.296944,27.0,14.114614
114,12,0.307941,28.0,15.040026
114,12,0.318939,29.0,15.965459
114,12,0.329937,30.0,16.890871
114,12,0.340935,31.0,17.816283
114,12,0.351933,32.0,18.741716
114,12,0.362931,33.0,19.667128
114,12,0.373929,34.0,20.592562
114,12,0.384927,35.0,21.517973
114,12,0.395925,36.0,22.443385
114,12,0.406923,37.0,24.708667
114,12,0.417921,38.0,28.459645
114,12,0.428918,39.0,32.21071
114,12,0.439916,40.0,35.961688
114,12,0.450914,41.0,39.712667
114,12,0.461912,42.0,43.463731
114,12,0.47291,43.0,47.21471
114,12,0.483908,44.0,50.377088
114,12,0.494906,45.0,51.716828
114,12,0.505904,46.0,53.056568
114,12,0.516902,47.0,54.396338
114,12,0.5279,48.0,55.736078
114,12,0.538898,49.0,57.075848
114,12,0.549895,50.0,58.415588
114,12,0.560893,51.0,59.755328
114,12,0.571891,52.0,61.095099
114,12,0.582889,53.0,62.434838
114,12,0.593887,54.0,63.774609
114,12,0.604885,55.0,64.950917
114,12,0.615883,56.0,63.969942
114,12,0.626881,57.0,62.988946
114,12,0.637879,58.0,62.007971
114,12,0.648877,59.0,61.026974
114,12,0.659875,60.0,60.046
114,12,0.670873,61.0,59.065026
114,12,0.68187,62.0,58.084029
114,12,0.692868,63.0,57.103054
114,12,0.703866,64.0,55.174577
114,12,0.714864,65.0,52.66475
114,12,0.725862,66.0,50.154923
114,12,0.73686,67.0,47.645038
114,12,0.747858,68.0,45.135212
114,12,0.758856,69.0,42.625327
114,12,0.769854,70.0,40.1155
114,12,0.780852,71.0,37.605673
114,12,0.79185,72.0,35.095788
114,12,0.802847,73.0,32.585962
114,12,0.813845,74.0,30.076077
114,12,0.824843,75.0,27.624583
114,12,0.835841,76.0,25.280421
114,12,0.846839,77.0,22.936206
114,12,0.857837,78.0,20.592044
114,12,0.868835,79.0,18.247829
114,12,0.879833,80.0,15.903667
114,12,0.890831,81.0,13.559505
114,12,0.901829,82.0,11.215289
114,12,0.912827,83.0,8.871127
114,12,0.923824,84.0,8.699429
114,12,0.934822,85.0,8.765357
114,12,0.94582,86.0,8.831285
114,12,0.956818,87.0,8.897215
114,12,0.967816,88.0,8.963143
114,12,0.978814,89.0,9.029072
114,12,0.989812,90.0,9.095
114,12,1.00081,91.0,9.160928
114,12,1.011808,92.0,9.226857
114,12,1.022806,93.0,9.275602
114,12,1.033804,94.0,8.934797
114,12,1.044801,95.0,8.594
114,12,1.055799,96.0,8.253203
114,12,1.066797,97.0,7.912398
114,12,1.077795,98.0,7.571602
114,12,1.088793,99.0,7.230797
114,12,1.099791,100.0,6.89
114,13,0.0,0.0,6.89
114,13,0.010998,1.0,6.888889
114,13,0.021996,2.0,6.887778
114,13,0.032994,3.0,6.886667
114,13,0.043992,4.0,6.885556
114,13,0.05499,5.0,6.884444
114,13,0.065987,6.0,6.883333
114,13,0.076985,7.0,6.882222
114,13,0.087983,8.0,6.881111
114,13,0.098981,9.0,6.88
114,13,0.109979,10.0,7.103529
114,13,0.120977,11.0,7.327059
114,13,0.131975,12.0,7.550588
114,13,0.142973,13.0,7.774118
114,13,0.153971,14.0,7.997647
114,13,0.164969,15.0,8.221176
114,13,0.175967,16.0,8.444706
114,13,0.186964,17.0,8.668235
114,13,0.197962,18.0,9.01395
114,13,0.20896,19.0,9.481849
114,13,0.219958,20.0,9.949748
114,13,0.230956,21.0,10.417647
114,13,0.241954,22.0,10.885546
114,13,0.252952,23.0,11.353445
114,13,0.26395,24.0,11.821345
114,13,0.274948,25.0,12.289244
114,13,0.285946,26.0,12.757143
114,13,0.296944,27.0,13.225042
114,13,0.307941,28.0,13.986154
114,13,0.318939,29.0,14.956703
114,13,0.329937,30.0,15.927253
114,13,0.340935,31.0,16.897802
114,13,0.351933,32.0,17.868352
114,13,0.362931,33.0,18.838901
114,13,0.373929,34.0,19.809451
114,13,0.384927,35.0,20.78
114,13,0.395925,36.0,22.398667
114,13,0.406923,37.0,24.017333
114,13,0.417921,38.0,25.636
114,13,0.428918,39.0,27.254667
114,13,0.439916,40.0,28.873333
114,13,0.450914,41.0,30.492
114,13,0.461912,42.0,32.110667
114,13,0.47291,43.0,33.729333
114,13,0.483908,44.0,35.348
114,13,0.494906,45.0,36.966667
114,13,0.505904,46.0,38.585333
114,13,0.516902,47.0,44.287727
114,13,0.5279,48.0,51.351364
114,13,0.538898,49.0,58.415
114,13,0.549895,50.0,64.923897
114,13,0.560893,51.0,65.330662
114,13,0.571891,52.0,65.737426
114,13,0.582889,53.0,66.144191
114,13,0.593887,54.0,66.550956
114,13,0.604885,55.0,66.957721
114,13,0.615883,56.0,67.364485
114,13,0.626881,57.0,67.77125
114,13,0.637879,58.0,68.178015
114,13,0.648877,59.0,68.584779
114,13,0.659875,60.0,68.991544
114,13,0.670873,61.0,69.398309
114,13,0.68187,62.0,67.759
114,13,0.692868,63.0,65.437667
114,13,0.703866,64.0,63.116333
114,13,0.714864,65.0,60.795
114,13,0.725862,66.0,58.473667
114,13,0.73686,67.0,56.152333
114,13,0.747858,68.0,53.831
114,13,0.758856,69.0,51.200385
114,13,0.769854,70.0,47.641923
114,13,0.780852,71.0,44.083462
114,13,0.79185,72.0,40.525
114,13,0.802847,73.0,36.966538
114,13,0.813845,74.0,33.408077
114,13,0.824843,75.0,29.849615
114,13,0.835841,76.0,26.291154
114,13,0.846839,77.0,22.732692
114,13,0.857837,78.0,20.039231
114,13,0.868835,79.0,17.963626
114,13,0.879833,80.0,15.888022
114,13,0.890831,81.0,13.812418
114,13,0.901829,82.0,11.736813
114,13,0.912827,83.0,9.661209
114,13,0.923824,84.0,7.585604
114,13,0.934822,85.0,5.51
114,13,0.94582,86.0,5.778235
114,13,0.956818,87.0,6.046471
114,13,0.967816,88.0,6.314706
114,13,0.978814,89.0,6.582941
114,13,0.989812,90.0,6.851176
114,13,1.00081,91.0,7.119412
114,13,1.011808,92.0,7.387647
114,13,1.022806,93.0,7.655882
114,13,1.033804,94.0,7.924118
114,13,1.044801,95.0,8.152459
114,13,1.055799,96.0,7.941967
114,13,1.066797,97.0,7.731475
114,13,1.077795,98.0,7.520984
114,13,1.088793,99.0,7.310492
114,13,1.099791,100.0,7.1
115,2,0.0,0.0,8.07
115,2,0.010998,1.0,7.919291
115,2,0.021996,2.0,7.768582
115,2,0.032994,3.0,7.617876
115,2,0.043992,4.0,7.467168
115,2,0.05499,5.0,7.316459
115,2,0.065987,6.0,7.16575
115,2,0.076985,7.0,7.015044
115,2,0.087983,8.0,6.864335
115,2,0.098981,9.0,6.713626
115,2,0.109979,10.0,6.562917
115,2,0.120977,11.0,6.412212
115,2,0.131975,12.0,6.707178
115,2,0.142973,13.0,7.941437
115,2,0.153971,14.0,9.175696
115,2,0.164969,15.0,10.409928
115,2,0.175967,16.0,11.644187
115,2,0.186964,17.0,12.878445
115,2,0.197962,18.0,13.6291
115,2,0.20896,19.0,14.171461
115,2,0.219958,20.0,14.713833
115,2,0.230956,21.0,15.256206
115,2,0.241954,22.0,15.798579
115,2,0.252952,23.0,16.34094
115,2,0.26395,24.0,16.883312
115,2,0.274948,25.0,17.425685
115,2,0.285946,26.0,17.968058
115,2,0.296944,27.0,18.51043
115,2,0.307941,28.0,19.052791
115,2,0.318939,29.0,19.595164
115,2,0.329937,30.0,20.364124
115,2,0.340935,31.0,24.180506
115,2,0.351933,32.0,27.996807
115,2,0.362931,33.0,31.813188
115,2,0.373929,34.0,35.62957
115,2,0.384927,35.0,39.445951
115,2,0.395925,36.0,43.262252
115,2,0.406923,37.0,46.058554
115,2,0.417921,38.0,48.347446
115,2,0.428918,39.0,50.636337
115,2,0.439916,40.0,52.925181
115,2,0.450914,41.0,55.214072
115,2,0.461912,42.0,57.502964
115,2,0.47291,43.0,59.791855
115,2,0.483908,44.0,62.080699
115,2,0.494906,45.0,64.36959
115,2,0.505904,46.0,66.658482
115,2,0.516902,47.0,68.286391
115,2,0.5279,48.0,68.273826
115,2,0.538898,49.0,68.261261
115,2,0.549895,50.0,68.248696
115,2,0.560893,51.0,68.23613
115,2,0.571891,52.0,68.223565
115,2,0.582889,53.0,68.211
115,2,0.593887,54.0,68.198435
115,2,0.604885,55.0,67.463201
115,2,0.615883,56.0,65.252218
115,2,0.626881,57.0,63.041282
115,2,0.637879,58.0,60.8303
115,2,0.648877,59.0,58.619317
115,2,0.659875,60.0,56.408334
115,2,0.670873,61.0,54.197398
115,2,0.68187,62.0,51.986416
115,2,0.692868,63.0,49.775433
115,2,0.703866,64.0,47.56445
115,2,0.714864,65.0,45.265973
115,2,0.725862,66.0,40.524423
115,2,0.73686,67.0,35.782872
115,2,0.747858,68.0,31.041321
115,2,0.758856,69.0,26.299871
115,2,0.769854,70.0,21.55832
115,2,0.780852,71.0,19.594577
115,2,0.79185,72.0,18.143147
115,2,0.802847,73.0,16.691748
115,2,0.813845,74.0,15.240318
115,2,0.824843,75.0,13.788889
115,2,0.835841,76.0,12.337459
115,2,0.846839,77.0,10.88603
115,2,0.857837,78.0,9.434631
115,2,0.868835,79.0,7.983201
115,2,0.879833,80.0,6.531772
115,2,0.890831,81.0,5.080342
115,2,0.901829,82.0,3.876903
115,2,0.912827,83.0,3.918467
115,2,0.923824,84.0,3.960032
115,2,0.934822,85.0,4.001596
115,2,0.94582,86.0,4.043159
115,2,0.956818,87.0,4.084723
115,2,0.967816,88.0,4.126288
115,2,0.978814,89.0,4.167852
115,2,0.989812,90.0,4.06192
115,2,1.00081,91.0,3.787727
115,2,1.011808,92.0,3.513533
115,2,1.022806,93.0,3.23934
115,2,1.033804,94.0,2.965153
115,2,1.044801,95.0,2.69096
115,2,1.055799,96.0,2.416767
115,2,1.066797,97.0,2.142574
115,2,1.077795,98.0,1.868386
115,2,1.088793,99.0,1.594193
115,2,1.099791,100.0,1.32
115,3,0.0,0.0,1.32
115,3,0.010998,1.0,1.751035
115,3,0.021996,2.0,2.182071
115,3,0.032994,3.0,2.613096
115,3,0.043992,4.0,3.044131
115,3,0.05499,5.0,3.475167
115,3,0.065987,6.0,3.906202
115,3,0.076985,7.0,4.337238
115,3,0.087983,8.0,4.768262
115,3,0.098981,9.0,5.200378
115,3,0.109979,10.0,5.655529
115,3,0.120977,11.0,6.11068
115,3,0.131975,12.0,6.565831
115,3,0.142973,13.0,7.020972
115,3,0.153971,14.0,7.476123
115,3,0.164969,15.0,7.931274
115,3,0.175967,16.0,8.386425
115,3,0.186964,17.0,8.841577
115,3,0.197962,18.0,9.296717
115,3,0.20896,19.0,9.751868
115,3,0.219958,20.0,11.2305
115,3,0.230956,21.0,13.155084
115,3,0.241954,22.0,15.079669
115,3,0.252952,23.0,17.004206
115,3,0.26395,24.0,18.928791
115,3,0.274948,25.0,20.853375
115,3,0.285946,26.0,22.546386
115,3,0.296944,27.0,24.15216
115,3,0.307941,28.0,25.757896
115,3,0.318939,29.0,27.36367
115,3,0.329937,30.0,28.969444
115,3,0.340935,31.0,30.575219
115,3,0.351933,32.0,32.180993
115,3,0.362931,33.0,33.786729
115,3,0.373929,34.0,35.392503
115,3,0.384927,35.0,36.998278
115,3,0.395925,36.0,38.604052
115,3,0.406923,37.0,40.209827
115,3,0.417921,38.0,41.815562
115,3,0.428918,39.0,43.792519
115,3,0.439916,40.0,46.662857
115,3,0.450914,41.0,49.533195
115,3,0.461912,42.0,52.403533
115,3,0.47291,43.0,55.273802
115,3,0.483908,44.0,58.14414
115,3,0.494906,45.0,61.014478
115,3,0.505904,46.0,63.884816
115,3,0.516902,47.0,66.755154
115,3,0.5279,48.0,68.872641
115,3,0.538898,49.0,68.590564
115,3,0.549895,50.0,68.308487
115,3,0.560893,51.0,68.02641
115,3,0.571891,52.0,67.744333
115,3,0.582889,53.0,67.462263
115,3,0.593887,54.0,67.180186
115,3,0.604885,55.0,66.898109
115,3,0.615883,56.0,66.616032
115,3,0.626881,57.0,66.333955
115,3,0.637879,58.0,66.051885
115,3,0.648877,59.0,65.769808
115,3,0.659875,60.0,64.215065
115,3,0.670873,61.0,60.735399
115,3,0.68187,62.0,57.255732
115,3,0.692868,63.0,53.776151
115,3,0.703866,64.0,50.296484
115,3,0.714864,65.0,46.816818
115,3,0.725862,66.0,43.337152
115,3,0.73686,67.0,39.857486
115,3,0.747858,68.0,37.318293
115,3,0.758856,69.0,35.115799
115,3,0.769854,70.0,32.913305
115,3,0.780852,71.0,30.710811
115,3,0.79185,72.0,28.508318
115,3,0.802847,73.0,26.305877
115,3,0.813845,74.0,24.103384
115,3,0.824843,75.0,21.90089
115,3,0.835841,76.0,19.698396
115,3,0.846839,77.0,17.495902
115,3,0.857837,78.0,15.293462
115,3,0.868835,79.0,13.090968
115,3,0.879833,80.0,12.398889
115,3,0.890831,81.0,11.714369
115,3,0.901829,82.0,11.029849
115,3,0.912827,83.0,10.345346
115,3,0.923824,84.0,9.660826
115,3,0.934822,85.0,8.976306
115,3,0.94582,86.0,8.291786
115,3,0.956818,87.0,7.607266
115,3,0.967816,88.0,6.945637
115,3,0.978814,89.0,6.836001
115,3,0.989812,90.0,6.726364
115,3,1.00081,91.0,6.616727
115,3,1.011808,92.0,6.50709
115,3,1.022806,93.0,6.397456
115,3,1.033804,94.0,6.287819
115,3,1.044801,95.0,6.178182
115,3,1.055799,96.0,6.068545
115,3,1.066797,97.0,5.958908
115,3,1.077795,98.0,5.849274
115,3,1.088793,99.0,5.739637
115,3,1.099791,100.0,5.63
115,4,0.0,0.0,5.63
115,4,0.010998,1.0,5.280403
115,4,0.021996,2.0,4.930805
115,4,0.032994,3.0,4.581208
115,4,0.043992,4.0,4.231619
115,4,0.05499,5.0,3.882022
115,4,0.065987,6.0,3.532424
115,4,0.076985,7.0,3.224735
115,4,0.087983,8.0,3.72827
115,4,0.098981,9.0,4.231805
115,4,0.109979,10.0,4.735329
115,4,0.120977,11.0,5.238864
115,4,0.131975,12.0,5.742399
115,4,0.142973,13.0,6.245934
115,4,0.153971,14.0,6.749469
115,4,0.164969,15.0,7.253005
115,4,0.175967,16.0,7.756528
115,4,0.186964,17.0,8.260063
115,4,0.197962,18.0,8.763599
115,4,0.20896,19.0,9.380581
115,4,0.219958,20.0,10.006403
115,4,0.230956,21.0,10.632225
115,4,0.241954,22.0,11.258033
115,4,0.252952,23.0,11.883855
115,4,0.26395,24.0,12.509678
115,4,0.274948,25.0,13.1355
115,4,0.285946,26.0,13.761322
115,4,0.296944,27.0,14.387145
115,4,0.307941,28.0,15.173288
115,4,0.318939,29.0,16.61501
115,4,0.329937,30.0,18.056765
115,4,0.340935,31.0,19.49852
115,4,0.351933,32.0,20.940274
115,4,0.362931,33.0,22.382029
115,4,0.373929,34.0,23.823784
115,4,0.384927,35.0,25.265506
115,4,0.395925,36.0,26.707261
115,4,0.406923,37.0,28.149015
115,4,0.417921,38.0,30.748237
115,4,0.428918,39.0,34.677852
115,4,0.439916,40.0,38.607468
115,4,0.450914,41.0,42.536995
115,4,0.461912,42.0,46.46661
115,4,0.47291,43.0,50.396226
115,4,0.483908,44.0,54.325841
115,4,0.494906,45.0,56.630235
115,4,0.505904,46.0,57.882587
115,4,0.516902,47.0,59.134911
115,4,0.5279,48.0,60.387263
115,4,0.538898,49.0,61.639615
115,4,0.549895,50.0,62.891967
115,4,0.560893,51.0,64.144319
115,4,0.571891,52.0,65.396671
115,4,0.582889,53.0,66.649023
115,4,0.593887,54.0,67.901347
115,4,0.604885,55.0,69.153699
115,4,0.615883,56.0,69.555534
115,4,0.626881,57.0,67.975433
115,4,0.637879,58.0,66.395332
115,4,0.648877,59.0,64.815232
115,4,0.659875,60.0,63.235167
115,4,0.670873,61.0,61.655066
115,4,0.68187,62.0,60.074966
115,4,0.692868,63.0,58.494865
115,4,0.703866,64.0,56.914764
115,4,0.714864,65.0,55.334664
115,4,0.725862,66.0,53.754599
115,4,0.73686,67.0,51.657916
115,4,0.747858,68.0,48.659484
115,4,0.758856,69.0,45.661052
115,4,0.769854,70.0,42.66262
115,4,0.780852,71.0,39.664188
115,4,0.79185,72.0,36.665824
115,4,0.802847,73.0,33.667392
115,4,0.813845,74.0,30.66896
115,4,0.824843,75.0,27.670812
115,4,0.835841,76.0,24.684633
115,4,0.846839,77.0,21.698455
115,4,0.857837,78.0,18.712277
115,4,0.868835,79.0,15.726166
115,4,0.879833,80.0,12.739988
115,4,0.890831,81.0,9.753809
115,4,0.901829,82.0,6.767631
115,4,0.912827,83.0,6.543452
115,4,0.923824,84.0,6.671366
115,4,0.934822,85.0,6.799277
115,4,0.94582,86.0,6.927191
115,4,0.956818,87.0,7.055105
115,4,0.967816,88.0,7.18302
115,4,0.978814,89.0,7.310934
115,4,0.989812,90.0,7.438848
115,4,1.00081,91.0,7.566759
115,4,1.011808,92.0,7.694673
115,4,1.022806,93.0,7.822588
115,4,1.033804,94.0,7.804304
115,4,1.044801,95.0,7.561919
115,4,1.055799,96.0,7.319534
115,4,1.066797,97.0,7.077155
115,4,1.077795,98.0,6.83477
115,4,1.088793,99.0,6.592385
115,4,1.099791,100.0,6.35
115,5,0.0,0.0,6.35
115,5,0.010998,1.0,6.133288
115,5,0.021996,2.0,5.916571
115,5,0.032994,3.0,5.699859
115,5,0.043992,4.0,5.483143
115,5,0.05499,5.0,5.266431
115,5,0.065987,6.0,5.049714
115,5,0.076985,7.0,4.833002
115,5,0.087983,8.0,4.616286
115,5,0.098981,9.0,4.399573
115,5,0.109979,10.0,4.209204
115,5,0.120977,11.0,4.792197
115,5,0.131975,12.0,5.375179
115,5,0.142973,13.0,5.958173
115,5,0.153971,14.0,6.541154
115,5,0.164969,15.0,7.124148
115,5,0.175967,16.0,7.707129
115,5,0.186964,17.0,8.290111
115,5,0.197962,18.0,8.601993
115,5,0.20896,19.0,8.680182
115,5,0.219958,20.0,8.758373
115,5,0.230956,21.0,8.836562
115,5,0.241954,22.0,8.914753
115,5,0.252952,23.0,8.992942
115,5,0.26395,24.0,9.071133
115,5,0.274948,25.0,9.149322
115,5,0.285946,26.0,9.227511
115,5,0.296944,27.0,9.305702
115,5,0.307941,28.0,10.437645
115,5,0.318939,29.0,11.805433
115,5,0.329937,30.0,13.173194
115,5,0.340935,31.0,14.540983
115,5,0.351933,32.0,15.908744
115,5,0.362931,33.0,17.276533
115,5,0.373929,34.0,18.973112
115,5,0.384927,35.0,20.855281
115,5,0.395925,36.0,22.737488
115,5,0.406923,37.0,24.619657
115,5,0.417921,38.0,26.501863
115,5,0.428918,39.0,28.384032
115,5,0.439916,40.0,30.266239
115,5,0.450914,41.0,32.148408
115,5,0.461912,42.0,34.030577
115,5,0.47291,43.0,35.912784
115,5,0.483908,44.0,38.541152
115,5,0.494906,45.0,42.60104
115,5,0.505904,46.0,46.660846
115,5,0.516902,47.0,50.720733
115,5,0.5279,48.0,54.780539
115,5,0.538898,49.0,58.840427
115,5,0.549895,50.0,62.900233
115,5,0.560893,51.0,65.961188
115,5,0.571891,52.0,66.159103
115,5,0.582889,53.0,66.357014
115,5,0.593887,54.0,66.554929
115,5,0.604885,55.0,66.75284
115,5,0.615883,56.0,66.950754
115,5,0.626881,57.0,67.148665
115,5,0.637879,58.0,67.34658
115,5,0.648877,59.0,67.544491
115,5,0.659875,60.0,67.742402
115,5,0.670873,61.0,66.411836
115,5,0.68187,62.0,63.260385
115,5,0.692868,63.0,60.108871
115,5,0.703866,64.0,56.957421
115,5,0.714864,65.0,53.805907
115,5,0.725862,66.0,50.654457
115,5,0.73686,67.0,47.615252
115,5,0.747858,68.0,44.774862
115,5,0.758856,69.0,41.934528
115,5,0.769854,70.0,39.094137
115,5,0.780852,71.0,36.253804
115,5,0.79185,72.0,33.413413
115,5,0.802847,73.0,30.57308
115,5,0.813845,74.0,27.732689
115,5,0.824843,75.0,24.892355
115,5,0.835841,76.0,22.052022
115,5,0.846839,77.0,19.658445
115,5,0.857837,78.0,17.95289
115,5,0.868835,79.0,16.2473
115,5,0.879833,80.0,14.541745
115,5,0.890831,81.0,12.836155
115,5,0.901829,82.0,11.612459
115,5,0.912827,83.0,11.212644
115,5,0.923824,84.0,10.812837
115,5,0.934822,85.0,10.41303
115,5,0.94582,86.0,10.013215
115,5,0.956818,87.0,9.613408
115,5,0.967816,88.0,9.213592
115,5,0.978814,89.0,8.813785
115,5,0.989812,90.0,8.41397
115,5,1.00081,91.0,8.014163
115,5,1.011808,92.0,7.614356
115,5,1.022806,93.0,7.214541
115,5,1.033804,94.0,6.817853
115,5,1.044801,95.0,6.654876
115,5,1.055799,96.0,6.491902
115,5,1.066797,97.0,6.328925
115,5,1.077795,98.0,6.165951
115,5,1.088793,99.0,6.002974
115,5,1.099791,100.0,5.84
115,6,0.0,0.0,5.84
115,6,0.010998,1.0,5.782726
115,6,0.021996,2.0,5.725452
115,6,0.032994,3.0,5.668178
115,6,0.043992,4.0,5.610905
115,6,0.05499,5.0,5.553631
115,6,0.065987,6.0,5.496357
115,6,0.076985,7.0,5.439084
115,6,0.087983,8.0,5.38181
115,6,0.098981,9.0,5.324536
115,6,0.109979,10.0,5.267263
115,6,0.120977,11.0,5.336622
115,6,0.131975,12.0,6.003807
115,6,0.142973,13.0,6.670993
115,6,0.153971,14.0,7.338178
115,6,0.164969,15.0,8.005363
115,6,0.175967,16.0,8.672548
115,6,0.186964,17.0,9.339733
115,6,0.197962,18.0,9.759089
115,6,0.20896,19.0,9.949651
115,6,0.219958,20.0,10.140217
115,6,0.230956,21.0,10.330782
115,6,0.241954,22.0,10.521348
115,6,0.252952,23.0,10.711914
115,6,0.26395,24.0,10.90248
115,6,0.274948,25.0,11.093045
115,6,0.285946,26.0,11.283611
115,6,0.296944,27.0,11.474177
115,6,0.307941,28.0,11.664743
115,6,0.318939,29.0,11.855309
115,6,0.329937,30.0,12.045874
115,6,0.340935,31.0,12.23644
115,6,0.351933,32.0,12.427002
115,6,0.362931,33.0,16.595077
115,6,0.373929,34.0,21.309054
115,6,0.384927,35.0,25.156505
115,6,0.395925,36.0,27.039785
115,6,0.406923,37.0,28.923064
115,6,0.417921,38.0,30.806344
115,6,0.428918,39.0,32.689623
115,6,0.439916,40.0,34.572903
115,6,0.450914,41.0,36.456182
115,6,0.461912,42.0,38.339462
115,6,0.47291,43.0,40.222742
115,6,0.483908,44.0,42.10598
115,6,0.494906,45.0,43.98926
115,6,0.505904,46.0,45.87254
115,6,0.516902,47.0,47.755819
115,6,0.5279,48.0,49.639099
115,6,0.538898,49.0,53.348943
115,6,0.549895,50.0,57.4625
115,6,0.560893,51.0,61.576057
115,6,0.571891,52.0,61.45422
115,6,0.582889,53.0,61.244153
115,6,0.593887,54.0,61.034086
115,6,0.604885,55.0,60.824019
115,6,0.615883,56.0,60.613952
115,6,0.626881,57.0,60.403889
115,6,0.637879,58.0,60.193822
115,6,0.648877,59.0,59.983755
115,6,0.659875,60.0,59.773688
115,6,0.670873,61.0,59.563621
115,6,0.68187,62.0,59.353554
115,6,0.692868,63.0,59.143487
115,6,0.703866,64.0,58.93342
115,6,0.714864,65.0,55.403317
115,6,0.725862,66.0,51.646644
115,6,0.73686,67.0,47.889971
115,6,0.747858,68.0,44.133298
115,6,0.758856,69.0,40.376706
115,6,0.769854,70.0,36.620033
115,6,0.780852,71.0,32.863359
115,6,0.79185,72.0,29.106686
115,6,0.802847,73.0,27.230504
115,6,0.813845,74.0,25.452658
115,6,0.824843,75.0,23.674813
115,6,0.835841,76.0,21.896967
115,6,0.846839,77.0,20.119121
115,6,0.857837,78.0,18.341276
115,6,0.868835,79.0,16.56343
115,6,0.879833,80.0,14.785585
115,6,0.890831,81.0,13.007739
115,6,0.901829,82.0,11.229932
115,6,0.912827,83.0,10.06911
115,6,0.923824,84.0,10.330574
115,6,0.934822,85.0,10.592039
115,6,0.94582,86.0,10.853503
115,6,0.956818,87.0,11.114968
115,6,0.967816,88.0,11.376432
115,6,0.978814,89.0,11.637897
115,6,0.989812,90.0,11.54689
115,6,1.00081,91.0,11.264201
115,6,1.011808,92.0,10.981511
115,6,1.022806,93.0,10.698821
115,6,1.033804,94.0,10.416138
115,6,1.044801,95.0,10.133448
115,6,1.055799,96.0,9.850759
115,6,1.066797,97.0,9.568069
115,6,1.077795,98.0,9.285379
115,6,1.088793,99.0,9.00269
115,6,1.099791,100.0,8.72
115,7,0.0,0.0,8.72
115,7,0.010998,1.0,9.210923
115,7,0.021996,2.0,9.701846
115,7,0.032994,3.0,10.192779
115,7,0.043992,4.0,10.683702
115,7,0.05499,5.0,11.174625
115,7,0.065987,6.0,11.536243
115,7,0.076985,7.0,11.778765
115,7,0.087983,8.0,12.021291
115,7,0.098981,9.0,12.263812
115,7,0.109979,10.0,12.506333
115,7,0.120977,11.0,12.748854
115,7,0.131975,12.0,12.991376
115,7,0.142973,13.0,13.233902
115,7,0.153971,14.0,13.476423
115,7,0.164969,15.0,13.718944
115,7,0.175967,16.0,13.961466
115,7,0.186964,17.0,14.203987
115,7,0.197962,18.0,14.531197
115,7,0.20896,19.0,15.215261
115,7,0.219958,20.0,15.899326
115,7,0.230956,21.0,16.58339
115,7,0.241954,22.0,17.267455
115,7,0.252952,23.0,17.951534
115,7,0.26395,24.0,18.635599
115,7,0.274948,25.0,19.319663
115,7,0.285946,26.0,20.042179
115,7,0.296944,27.0,21.327785
115,7,0.307941,28.0,22.613419
115,7,0.318939,29.0,23.899024
115,7,0.329937,30.0,25.18463
115,7,0.340935,31.0,26.470235
115,7,0.351933,32.0,27.75584
115,7,0.362931,33.0,29.041474
115,7,0.373929,34.0,30.32708
115,7,0.384927,35.0,31.612685
115,7,0.395925,36.0,32.898291
115,7,0.406923,37.0,34.183896
115,7,0.417921,38.0,35.46953
115,7,0.428918,39.0,39.527539
115,7,0.439916,40.0,44.584262
115,7,0.450914,41.0,49.640986
115,7,0.461912,42.0,54.697709
115,7,0.47291,43.0,59.754545
115,7,0.483908,44.0,64.022815
115,7,0.494906,45.0,64.283268
115,7,0.505904,46.0,64.54372
115,7,0.516902,47.0,64.804173
115,7,0.5279,48.0,65.064631
115,7,0.538898,49.0,65.325083
115,7,0.549895,50.0,65.585536
115,7,0.560893,51.0,65.845988
115,7,0.571891,52.0,66.106441
115,7,0.582889,53.0,66.366899
115,7,0.593887,54.0,66.627351
115,7,0.604885,55.0,66.887804
115,7,0.615883,56.0,67.148256
115,7,0.626881,57.0,64.85222
115,7,0.637879,58.0,58.366967
115,7,0.648877,59.0,51.881859
115,7,0.659875,60.0,45.39675
115,7,0.670873,61.0,42.167279
115,7,0.68187,62.0,40.166358
115,7,0.692868,63.0,38.165392
115,7,0.703866,64.0,36.164471
115,7,0.714864,65.0,34.16355
115,7,0.725862,66.0,32.162629
115,7,0.73686,67.0,30.161708
115,7,0.747858,68.0,28.160742
115,7,0.758856,69.0,26.159821
115,7,0.769854,70.0,24.1589
115,7,0.780852,71.0,22.157979
115,7,0.79185,72.0,20.157058
115,7,0.802847,73.0,18.156092
115,7,0.813845,74.0,16.174354
115,7,0.824843,75.0,14.8735
115,7,0.835841,76.0,13.572646
115,7,0.846839,77.0,12.271792
115,7,0.857837,78.0,10.970908
115,7,0.868835,79.0,9.670054
115,7,0.879833,80.0,8.3692
115,7,0.890831,81.0,7.335587
115,7,0.901829,82.0,7.535423
115,7,0.912827,83.0,7.735264
115,7,0.923824,84.0,7.935101
115,7,0.934822,85.0,8.134937
115,7,0.94582,86.0,8.334774
115,7,0.956818,87.0,8.534611
115,7,0.967816,88.0,8.734452
115,7,0.978814,89.0,8.934288
115,7,0.989812,90.0,9.134125
115,7,1.00081,91.0,9.333962
115,7,1.011808,92.0,9.432136
115,7,1.022806,93.0,9.168114
115,7,1.033804,94.0,8.904099
115,7,1.044801,95.0,8.640083
115,7,1.055799,96.0,8.376068
115,7,1.066797,97.0,8.112052
115,7,1.077795,98.0,7.848031
115,7,1.088793,99.0,7.584015
115,7,1.099791,100.0,7.32
115,8,0.0,0.0,7.32
115,8,0.010998,1.0,7.431662
115,8,0.021996,2.0,7.543324
115,8,0.032994,3.0,7.654985
115,8,0.043992,4.0,7.766647
115,8,0.05499,5.0,7.878309
115,8,0.065987,6.0,7.989971
115,8,0.076985,7.0,8.101632
115,8,0.087983,8.0,8.213294
115,8,0.098981,9.0,8.324956
115,8,0.109979,10.0,8.436618
115,8,0.120977,11.0,8.749841
115,8,0.131975,12.0,9.449463
115,8,0.142973,13.0,10.14907
115,8,0.153971,14.0,10.848692
115,8,0.164969,15.0,11.548314
115,8,0.175967,16.0,12.247936
115,8,0.186964,17.0,12.947558
115,8,0.197962,18.0,13.778586
115,8,0.20896,19.0,14.670871
115,8,0.219958,20.0,15.563156
115,8,0.230956,21.0,16.455441
115,8,0.241954,22.0,17.347725
115,8,0.252952,23.0,18.24001
115,8,0.26395,24.0,19.132295
115,8,0.274948,25.0,20.02458
115,8,0.285946,26.0,20.916865
115,8,0.296944,27.0,21.809149
115,8,0.307941,28.0,22.94351
115,8,0.318939,29.0,25.965253
115,8,0.329937,30.0,28.986997
115,8,0.340935,31.0,32.00874
115,8,0.351933,32.0,35.030484
115,8,0.362931,33.0,38.052228
115,8,0.373929,34.0,40.700008
115,8,0.384927,35.0,43.184661
115,8,0.395925,36.0,45.669315
115,8,0.406923,37.0,48.153969
115,8,0.417921,38.0,50.638568
115,8,0.428918,39.0,53.123222
115,8,0.439916,40.0,55.607876
115,8,0.450914,41.0,58.092529
115,8,0.461912,42.0,60.577183
115,8,0.47291,43.0,63.061836
115,8,0.483908,44.0,65.54649
115,8,0.494906,45.0,68.031144
115,8,0.505904,46.0,68.733664
115,8,0.516902,47.0,68.335136
115,8,0.5279,48.0,67.936607
115,8,0.538898,49.0,67.538079
115,8,0.549895,50.0,67.139551
115,8,0.560893,51.0,66.741022
115,8,0.571891,52.0,66.342494
115,8,0.582889,53.0,65.943965
115,8,0.593887,54.0,64.142262
115,8,0.604885,55.0,61.778598
115,8,0.615883,56.0,59.414934
115,8,0.626881,57.0,57.051271
115,8,0.637879,58.0,54.687607
115,8,0.648877,59.0,52.323943
115,8,0.659875,60.0,49.96028
115,8,0.670873,61.0,47.596616
115,8,0.68187,62.0,45.232952
115,8,0.692868,63.0,42.86934
115,8,0.703866,64.0,40.480112
115,8,0.714864,65.0,37.666611
115,8,0.725862,66.0,34.85311
115,8,0.73686,67.0,32.039609
115,8,0.747858,68.0,29.226108
115,8,0.758856,69.0,26.412607
115,8,0.769854,70.0,23.599106
115,8,0.780852,71.0,21.584804
115,8,0.79185,72.0,20.789034
115,8,0.802847,73.0,19.993264
115,8,0.813845,74.0,19.197493
115,8,0.824843,75.0,18.401723
115,8,0.835841,76.0,17.605952
115,8,0.846839,77.0,16.810182
115,8,0.857837,78.0,16.014411
115,8,0.868835,79.0,15.218641
115,8,0.879833,80.0,14.42287
115,8,0.890831,81.0,13.6271
115,8,0.901829,82.0,13.145648
115,8,0.912827,83.0,12.72962
115,8,0.923824,84.0,12.313593
115,8,0.934822,85.0,11.897565
115,8,0.94582,86.0,11.481537
115,8,0.956818,87.0,11.065509
115,8,0.967816,88.0,10.649491
115,8,0.978814,89.0,10.233463
115,8,0.989812,90.0,9.952924
115,8,1.00081,91.0,9.883631
115,8,1.011808,92.0,9.814339
115,8,1.022806,93.0,9.745047
115,8,1.033804,94.0,9.675754
115,8,1.044801,95.0,9.606462
115,8,1.055799,96.0,9.537169
115,8,1.066797,97.0,9.467877
115,8,1.077795,98.0,9.398585
115,8,1.088793,99.0,9.329292
115,8,1.099791,100.0,9.26
115,9,0.0,0.0,9.26
115,9,0.010998,1.0,8.933383
115,9,0.021996,2.0,8.606765
115,9,0.032994,3.0,8.280148
115,9,0.043992,4.0,7.953538
115,9,0.05499,5.0,7.62692
115,9,0.065987,6.0,7.300303
115,9,0.076985,7.0,7.059627
115,9,0.087983,8.0,7.339081
115,9,0.098981,9.0,7.618535
115,9,0.109979,10.0,7.897983
115,9,0.120977,11.0,8.177437
115,9,0.131975,12.0,8.456892
115,9,0.142973,13.0,8.736346
115,9,0.153971,14.0,9.0158
115,9,0.164969,15.0,9.295254
115,9,0.175967,16.0,9.574702
115,9,0.186964,17.0,9.854157
115,9,0.197962,18.0,10.133611
115,9,0.20896,19.0,10.413065
115,9,0.219958,20.0,10.853074
115,9,0.230956,21.0,11.751231
115,9,0.241954,22.0,12.649368
115,9,0.252952,23.0,13.547524
115,9,0.26395,24.0,14.445681
115,9,0.274948,25.0,15.343838
115,9,0.285946,26.0,16.241995
115,9,0.296944,27.0,17.494905
115,9,0.307941,28.0,18.915266
115,9,0.318939,29.0,20.335596
115,9,0.329937,30.0,21.755957
115,9,0.340935,31.0,23.176319
115,9,0.351933,32.0,24.59668
115,9,0.362931,33.0,26.017042
115,9,0.373929,34.0,27.437403
115,9,0.384927,35.0,28.857733
115,9,0.395925,36.0,30.278094
115,9,0.406923,37.0,31.698456
115,9,0.417921,38.0,33.118817
115,9,0.428918,39.0,34.539179
115,9,0.439916,40.0,35.95954
115,9,0.450914,41.0,37.379869
115,9,0.461912,42.0,41.333396
115,9,0.47291,43.0,49.292848
115,9,0.483908,44.0,57.252301
115,9,0.494906,45.0,60.551939
115,9,0.505904,46.0,60.835177
115,9,0.516902,47.0,61.118409
115,9,0.5279,48.0,61.401648
115,9,0.538898,49.0,61.684886
115,9,0.549895,50.0,61.968125
115,9,0.560893,51.0,62.251364
115,9,0.571891,52.0,62.534602
115,9,0.582889,53.0,62.817841
115,9,0.593887,54.0,63.101073
115,9,0.604885,55.0,63.384311
115,9,0.615883,56.0,61.720457
115,9,0.626881,57.0,57.994297
115,9,0.637879,58.0,54.268136
115,9,0.648877,59.0,50.541976
115,9,0.659875,60.0,46.8159
115,9,0.670873,61.0,43.08974
115,9,0.68187,62.0,40.846531
115,9,0.692868,63.0,38.723691
115,9,0.703866,64.0,36.600851
115,9,0.714864,65.0,34.47801
115,9,0.725862,66.0,32.355218
115,9,0.73686,67.0,30.232378
115,9,0.747858,68.0,28.109538
115,9,0.758856,69.0,25.986697
115,9,0.769854,70.0,23.863857
115,9,0.780852,71.0,21.741017
115,9,0.79185,72.0,19.618225
115,9,0.802847,73.0,17.495384
115,9,0.813845,74.0,15.765418
115,9,0.824843,75.0,14.593062
115,9,0.835841,76.0,13.420706
115,9,0.846839,77.0,12.24835
115,9,0.857837,78.0,11.075994
115,9,0.868835,79.0,9.903665
115,9,0.879833,80.0,8.731309
115,9,0.890831,81.0,7.558953
115,9,0.901829,82.0,6.664441
115,9,0.912827,83.0,7.176299
115,9,0.923824,84.0,7.688157
115,9,0.934822,85.0,8.200004
115,9,0.94582,86.0,8.711862
115,9,0.956818,87.0,9.22372
115,9,0.967816,88.0,9.735578
115,9,0.978814,89.0,10.247436
115,9,0.989812,90.0,10.759294
115,9,1.00081,91.0,11.27114
115,9,1.011808,92.0,11.782998
115,9,1.022806,93.0,12.294856
115,9,1.033804,94.0,12.315896
115,9,1.044801,95.0,12.31158
115,9,1.055799,96.0,12.307264
115,9,1.066797,97.0,12.302948
115,9,1.077795,98.0,12.298632
115,9,1.088793,99.0,12.294316
115,9,1.099791,100.0,12.29
115,10,0.0,0.0,12.29
115,10,0.010998,1.0,12.231426
115,10,0.021996,2.0,12.172851
115,10,0.032994,3.0,12.114277
115,10,0.043992,4.0,12.055702
115,10,0.05499,5.0,11.997128
115,10,0.065987,6.0,11.938554
115,10,0.076985,7.0,11.879979
115,10,0.087983,8.0,11.821405
115,10,0.098981,9.0,11.762831
115,10,0.109979,10.0,11.704256
115,10,0.120977,11.0,11.746202
115,10,0.131975,12.0,12.098846
115,10,0.142973,13.0,12.45149
115,10,0.153971,14.0,12.804135
115,10,0.164969,15.0,13.156779
115,10,0.175967,16.0,13.509423
115,10,0.186964,17.0,13.862067
115,10,0.197962,18.0,14.214712
115,10,0.20896,19.0,14.567356
115,10,0.219958,20.0,14.92
115,10,0.230956,21.0,15.616429
115,10,0.241954,22.0,16.312857
115,10,0.252952,23.0,17.009286
115,10,0.26395,24.0,17.705714
115,10,0.274948,25.0,18.402143
115,10,0.285946,26.0,19.098571
115,10,0.296944,27.0,19.795
115,10,0.307941,28.0,20.491429
115,10,0.318939,29.0,21.187857
115,10,0.329937,30.0,23.266
115,10,0.340935,31.0,26.035
115,10,0.351933,32.0,28.804
115,10,0.362931,33.0,31.573
115,10,0.373929,34.0,34.342
115,10,0.384927,35.0,37.111
115,10,0.395925,36.0,39.88
115,10,0.406923,37.0,42.410313
115,10,0.417921,38.0,44.940625
115,10,0.428918,39.0,47.470938
115,10,0.439916,40.0,50.00125
115,10,0.450914,41.0,52.531563
115,10,0.461912,42.0,55.061875
115,10,0.47291,43.0,57.592188
115,10,0.483908,44.0,60.1225
115,10,0.494906,45.0,62.652813
115,10,0.505904,46.0,65.183125
115,10,0.516902,47.0,66.855833
115,10,0.5279,48.0,66.813333
115,10,0.538898,49.0,66.770833
115,10,0.549895,50.0,66.728333
115,10,0.560893,51.0,66.685833
115,10,0.571891,52.0,66.643333
115,10,0.582889,53.0,66.600833
115,10,0.593887,54.0,66.558333
115,10,0.604885,55.0,65.759375
115,10,0.615883,56.0,63.4475
115,10,0.626881,57.0,61.135625
115,10,0.637879,58.0,58.82375
115,10,0.648877,59.0,56.511875
115,10,0.659875,60.0,54.2
115,10,0.670873,61.0,51.888125
115,10,0.68187,62.0,49.57625
115,10,0.692868,63.0,47.264375
115,10,0.703866,64.0,44.9525
115,10,0.714864,65.0,42.640625
115,10,0.725862,66.0,39.187
115,10,0.73686,67.0,35.1625
115,10,0.747858,68.0,31.138
115,10,0.758856,69.0,27.1135
115,10,0.769854,70.0,23.089
115,10,0.780852,71.0,19.0645
115,10,0.79185,72.0,15.04
115,10,0.802847,73.0,14.387314
115,10,0.813845,74.0,13.734628
115,10,0.824843,75.0,13.081942
115,10,0.835841,76.0,12.429256
115,10,0.846839,77.0,11.77657
115,10,0.857837,78.0,11.123884
115,10,0.868835,79.0,10.471198
115,10,0.879833,80.0,9.818512
115,10,0.890831,81.0,9.165826
115,10,0.901829,82.0,8.51314
115,10,0.912827,83.0,8.016333
115,10,0.923824,84.0,8.001333
115,10,0.934822,85.0,7.986333
115,10,0.94582,86.0,7.971333
115,10,0.956818,87.0,7.956333
115,10,0.967816,88.0,7.941333
115,10,0.978814,89.0,7.383134
115,10,0.989812,90.0,6.77194
115,10,1.00081,91.0,6.160746
115,10,1.011808,92.0,5.549552
115,10,1.022806,93.0,4.938358
115,10,1.033804,94.0,4.327164
115,10,1.044801,95.0,3.71597
115,10,1.055799,96.0,3.104776
115,10,1.066797,97.0,2.493582
115,10,1.077795,98.0,1.882388
115,10,1.088793,99.0,1.271194
115,10,1.099791,100.0,0.66
